model,horizon,fold_id,metric,value,source
Naive,1,0,MAE,0.2822222222222215,classical_post_audit
Naive,1,0,RMSE,0.350238014308365,classical_post_audit
Naive,1,0,MAPE,0.4194665807930893,classical_post_audit
Naive,1,0,sMAPE,0.4194024028535923,classical_post_audit
Naive,1,0,R2,-0.0172094308909771,classical_post_audit
Naive,1,0,MASE,0.5599982273628683,classical_post_audit
Naive,1,0,DA,62.121212121212125,classical_post_audit
Naive,1,0,HitRate_0.5pct,2.2222222222222223,classical_post_audit
Naive,1,0,fit_seconds,0.001011848449707,classical_post_audit
Naive,1,0,pred_seconds,0.0,classical_post_audit
Naive,1,0,n_eval,90.0,classical_post_audit
SeasonalNaive,1,0,MAE,0.2988888888888891,classical_post_audit
SeasonalNaive,1,0,RMSE,0.3772709017845582,classical_post_audit
SeasonalNaive,1,0,MAPE,0.443575824632365,classical_post_audit
SeasonalNaive,1,0,sMAPE,0.4442521861189897,classical_post_audit
SeasonalNaive,1,0,R2,-0.1802946385610033,classical_post_audit
SeasonalNaive,1,0,MASE,0.5930689888213074,classical_post_audit
SeasonalNaive,1,0,DA,60.60606060606061,classical_post_audit
SeasonalNaive,1,0,HitRate_0.5pct,3.333333333333333,classical_post_audit
SeasonalNaive,1,0,fit_seconds,0.0006194114685058,classical_post_audit
SeasonalNaive,1,0,pred_seconds,0.0,classical_post_audit
SeasonalNaive,1,0,n_eval,90.0,classical_post_audit
RollingNaive,1,0,MAE,0.1527777777777776,classical_post_audit
RollingNaive,1,0,RMSE,0.2174984035701302,classical_post_audit
RollingNaive,1,0,MAPE,0.2270396532846111,classical_post_audit
RollingNaive,1,0,sMAPE,0.2269359997888657,classical_post_audit
RollingNaive,1,0,R2,0.6077201855055876,classical_post_audit
RollingNaive,1,0,MASE,0.3031486467023406,classical_post_audit
RollingNaive,1,0,DA,,classical_post_audit
RollingNaive,1,0,HitRate_0.5pct,0.0,classical_post_audit
RollingNaive,1,0,fit_seconds,0.0,classical_post_audit
RollingNaive,1,0,pred_seconds,0.0,classical_post_audit
RollingNaive,1,0,n_eval,90.0,classical_post_audit
AutoARIMA,1,0,MAE,1.4399135906820353,classical_post_audit
AutoARIMA,1,0,RMSE,1.6806587342964725,classical_post_audit
AutoARIMA,1,0,MAPE,2.1435863209788235,classical_post_audit
AutoARIMA,1,0,sMAPE,2.1127557433952933,classical_post_audit
AutoARIMA,1,0,R2,-22.423019919791194,classical_post_audit
AutoARIMA,1,0,MASE,2.8571423326924417,classical_post_audit
AutoARIMA,1,0,DA,52.05479452054794,classical_post_audit
AutoARIMA,1,0,HitRate_0.5pct,3.333333333333333,classical_post_audit
AutoARIMA,1,0,fit_seconds,2.1476621627807617,classical_post_audit
AutoARIMA,1,0,pred_seconds,0.0066471099853515,classical_post_audit
AutoARIMA,1,0,n_eval,90.0,classical_post_audit
AutoETS,1,0,MAE,1.5493613153111214,classical_post_audit
AutoETS,1,0,RMSE,1.8008176932400086,classical_post_audit
AutoETS,1,0,MAPE,2.3063202038363664,classical_post_audit
AutoETS,1,0,sMAPE,2.270969598024034,classical_post_audit
AutoETS,1,0,R2,-25.892012971794063,classical_post_audit
AutoETS,1,0,MASE,3.0743135082950754,classical_post_audit
AutoETS,1,0,DA,52.05479452054794,classical_post_audit
AutoETS,1,0,HitRate_0.5pct,3.333333333333333,classical_post_audit
AutoETS,1,0,fit_seconds,0.7344412803649902,classical_post_audit
AutoETS,1,0,pred_seconds,0.0136468410491943,classical_post_audit
AutoETS,1,0,n_eval,90.0,classical_post_audit
AutoTheta,1,0,MAE,1.4617594007389434,classical_post_audit
AutoTheta,1,0,RMSE,1.702493377502614,classical_post_audit
AutoTheta,1,0,MAPE,2.176058483450612,classical_post_audit
AutoTheta,1,0,sMAPE,2.144429480520956,classical_post_audit
AutoTheta,1,0,R2,-23.03558387531206,classical_post_audit
AutoTheta,1,0,MASE,2.900489787087942,classical_post_audit
AutoTheta,1,0,DA,52.05479452054794,classical_post_audit
AutoTheta,1,0,HitRate_0.5pct,3.333333333333333,classical_post_audit
AutoTheta,1,0,fit_seconds,0.637498140335083,classical_post_audit
AutoTheta,1,0,pred_seconds,0.0175075531005859,classical_post_audit
AutoTheta,1,0,n_eval,90.0,classical_post_audit
HistoricAverage,1,0,MAE,14.306764444444449,classical_post_audit
HistoricAverage,1,0,RMSE,14.310978311312072,classical_post_audit
HistoricAverage,1,0,MAPE,21.27050130561853,classical_post_audit
HistoricAverage,1,0,sMAPE,23.80304397609596,classical_post_audit
HistoricAverage,1,0,R2,-1697.331485618647,classical_post_audit
HistoricAverage,1,0,MASE,28.388135651056384,classical_post_audit
HistoricAverage,1,0,DA,49.31506849315068,classical_post_audit
HistoricAverage,1,0,HitRate_0.5pct,2.2222222222222223,classical_post_audit
HistoricAverage,1,0,fit_seconds,0.0089545249938964,classical_post_audit
HistoricAverage,1,0,pred_seconds,0.0148169994354248,classical_post_audit
HistoricAverage,1,0,n_eval,90.0,classical_post_audit
Prophet,1,0,MAE,1.814204233482066,classical_post_audit
Prophet,1,0,RMSE,2.514372802553274,classical_post_audit
Prophet,1,0,MAPE,2.699081067915697,classical_post_audit
Prophet,1,0,sMAPE,2.6314499651938985,classical_post_audit
Prophet,1,0,R2,-51.42556924290658,classical_post_audit
Prophet,1,0,MASE,3.599826926542338,classical_post_audit
Prophet,1,0,DA,57.53424657534247,classical_post_audit
Prophet,1,0,HitRate_0.5pct,3.333333333333333,classical_post_audit
Prophet,1,0,fit_seconds,8.061647891998291,classical_post_audit
Prophet,1,0,pred_seconds,0.2266163825988769,classical_post_audit
Prophet,1,0,n_eval,90.0,classical_post_audit
MLForecast_LGBM,1,0,MAE,0.8082794215734673,classical_post_audit
MLForecast_LGBM,1,0,RMSE,0.9047933204501788,classical_post_audit
MLForecast_LGBM,1,0,MAPE,1.1994086249489295,classical_post_audit
MLForecast_LGBM,1,0,sMAPE,1.208466214007364,classical_post_audit
MLForecast_LGBM,1,0,R2,-5.7886369814629495,classical_post_audit
MLForecast_LGBM,1,0,MASE,1.6038249565571838,classical_post_audit
MLForecast_LGBM,1,0,DA,49.31506849315068,classical_post_audit
MLForecast_LGBM,1,0,HitRate_0.5pct,2.2222222222222223,classical_post_audit
MLForecast_LGBM,1,0,fit_seconds,14.317008972167969,classical_post_audit
MLForecast_LGBM,1,0,pred_seconds,1.111731767654419,classical_post_audit
MLForecast_LGBM,1,0,n_eval,90.0,classical_post_audit
Naive,5,0,MAE,0.2895348837209294,classical_post_audit
Naive,5,0,RMSE,0.3571528237811981,classical_post_audit
Naive,5,0,MAPE,0.4303249148615368,classical_post_audit
Naive,5,0,sMAPE,0.4302642016303161,classical_post_audit
Naive,5,0,R2,-0.01554392990161,classical_post_audit
Naive,5,0,MASE,0.5745083444058725,classical_post_audit
Naive,5,0,DA,63.38028169014085,classical_post_audit
Naive,5,0,HitRate_0.5pct,19.76744186046512,classical_post_audit
Naive,5,0,fit_seconds,0.0011281967163085,classical_post_audit
Naive,5,0,pred_seconds,0.0,classical_post_audit
Naive,5,0,n_eval,86.0,classical_post_audit
SeasonalNaive,5,0,MAE,0.3046511627906977,classical_post_audit
SeasonalNaive,5,0,RMSE,0.3827683737026573,classical_post_audit
SeasonalNaive,5,0,MAPE,0.4521102359287176,classical_post_audit
SeasonalNaive,5,0,sMAPE,0.4528013869793856,classical_post_audit
SeasonalNaive,5,0,R2,-0.1664406122844426,classical_post_audit
SeasonalNaive,5,0,MASE,0.6045027559612008,classical_post_audit
SeasonalNaive,5,0,DA,69.01408450704226,classical_post_audit
SeasonalNaive,5,0,HitRate_0.5pct,22.093023255813957,classical_post_audit
SeasonalNaive,5,0,fit_seconds,0.0016119480133056,classical_post_audit
SeasonalNaive,5,0,pred_seconds,0.0009999275207519,classical_post_audit
SeasonalNaive,5,0,n_eval,86.0,classical_post_audit
RollingNaive,5,0,MAE,0.2738372093023262,classical_post_audit
RollingNaive,5,0,RMSE,0.3413805760063375,classical_post_audit
RollingNaive,5,0,MAPE,0.4067397136645106,classical_post_audit
RollingNaive,5,0,sMAPE,0.4067811005216328,classical_post_audit
RollingNaive,5,0,R2,0.0721705526491416,classical_post_audit
RollingNaive,5,0,MASE,0.5433603016368821,classical_post_audit
RollingNaive,5,0,DA,,classical_post_audit
RollingNaive,5,0,HitRate_0.5pct,0.0,classical_post_audit
RollingNaive,5,0,fit_seconds,0.0015697479248046,classical_post_audit
RollingNaive,5,0,pred_seconds,0.0019171237945556,classical_post_audit
RollingNaive,5,0,n_eval,86.0,classical_post_audit
AutoARIMA,5,0,MAE,1.4993565734376482,classical_post_audit
AutoARIMA,5,0,RMSE,1.7188149778436688,classical_post_audit
AutoARIMA,5,0,MAPE,2.2320770962919214,classical_post_audit
AutoARIMA,5,0,sMAPE,2.1998306046571483,classical_post_audit
AutoARIMA,5,0,R2,-22.520621722674058,classical_post_audit
AutoARIMA,5,0,MASE,2.975091814877774,classical_post_audit
AutoARIMA,5,0,DA,42.5,classical_post_audit
AutoARIMA,5,0,HitRate_0.5pct,15.11627906976744,classical_post_audit
AutoARIMA,5,0,fit_seconds,9.273824214935305,classical_post_audit
AutoARIMA,5,0,pred_seconds,0.0232973098754882,classical_post_audit
AutoARIMA,5,0,n_eval,86.0,classical_post_audit
AutoETS,5,0,MAE,1.6133059020438625,classical_post_audit
AutoETS,5,0,RMSE,1.8416883783598856,classical_post_audit
AutoETS,5,0,MAPE,2.401502644181237,classical_post_audit
AutoETS,5,0,sMAPE,2.364529259496864,classical_post_audit
AutoETS,5,0,R2,-26.00367257611944,classical_post_audit
AutoETS,5,0,MASE,3.201195278758885,classical_post_audit
AutoETS,5,0,DA,42.5,classical_post_audit
AutoETS,5,0,HitRate_0.5pct,15.11627906976744,classical_post_audit
AutoETS,5,0,fit_seconds,1.8359763622283936,classical_post_audit
AutoETS,5,0,pred_seconds,0.0168492794036865,classical_post_audit
AutoETS,5,0,n_eval,86.0,classical_post_audit
AutoTheta,5,0,MAE,1.5212848830151386,classical_post_audit
AutoTheta,5,0,RMSE,1.741017387946559,classical_post_audit
AutoTheta,5,0,MAPE,2.2646701300190206,classical_post_audit
AutoTheta,5,0,sMAPE,2.231592702688884,classical_post_audit
AutoTheta,5,0,R2,-23.13219107816978,classical_post_audit
AutoTheta,5,0,MASE,3.018602968591211,classical_post_audit
AutoTheta,5,0,DA,42.5,classical_post_audit
AutoTheta,5,0,HitRate_0.5pct,15.11627906976744,classical_post_audit
AutoTheta,5,0,fit_seconds,0.7155919075012207,classical_post_audit
AutoTheta,5,0,pred_seconds,0.0216810703277587,classical_post_audit
AutoTheta,5,0,n_eval,86.0,classical_post_audit
HistoricAverage,5,0,MAE,14.308133953488376,classical_post_audit
HistoricAverage,5,0,RMSE,14.31252259260384,classical_post_audit
HistoricAverage,5,0,MAPE,21.27201745570961,classical_post_audit
HistoricAverage,5,0,sMAPE,23.80499039679424,classical_post_audit
HistoricAverage,5,0,R2,-1629.883386854645,classical_post_audit
HistoricAverage,5,0,MASE,28.3908530934708,classical_post_audit
HistoricAverage,5,0,DA,57.49999999999999,classical_post_audit
HistoricAverage,5,0,HitRate_0.5pct,15.11627906976744,classical_post_audit
HistoricAverage,5,0,fit_seconds,0.0148396492004394,classical_post_audit
HistoricAverage,5,0,pred_seconds,0.019902229309082,classical_post_audit
HistoricAverage,5,0,n_eval,86.0,classical_post_audit
Prophet,5,0,MAE,1.8835882568973072,classical_post_audit
Prophet,5,0,RMSE,2.5710594545797494,classical_post_audit
Prophet,5,0,MAPE,2.8023258379245526,classical_post_audit
Prophet,5,0,sMAPE,2.7314851803731206,classical_post_audit
Prophet,5,0,R2,-51.62774691985296,classical_post_audit
Prophet,5,0,MASE,3.737501875785862,classical_post_audit
Prophet,5,0,DA,55.00000000000001,classical_post_audit
Prophet,5,0,HitRate_0.5pct,18.6046511627907,classical_post_audit
Prophet,5,0,fit_seconds,1.29917311668396,classical_post_audit
Prophet,5,0,pred_seconds,0.2032094001770019,classical_post_audit
Prophet,5,0,n_eval,86.0,classical_post_audit
MLForecast_LGBM,5,0,MAE,0.8341155969525978,classical_post_audit
MLForecast_LGBM,5,0,RMSE,0.9237179299918316,classical_post_audit
MLForecast_LGBM,5,0,MAPE,1.2377130801410126,classical_post_audit
MLForecast_LGBM,5,0,sMAPE,1.247153508559934,classical_post_audit
MLForecast_LGBM,5,0,R2,-5.793119987230464,classical_post_audit
MLForecast_LGBM,5,0,MASE,1.6550902761348782,classical_post_audit
MLForecast_LGBM,5,0,DA,57.49999999999999,classical_post_audit
MLForecast_LGBM,5,0,HitRate_0.5pct,15.11627906976744,classical_post_audit
MLForecast_LGBM,5,0,fit_seconds,0.3732237815856933,classical_post_audit
MLForecast_LGBM,5,0,pred_seconds,1.0819697380065918,classical_post_audit
MLForecast_LGBM,5,0,n_eval,86.0,classical_post_audit
Naive,20,0,MAE,0.3056338028169004,classical_post_audit
Naive,20,0,RMSE,0.3751056189290055,classical_post_audit
Naive,20,0,MAPE,0.4544231865189284,classical_post_audit
Naive,20,0,sMAPE,0.4542730303698779,classical_post_audit
Naive,20,0,R2,-0.0365342179485264,classical_post_audit
Naive,20,0,MASE,0.6064525551955646,classical_post_audit
Naive,20,0,DA,85.24590163934425,classical_post_audit
Naive,20,0,HitRate_0.5pct,57.74647887323944,classical_post_audit
Naive,20,0,fit_seconds,0.0,classical_post_audit
Naive,20,0,pred_seconds,0.0,classical_post_audit
Naive,20,0,n_eval,71.0,classical_post_audit
SeasonalNaive,20,0,MAE,0.312676056338028,classical_post_audit
SeasonalNaive,20,0,RMSE,0.3907378358158171,classical_post_audit
SeasonalNaive,20,0,MAPE,0.4641802095223052,classical_post_audit
SeasonalNaive,20,0,sMAPE,0.4647857957862611,classical_post_audit
SeasonalNaive,20,0,R2,-0.1247278200762838,classical_post_audit
SeasonalNaive,20,0,MASE,0.6204261163751876,classical_post_audit
SeasonalNaive,20,0,DA,83.60655737704919,classical_post_audit
SeasonalNaive,20,0,HitRate_0.5pct,57.74647887323944,classical_post_audit
SeasonalNaive,20,0,fit_seconds,0.0,classical_post_audit
SeasonalNaive,20,0,pred_seconds,0.0,classical_post_audit
SeasonalNaive,20,0,n_eval,71.0,classical_post_audit
RollingNaive,20,0,MAE,0.5225352112676056,classical_post_audit
RollingNaive,20,0,RMSE,0.6420148741201794,classical_post_audit
RollingNaive,20,0,MAPE,0.7762249493394285,classical_post_audit
RollingNaive,20,0,sMAPE,0.7763731761041537,classical_post_audit
RollingNaive,20,0,R2,-2.036453842669043,classical_post_audit
RollingNaive,20,0,MASE,1.036838239527904,classical_post_audit
RollingNaive,20,0,DA,,classical_post_audit
RollingNaive,20,0,HitRate_0.5pct,0.0,classical_post_audit
RollingNaive,20,0,fit_seconds,0.001000165939331,classical_post_audit
RollingNaive,20,0,pred_seconds,0.001004934310913,classical_post_audit
RollingNaive,20,0,n_eval,71.0,classical_post_audit
AutoARIMA,20,0,MAE,1.757481794743339,classical_post_audit
AutoARIMA,20,0,RMSE,1.8864050213628167,classical_post_audit
AutoARIMA,20,0,MAPE,2.6164762299110444,classical_post_audit
AutoARIMA,20,0,sMAPE,2.577637395261924,classical_post_audit
AutoARIMA,20,0,R2,-25.214790517476143,classical_post_audit
AutoARIMA,20,0,MASE,3.4872756720901825,classical_post_audit
AutoARIMA,20,0,DA,47.05882352941176,classical_post_audit
AutoARIMA,20,0,HitRate_0.5pct,29.577464788732392,classical_post_audit
AutoARIMA,20,0,fit_seconds,8.541072607040405,classical_post_audit
AutoARIMA,20,0,pred_seconds,0.022010326385498,classical_post_audit
AutoARIMA,20,0,n_eval,71.0,classical_post_audit
AutoETS,20,0,MAE,1.88729763587011,classical_post_audit
AutoETS,20,0,RMSE,2.020863950708019,classical_post_audit
AutoETS,20,0,MAPE,2.809524570034733,classical_post_audit
AutoETS,20,0,sMAPE,2.76501021042779,classical_post_audit
AutoETS,20,0,R2,-29.08504445739993,classical_post_audit
AutoETS,20,0,MASE,3.744862195015972,classical_post_audit
AutoETS,20,0,DA,47.05882352941176,classical_post_audit
AutoETS,20,0,HitRate_0.5pct,29.577464788732392,classical_post_audit
AutoETS,20,0,fit_seconds,1.866358518600464,classical_post_audit
AutoETS,20,0,pred_seconds,0.013284683227539,classical_post_audit
AutoETS,20,0,n_eval,71.0,classical_post_audit
AutoTheta,20,0,MAE,1.7813525081970984,classical_post_audit
AutoTheta,20,0,RMSE,1.9105328832391508,classical_post_audit
AutoTheta,20,0,MAPE,2.651967978484169,classical_post_audit
AutoTheta,20,0,sMAPE,2.612138356927666,classical_post_audit
AutoTheta,20,0,R2,-25.88967405852189,classical_post_audit
AutoTheta,20,0,MASE,3.534641032318502,classical_post_audit
AutoTheta,20,0,DA,47.05882352941176,classical_post_audit
AutoTheta,20,0,HitRate_0.5pct,29.577464788732392,classical_post_audit
AutoTheta,20,0,fit_seconds,0.7487320899963379,classical_post_audit
AutoTheta,20,0,pred_seconds,0.019054889678955,classical_post_audit
AutoTheta,20,0,n_eval,71.0,classical_post_audit
HistoricAverage,20,0,MAE,14.281897464788738,classical_post_audit
HistoricAverage,20,0,RMSE,14.286649015308852,classical_post_audit
HistoricAverage,20,0,MAPE,21.24111836996737,classical_post_audit
HistoricAverage,20,0,sMAPE,23.76640121293544,classical_post_audit
HistoricAverage,20,0,R2,-1502.6170956417263,classical_post_audit
HistoricAverage,20,0,MASE,28.33879345391324,classical_post_audit
HistoricAverage,20,0,DA,52.94117647058824,classical_post_audit
HistoricAverage,20,0,HitRate_0.5pct,35.2112676056338,classical_post_audit
HistoricAverage,20,0,fit_seconds,0.0146529674530029,classical_post_audit
HistoricAverage,20,0,pred_seconds,0.0174005031585693,classical_post_audit
HistoricAverage,20,0,n_eval,71.0,classical_post_audit
Prophet,20,0,MAE,2.249485421959042,classical_post_audit
Prophet,20,0,RMSE,2.828377045753962,classical_post_audit
Prophet,20,0,MAPE,3.346894057881693,classical_post_audit
Prophet,20,0,sMAPE,3.261008502729782,classical_post_audit
Prophet,20,0,R2,-57.93199074949267,classical_post_audit
Prophet,20,0,MASE,4.463531747630364,classical_post_audit
Prophet,20,0,DA,54.41176470588235,classical_post_audit
Prophet,20,0,HitRate_0.5pct,36.61971830985916,classical_post_audit
Prophet,20,0,fit_seconds,1.2567603588104248,classical_post_audit
Prophet,20,0,pred_seconds,0.2329375743865966,classical_post_audit
Prophet,20,0,n_eval,71.0,classical_post_audit
MLForecast_LGBM,20,0,MAE,0.8269049874171026,classical_post_audit
MLForecast_LGBM,20,0,RMSE,0.9074249785795414,classical_post_audit
MLForecast_LGBM,20,0,MAPE,1.227418262087736,classical_post_audit
MLForecast_LGBM,20,0,sMAPE,1.2365281684755536,classical_post_audit
MLForecast_LGBM,20,0,R2,-5.065937953955417,classical_post_audit
MLForecast_LGBM,20,0,MASE,1.6407826552597806,classical_post_audit
MLForecast_LGBM,20,0,DA,52.94117647058824,classical_post_audit
MLForecast_LGBM,20,0,HitRate_0.5pct,35.2112676056338,classical_post_audit
MLForecast_LGBM,20,0,fit_seconds,0.4746801853179931,classical_post_audit
MLForecast_LGBM,20,0,pred_seconds,1.1814632415771484,classical_post_audit
MLForecast_LGBM,20,0,n_eval,71.0,classical_post_audit
Naive,1,1,MAE,0.329444444444444,classical_post_audit
Naive,1,1,RMSE,0.3581200915893995,classical_post_audit
Naive,1,1,MAPE,0.4907565424098433,classical_post_audit
Naive,1,1,sMAPE,0.4921483660747182,classical_post_audit
Naive,1,1,R2,-3.2159677763009427,classical_post_audit
Naive,1,1,MASE,0.6799452581742852,classical_post_audit
Naive,1,1,DA,52.94117647058824,classical_post_audit
Naive,1,1,HitRate_0.5pct,2.2222222222222223,classical_post_audit
Naive,1,1,fit_seconds,0.0010030269622802,classical_post_audit
Naive,1,1,pred_seconds,0.0,classical_post_audit
Naive,1,1,n_eval,90.0,classical_post_audit
SeasonalNaive,1,1,MAE,0.1794444444444443,classical_post_audit
SeasonalNaive,1,1,RMSE,0.2454587541726711,classical_post_audit
SeasonalNaive,1,1,MAPE,0.2674820228069074,classical_post_audit
SeasonalNaive,1,1,sMAPE,0.2678324739726681,classical_post_audit
SeasonalNaive,1,1,R2,-0.9806008461764596,classical_post_audit
SeasonalNaive,1,1,MASE,0.3703580411303445,classical_post_audit
SeasonalNaive,1,1,DA,65.45454545454545,classical_post_audit
SeasonalNaive,1,1,HitRate_0.5pct,2.2222222222222223,classical_post_audit
SeasonalNaive,1,1,fit_seconds,0.0010168552398681,classical_post_audit
SeasonalNaive,1,1,pred_seconds,0.0,classical_post_audit
SeasonalNaive,1,1,n_eval,90.0,classical_post_audit
RollingNaive,1,1,MAE,0.0805555555555552,classical_post_audit
RollingNaive,1,1,RMSE,0.1203005495507897,classical_post_audit
RollingNaive,1,1,MAPE,0.1200444570176414,classical_post_audit
RollingNaive,1,1,sMAPE,0.1200889507805836,classical_post_audit
RollingNaive,1,1,R2,0.5242540152798874,classical_post_audit
RollingNaive,1,1,MASE,0.1662598017458197,classical_post_audit
RollingNaive,1,1,DA,,classical_post_audit
RollingNaive,1,1,HitRate_0.5pct,0.0,classical_post_audit
RollingNaive,1,1,fit_seconds,0.0010111331939697,classical_post_audit
RollingNaive,1,1,pred_seconds,0.0005321502685546,classical_post_audit
RollingNaive,1,1,n_eval,90.0,classical_post_audit
AutoARIMA,1,1,MAE,1.0401766620357635,classical_post_audit
AutoARIMA,1,1,RMSE,1.2460944086415466,classical_post_audit
AutoARIMA,1,1,MAPE,1.5509510543559493,classical_post_audit
AutoARIMA,1,1,sMAPE,1.5339526241166392,classical_post_audit
AutoARIMA,1,1,R2,-50.04365957937318,classical_post_audit
AutoARIMA,1,1,MASE,2.1468359868913893,classical_post_audit
AutoARIMA,1,1,DA,53.62318840579711,classical_post_audit
AutoARIMA,1,1,HitRate_0.5pct,4.444444444444445,classical_post_audit
AutoARIMA,1,1,fit_seconds,10.04665231704712,classical_post_audit
AutoARIMA,1,1,pred_seconds,0.0254225730895996,classical_post_audit
AutoARIMA,1,1,n_eval,90.0,classical_post_audit
AutoETS,1,1,MAE,1.1326459390064516,classical_post_audit
AutoETS,1,1,RMSE,1.3702796369528831,classical_post_audit
AutoETS,1,1,MAPE,1.6887626293516194,classical_post_audit
AutoETS,1,1,sMAPE,1.6682300028028574,classical_post_audit
AutoETS,1,1,R2,-60.72460464454084,classical_post_audit
AutoETS,1,1,MASE,2.337684694354194,classical_post_audit
AutoETS,1,1,DA,53.62318840579711,classical_post_audit
AutoETS,1,1,HitRate_0.5pct,4.444444444444445,classical_post_audit
AutoETS,1,1,fit_seconds,2.291297435760498,classical_post_audit
AutoETS,1,1,pred_seconds,0.0198595523834228,classical_post_audit
AutoETS,1,1,n_eval,90.0,classical_post_audit
AutoTheta,1,1,MAE,0.97445931430042,classical_post_audit
AutoTheta,1,1,RMSE,1.1821213259271963,classical_post_audit
AutoTheta,1,1,MAPE,1.4529145424180858,classical_post_audit
AutoTheta,1,1,sMAPE,1.4376425301167046,classical_post_audit
AutoTheta,1,1,R2,-44.93714640320656,classical_post_audit
AutoTheta,1,1,MASE,2.0112009815787624,classical_post_audit
AutoTheta,1,1,DA,55.072463768115945,classical_post_audit
AutoTheta,1,1,HitRate_0.5pct,4.444444444444445,classical_post_audit
AutoTheta,1,1,fit_seconds,0.7548248767852783,classical_post_audit
AutoTheta,1,1,pred_seconds,0.0154910087585449,classical_post_audit
AutoTheta,1,1,n_eval,90.0,classical_post_audit
HistoricAverage,1,1,MAE,12.933805300713551,classical_post_audit
HistoricAverage,1,1,RMSE,12.934981237655292,classical_post_audit
HistoricAverage,1,1,MAPE,19.285569700219057,classical_post_audit
HistoricAverage,1,1,sMAPE,21.34399562884201,classical_post_audit
HistoricAverage,1,1,R2,-5499.111772038823,classical_post_audit
HistoricAverage,1,1,MASE,26.694271925573904,classical_post_audit
HistoricAverage,1,1,DA,50.72463768115942,classical_post_audit
HistoricAverage,1,1,HitRate_0.5pct,0.0,classical_post_audit
HistoricAverage,1,1,fit_seconds,0.0086557865142822,classical_post_audit
HistoricAverage,1,1,pred_seconds,0.0214130878448486,classical_post_audit
HistoricAverage,1,1,n_eval,90.0,classical_post_audit
Prophet,1,1,MAE,1.0621038532906668,classical_post_audit
Prophet,1,1,RMSE,1.2639254704909044,classical_post_audit
Prophet,1,1,MAPE,1.5848844498506731,classical_post_audit
Prophet,1,1,sMAPE,1.5935861868544237,classical_post_audit
Prophet,1,1,R2,-51.51493600568467,classical_post_audit
Prophet,1,1,MASE,2.192091841012694,classical_post_audit
Prophet,1,1,DA,47.82608695652174,classical_post_audit
Prophet,1,1,HitRate_0.5pct,4.444444444444445,classical_post_audit
Prophet,1,1,fit_seconds,2.006212949752808,classical_post_audit
Prophet,1,1,pred_seconds,0.2145609855651855,classical_post_audit
Prophet,1,1,n_eval,90.0,classical_post_audit
MLForecast_LGBM,1,1,MAE,0.0996758307372862,classical_post_audit
MLForecast_LGBM,1,1,RMSE,0.1440167019962772,classical_post_audit
MLForecast_LGBM,1,1,MAPE,0.1485222801113548,classical_post_audit
MLForecast_LGBM,1,1,sMAPE,0.1486376673587575,classical_post_audit
MLForecast_LGBM,1,1,R2,0.3181864442265658,classical_post_audit
MLForecast_LGBM,1,1,MASE,0.2057224202966626,classical_post_audit
MLForecast_LGBM,1,1,DA,65.21739130434783,classical_post_audit
MLForecast_LGBM,1,1,HitRate_0.5pct,2.2222222222222223,classical_post_audit
MLForecast_LGBM,1,1,fit_seconds,0.4228231906890869,classical_post_audit
MLForecast_LGBM,1,1,pred_seconds,1.1492915153503418,classical_post_audit
MLForecast_LGBM,1,1,n_eval,90.0,classical_post_audit
Naive,5,1,MAE,0.3418604651162788,classical_post_audit
Naive,5,1,RMSE,0.3660759865205265,classical_post_audit
Naive,5,1,MAPE,0.5092319684583525,classical_post_audit
Naive,5,1,sMAPE,0.5106862486016925,classical_post_audit
Naive,5,1,R2,-3.6589733947541374,classical_post_audit
Naive,5,1,MASE,0.7055708667513078,classical_post_audit
Naive,5,1,DA,62.68656716417911,classical_post_audit
Naive,5,1,HitRate_0.5pct,5.813953488372093,classical_post_audit
Naive,5,1,fit_seconds,0.0005092620849609,classical_post_audit
Naive,5,1,pred_seconds,0.0,classical_post_audit
Naive,5,1,n_eval,86.0,classical_post_audit
SeasonalNaive,5,1,MAE,0.1779069767441858,classical_post_audit
SeasonalNaive,5,1,RMSE,0.2466048529294828,classical_post_audit
SeasonalNaive,5,1,MAPE,0.2651290106291727,classical_post_audit
SeasonalNaive,5,1,sMAPE,0.2655207935927246,classical_post_audit
SeasonalNaive,5,1,R2,-1.114223935320091,classical_post_audit
SeasonalNaive,5,1,MASE,0.367184838819558,classical_post_audit
SeasonalNaive,5,1,DA,66.66666666666666,classical_post_audit
SeasonalNaive,5,1,HitRate_0.5pct,6.976744186046512,classical_post_audit
SeasonalNaive,5,1,fit_seconds,0.0,classical_post_audit
SeasonalNaive,5,1,pred_seconds,0.0,classical_post_audit
SeasonalNaive,5,1,n_eval,86.0,classical_post_audit
RollingNaive,5,1,MAE,0.1354651162790704,classical_post_audit
RollingNaive,5,1,RMSE,0.1975871900564882,classical_post_audit
RollingNaive,5,1,MAPE,0.2018660489186913,classical_post_audit
RollingNaive,5,1,sMAPE,0.2019881684601218,classical_post_audit
RollingNaive,5,1,R2,-0.3572670865845646,classical_post_audit
RollingNaive,5,1,MASE,0.2795884557024757,classical_post_audit
RollingNaive,5,1,DA,,classical_post_audit
RollingNaive,5,1,HitRate_0.5pct,0.0,classical_post_audit
RollingNaive,5,1,fit_seconds,0.0,classical_post_audit
RollingNaive,5,1,pred_seconds,0.0010058879852294,classical_post_audit
RollingNaive,5,1,n_eval,86.0,classical_post_audit
AutoARIMA,5,1,MAE,1.0860605176929845,classical_post_audit
AutoARIMA,5,1,RMSE,1.274668627697276,classical_post_audit
AutoARIMA,5,1,MAPE,1.6193515335519135,classical_post_audit
AutoARIMA,5,1,sMAPE,1.6015645003379897,classical_post_audit
AutoARIMA,5,1,R2,-55.48619769099401,classical_post_audit
AutoARIMA,5,1,MASE,2.241536354759156,classical_post_audit
AutoARIMA,5,1,DA,50.0,classical_post_audit
AutoARIMA,5,1,HitRate_0.5pct,10.465116279069768,classical_post_audit
AutoARIMA,5,1,fit_seconds,10.003006935119627,classical_post_audit
AutoARIMA,5,1,pred_seconds,0.0232956409454345,classical_post_audit
AutoARIMA,5,1,n_eval,86.0,classical_post_audit
AutoETS,5,1,MAE,1.1840159617297743,classical_post_audit
AutoETS,5,1,RMSE,1.401758506300279,classical_post_audit
AutoETS,5,1,MAPE,1.7653469543705034,classical_post_audit
AutoETS,5,1,sMAPE,1.7438600370846389,classical_post_audit
AutoETS,5,1,R2,-67.31155131263701,classical_post_audit
AutoETS,5,1,MASE,2.4437080435168443,classical_post_audit
AutoETS,5,1,DA,48.52941176470589,classical_post_audit
AutoETS,5,1,HitRate_0.5pct,9.30232558139535,classical_post_audit
AutoETS,5,1,fit_seconds,2.2476840019226074,classical_post_audit
AutoETS,5,1,pred_seconds,0.0147018432617187,classical_post_audit
AutoETS,5,1,n_eval,86.0,classical_post_audit
AutoTheta,5,1,MAE,1.0175877105529374,classical_post_audit
AutoTheta,5,1,RMSE,1.209225098902523,classical_post_audit
AutoTheta,5,1,MAPE,1.517206100318534,classical_post_audit
AutoTheta,5,1,sMAPE,1.5012252461455196,classical_post_audit
AutoTheta,5,1,R2,-49.834909341344975,classical_post_audit
AutoTheta,5,1,MASE,2.100214316054664,classical_post_audit
AutoTheta,5,1,DA,50.0,classical_post_audit
AutoTheta,5,1,HitRate_0.5pct,10.465116279069768,classical_post_audit
AutoTheta,5,1,fit_seconds,0.7508335113525391,classical_post_audit
AutoTheta,5,1,pred_seconds,0.0202059745788574,classical_post_audit
AutoTheta,5,1,n_eval,86.0,classical_post_audit
HistoricAverage,5,1,MAE,12.945446127586932,classical_post_audit
HistoricAverage,5,1,RMSE,12.946557057346126,classical_post_audit
HistoricAverage,5,1,MAPE,19.2996075562405,classical_post_audit
HistoricAverage,5,1,sMAPE,21.361174589458106,classical_post_audit
HistoricAverage,5,1,R2,-5826.151734374905,classical_post_audit
HistoricAverage,5,1,MASE,26.71829760021271,classical_post_audit
HistoricAverage,5,1,DA,54.41176470588235,classical_post_audit
HistoricAverage,5,1,HitRate_0.5pct,2.3255813953488373,classical_post_audit
HistoricAverage,5,1,fit_seconds,0.0139522552490234,classical_post_audit
HistoricAverage,5,1,pred_seconds,0.0160717964172363,classical_post_audit
HistoricAverage,5,1,n_eval,86.0,classical_post_audit
Prophet,5,1,MAE,1.0503923650915226,classical_post_audit
Prophet,5,1,RMSE,1.2613672891245546,classical_post_audit
Prophet,5,1,MAPE,1.5671324525185506,classical_post_audit
Prophet,5,1,sMAPE,1.5771346366576997,classical_post_audit
Prophet,5,1,R2,-54.31346644726437,classical_post_audit
Prophet,5,1,MASE,2.167920327419254,classical_post_audit
Prophet,5,1,DA,55.88235294117647,classical_post_audit
Prophet,5,1,HitRate_0.5pct,9.30232558139535,classical_post_audit
Prophet,5,1,fit_seconds,1.5645508766174316,classical_post_audit
Prophet,5,1,pred_seconds,0.1999897956848144,classical_post_audit
Prophet,5,1,n_eval,86.0,classical_post_audit
MLForecast_LGBM,5,1,MAE,0.1005599743870429,classical_post_audit
MLForecast_LGBM,5,1,RMSE,0.1460939854511221,classical_post_audit
MLForecast_LGBM,5,1,MAPE,0.1498152284858167,classical_post_audit
MLForecast_LGBM,5,1,sMAPE,0.1499319255506863,classical_post_audit
MLForecast_LGBM,5,1,R2,0.2579854502274832,classical_post_audit
MLForecast_LGBM,5,1,MASE,0.2075472174432976,classical_post_audit
MLForecast_LGBM,5,1,DA,75.0,classical_post_audit
MLForecast_LGBM,5,1,HitRate_0.5pct,8.13953488372093,classical_post_audit
MLForecast_LGBM,5,1,fit_seconds,0.3489527702331543,classical_post_audit
MLForecast_LGBM,5,1,pred_seconds,1.0874722003936768,classical_post_audit
MLForecast_LGBM,5,1,n_eval,86.0,classical_post_audit
Naive,20,1,MAE,0.3415492957746477,classical_post_audit
Naive,20,1,RMSE,0.3516059734466698,classical_post_audit
Naive,20,1,MAPE,0.5089254652179972,classical_post_audit
Naive,20,1,sMAPE,0.5103009665375416,classical_post_audit
Naive,20,1,R2,-16.7348463289695,classical_post_audit
Naive,20,1,MASE,0.7049286397479413,classical_post_audit
Naive,20,1,DA,55.38461538461539,classical_post_audit
Naive,20,1,HitRate_0.5pct,12.676056338028168,classical_post_audit
Naive,20,1,fit_seconds,0.0,classical_post_audit
Naive,20,1,pred_seconds,0.0,classical_post_audit
Naive,20,1,n_eval,71.0,classical_post_audit
SeasonalNaive,20,1,MAE,0.1443661971830984,classical_post_audit
SeasonalNaive,20,1,RMSE,0.1984978802171553,classical_post_audit
SeasonalNaive,20,1,MAPE,0.2150387093462969,classical_post_audit
SeasonalNaive,20,1,sMAPE,0.2154561483556428,classical_post_audit
SeasonalNaive,20,1,R2,-4.652319294251448,classical_post_audit
SeasonalNaive,20,1,MASE,0.2979595281408821,classical_post_audit
SeasonalNaive,20,1,DA,71.42857142857143,classical_post_audit
SeasonalNaive,20,1,HitRate_0.5pct,15.492957746478872,classical_post_audit
SeasonalNaive,20,1,fit_seconds,0.0,classical_post_audit
SeasonalNaive,20,1,pred_seconds,0.0010178089141845,classical_post_audit
SeasonalNaive,20,1,n_eval,71.0,classical_post_audit
RollingNaive,20,1,MAE,0.1676056338028191,classical_post_audit
RollingNaive,20,1,RMSE,0.2253323054675567,classical_post_audit
RollingNaive,20,1,MAPE,0.2498049647668524,classical_post_audit
RollingNaive,20,1,sMAPE,0.2499612984161922,classical_post_audit
RollingNaive,20,1,R2,-6.283864541832585,classical_post_audit
RollingNaive,20,1,MASE,0.3459237448660049,classical_post_audit
RollingNaive,20,1,DA,,classical_post_audit
RollingNaive,20,1,HitRate_0.5pct,0.0,classical_post_audit
RollingNaive,20,1,fit_seconds,0.0,classical_post_audit
RollingNaive,20,1,pred_seconds,0.0010211467742919,classical_post_audit
RollingNaive,20,1,n_eval,71.0,classical_post_audit
AutoARIMA,20,1,MAE,1.2612734071921985,classical_post_audit
AutoARIMA,20,1,RMSE,1.3958334847025056,classical_post_audit
AutoARIMA,20,1,MAPE,1.8803410898689163,classical_post_audit
AutoARIMA,20,1,sMAPE,1.8589578651059488,classical_post_audit
AutoARIMA,20,1,R2,-278.5002271167103,classical_post_audit
AutoARIMA,20,1,MASE,2.603160827094417,classical_post_audit
AutoARIMA,20,1,DA,53.03030303030303,classical_post_audit
AutoARIMA,20,1,HitRate_0.5pct,11.267605633802818,classical_post_audit
AutoARIMA,20,1,fit_seconds,9.679516792297363,classical_post_audit
AutoARIMA,20,1,pred_seconds,0.0231430530548095,classical_post_audit
AutoARIMA,20,1,n_eval,71.0,classical_post_audit
AutoETS,20,1,MAE,1.384428395495632,classical_post_audit
AutoETS,20,1,RMSE,1.5371987882151998,classical_post_audit
AutoETS,20,1,MAPE,2.0639354160329897,classical_post_audit
AutoETS,20,1,sMAPE,2.0380369008271537,classical_post_audit
AutoETS,20,1,R2,-337.98072729497073,classical_post_audit
AutoETS,20,1,MASE,2.8573422277206784,classical_post_audit
AutoETS,20,1,DA,53.03030303030303,classical_post_audit
AutoETS,20,1,HitRate_0.5pct,11.267605633802818,classical_post_audit
AutoETS,20,1,fit_seconds,2.150484085083008,classical_post_audit
AutoETS,20,1,pred_seconds,0.0199973583221435,classical_post_audit
AutoETS,20,1,n_eval,71.0,classical_post_audit
AutoTheta,20,1,MAE,1.1854057533125235,classical_post_audit
AutoTheta,20,1,RMSE,1.3248408386997972,classical_post_audit
AutoTheta,20,1,MAPE,1.767250903773148,classical_post_audit
AutoTheta,20,1,sMAPE,1.747978554067838,classical_post_audit
AutoTheta,20,1,R2,-250.7922473704354,classical_post_audit
AutoTheta,20,1,MASE,2.446576454906007,classical_post_audit
AutoTheta,20,1,DA,53.03030303030303,classical_post_audit
AutoTheta,20,1,HitRate_0.5pct,11.267605633802818,classical_post_audit
AutoTheta,20,1,fit_seconds,0.7516305446624756,classical_post_audit
AutoTheta,20,1,pred_seconds,0.0197200775146484,classical_post_audit
AutoTheta,20,1,n_eval,71.0,classical_post_audit
HistoricAverage,20,1,MAE,12.962576818710424,classical_post_audit
HistoricAverage,20,1,RMSE,12.96284569915449,classical_post_audit
HistoricAverage,20,1,MAPE,19.32060471600359,classical_post_audit
HistoricAverage,20,1,sMAPE,21.38668484209603,classical_post_audit
HistoricAverage,20,1,R2,-24104.472203012177,classical_post_audit
HistoricAverage,20,1,MASE,26.75365388681912,classical_post_audit
HistoricAverage,20,1,DA,46.96969696969697,classical_post_audit
HistoricAverage,20,1,HitRate_0.5pct,5.633802816901409,classical_post_audit
HistoricAverage,20,1,fit_seconds,0.0138633251190185,classical_post_audit
HistoricAverage,20,1,pred_seconds,0.0123631954193115,classical_post_audit
HistoricAverage,20,1,n_eval,71.0,classical_post_audit
Prophet,20,1,MAE,1.0064965809536517,classical_post_audit
Prophet,20,1,RMSE,1.234856822302062,classical_post_audit
Prophet,20,1,MAPE,1.5005187068125452,classical_post_audit
Prophet,20,1,sMAPE,1.5170931044746598,classical_post_audit
Prophet,20,1,R2,-217.75004508151997,classical_post_audit
Prophet,20,1,MASE,2.0773231697445533,classical_post_audit
Prophet,20,1,DA,65.15151515151516,classical_post_audit
Prophet,20,1,HitRate_0.5pct,16.901408450704224,classical_post_audit
Prophet,20,1,fit_seconds,1.86053729057312,classical_post_audit
Prophet,20,1,pred_seconds,0.1859462261199951,classical_post_audit
Prophet,20,1,n_eval,71.0,classical_post_audit
MLForecast_LGBM,20,1,MAE,0.0722576099830937,classical_post_audit
MLForecast_LGBM,20,1,RMSE,0.0866362352020135,classical_post_audit
MLForecast_LGBM,20,1,MAPE,0.1076552287747207,classical_post_audit
MLForecast_LGBM,20,1,sMAPE,0.1076943900500773,classical_post_audit
MLForecast_LGBM,20,1,R2,-0.076748024392188,classical_post_audit
MLForecast_LGBM,20,1,MASE,0.1491335492327501,classical_post_audit
MLForecast_LGBM,20,1,DA,84.84848484848484,classical_post_audit
MLForecast_LGBM,20,1,HitRate_0.5pct,16.901408450704224,classical_post_audit
MLForecast_LGBM,20,1,fit_seconds,0.3818073272705078,classical_post_audit
MLForecast_LGBM,20,1,pred_seconds,1.1217470169067385,classical_post_audit
MLForecast_LGBM,20,1,n_eval,71.0,classical_post_audit
Naive,1,2,MAE,1.5044444444444445,classical_post_audit
Naive,1,2,RMSE,1.9406757127923824,classical_post_audit
Naive,1,2,MAPE,2.165070784542615,classical_post_audit
Naive,1,2,sMAPE,2.204393363742903,classical_post_audit
Naive,1,2,R2,-1.500461053858468,classical_post_audit
Naive,1,2,MASE,3.284508030884841,classical_post_audit
Naive,1,2,DA,41.42857142857143,classical_post_audit
Naive,1,2,HitRate_0.5pct,1.1111111111111112,classical_post_audit
Naive,1,2,fit_seconds,0.0005843639373779,classical_post_audit
Naive,1,2,pred_seconds,0.0,classical_post_audit
Naive,1,2,n_eval,90.0,classical_post_audit
SeasonalNaive,1,2,MAE,1.514444444444444,classical_post_audit
SeasonalNaive,1,2,RMSE,1.9486034885413588,classical_post_audit
SeasonalNaive,1,2,MAPE,2.179681092691195,classical_post_audit
SeasonalNaive,1,2,sMAPE,2.2193323465776604,classical_post_audit
SeasonalNaive,1,2,R2,-1.5209318451744247,classical_post_audit
SeasonalNaive,1,2,MASE,3.3063400635864384,classical_post_audit
SeasonalNaive,1,2,DA,40.845070422535215,classical_post_audit
SeasonalNaive,1,2,HitRate_0.5pct,1.1111111111111112,classical_post_audit
SeasonalNaive,1,2,fit_seconds,0.0015485286712646,classical_post_audit
SeasonalNaive,1,2,pred_seconds,0.0005207061767578,classical_post_audit
SeasonalNaive,1,2,n_eval,90.0,classical_post_audit
RollingNaive,1,2,MAE,0.1144444444444444,classical_post_audit
RollingNaive,1,2,RMSE,0.1610727923779944,classical_post_audit
RollingNaive,1,2,MAPE,0.1660390374763393,classical_post_audit
RollingNaive,1,2,sMAPE,0.1661285736003506,classical_post_audit
RollingNaive,1,2,R2,0.982775027847653,classical_post_audit
RollingNaive,1,2,MASE,0.2498554853627316,classical_post_audit
RollingNaive,1,2,DA,,classical_post_audit
RollingNaive,1,2,HitRate_0.5pct,0.0,classical_post_audit
RollingNaive,1,2,fit_seconds,0.0006556510925292,classical_post_audit
RollingNaive,1,2,pred_seconds,0.0,classical_post_audit
RollingNaive,1,2,n_eval,90.0,classical_post_audit
AutoARIMA,1,2,MAE,0.4797513555905692,classical_post_audit
AutoARIMA,1,2,RMSE,0.6797456033808021,classical_post_audit
AutoARIMA,1,2,MAPE,0.6900299658114231,classical_post_audit
AutoARIMA,1,2,sMAPE,0.6941523408027294,classical_post_audit
AutoARIMA,1,2,R2,0.693234180848208,classical_post_audit
AutoARIMA,1,2,MASE,1.0473947283889236,classical_post_audit
AutoARIMA,1,2,DA,54.929577464788736,classical_post_audit
AutoARIMA,1,2,HitRate_0.5pct,1.1111111111111112,classical_post_audit
AutoARIMA,1,2,fit_seconds,11.67575454711914,classical_post_audit
AutoARIMA,1,2,pred_seconds,0.0241124629974365,classical_post_audit
AutoARIMA,1,2,n_eval,90.0,classical_post_audit
AutoETS,1,2,MAE,0.395279098478879,classical_post_audit
AutoETS,1,2,RMSE,0.5498849727348301,classical_post_audit
AutoETS,1,2,MAPE,0.5702285082588071,classical_post_audit
AutoETS,1,2,sMAPE,0.5723766079842627,classical_post_audit
AutoETS,1,2,R2,0.7992489359499358,classical_post_audit
AutoETS,1,2,MASE,0.8629746204249028,classical_post_audit
AutoETS,1,2,DA,66.19718309859155,classical_post_audit
AutoETS,1,2,HitRate_0.5pct,1.1111111111111112,classical_post_audit
AutoETS,1,2,fit_seconds,2.4972188472747803,classical_post_audit
AutoETS,1,2,pred_seconds,0.0154132843017578,classical_post_audit
AutoETS,1,2,n_eval,90.0,classical_post_audit
AutoTheta,1,2,MAE,0.4951074169611438,classical_post_audit
AutoTheta,1,2,RMSE,0.7042323893252973,classical_post_audit
AutoTheta,1,2,MAPE,0.7116780030602573,classical_post_audit
AutoTheta,1,2,sMAPE,0.7162630546138994,classical_post_audit
AutoTheta,1,2,R2,0.6707345640220601,classical_post_audit
AutoTheta,1,2,MASE,1.0809201317899366,classical_post_audit
AutoTheta,1,2,DA,52.11267605633802,classical_post_audit
AutoTheta,1,2,HitRate_0.5pct,1.1111111111111112,classical_post_audit
AutoTheta,1,2,fit_seconds,1.096705436706543,classical_post_audit
AutoTheta,1,2,pred_seconds,0.0274257659912109,classical_post_audit
AutoTheta,1,2,n_eval,90.0,classical_post_audit
HistoricAverage,1,2,MAE,13.387884180790955,classical_post_audit
HistoricAverage,1,2,RMSE,13.444019263203394,classical_post_audit
HistoricAverage,1,2,MAPE,19.517797957460758,classical_post_audit
HistoricAverage,1,2,sMAPE,21.64245798826225,classical_post_audit
HistoricAverage,1,2,R2,-118.99755719240004,classical_post_audit
HistoricAverage,1,2,MASE,29.228472524023356,classical_post_audit
HistoricAverage,1,2,DA,39.436619718309856,classical_post_audit
HistoricAverage,1,2,HitRate_0.5pct,1.1111111111111112,classical_post_audit
HistoricAverage,1,2,fit_seconds,0.0125856399536132,classical_post_audit
HistoricAverage,1,2,pred_seconds,0.0271804332733154,classical_post_audit
HistoricAverage,1,2,n_eval,90.0,classical_post_audit
Prophet,1,2,MAE,1.1766683778032034,classical_post_audit
Prophet,1,2,RMSE,1.4183028977561112,classical_post_audit
Prophet,1,2,MAPE,1.7052678216908663,classical_post_audit
Prophet,1,2,sMAPE,1.7129917455182788,classical_post_audit
Prophet,1,2,R2,-0.3355253423269899,classical_post_audit
Prophet,1,2,MASE,2.5689062503135704,classical_post_audit
Prophet,1,2,DA,56.33802816901409,classical_post_audit
Prophet,1,2,HitRate_0.5pct,1.1111111111111112,classical_post_audit
Prophet,1,2,fit_seconds,1.6466975212097168,classical_post_audit
Prophet,1,2,pred_seconds,0.2254102230072021,classical_post_audit
Prophet,1,2,n_eval,90.0,classical_post_audit
MLForecast_LGBM,1,2,MAE,1.4606258032720487,classical_post_audit
MLForecast_LGBM,1,2,RMSE,1.9074732000313976,classical_post_audit
MLForecast_LGBM,1,2,MAPE,2.101064695542155,classical_post_audit
MLForecast_LGBM,1,2,sMAPE,2.139027337215841,classical_post_audit
MLForecast_LGBM,1,2,R2,-1.4156334938692523,classical_post_audit
MLForecast_LGBM,1,2,MASE,3.1888430301833086,classical_post_audit
MLForecast_LGBM,1,2,DA,43.66197183098591,classical_post_audit
MLForecast_LGBM,1,2,HitRate_0.5pct,1.1111111111111112,classical_post_audit
MLForecast_LGBM,1,2,fit_seconds,0.3677504062652588,classical_post_audit
MLForecast_LGBM,1,2,pred_seconds,1.115478754043579,classical_post_audit
MLForecast_LGBM,1,2,n_eval,90.0,classical_post_audit
Naive,5,2,MAE,1.5715116279069763,classical_post_audit
Naive,5,2,RMSE,1.9852435267405144,classical_post_audit
Naive,5,2,MAPE,2.2614362125847327,classical_post_audit
Naive,5,2,sMAPE,2.302586133994225,classical_post_audit
Naive,5,2,R2,-1.67827150789507,classical_post_audit
Naive,5,2,MASE,3.430929325140648,classical_post_audit
Naive,5,2,DA,21.25,classical_post_audit
Naive,5,2,HitRate_0.5pct,4.651162790697675,classical_post_audit
Naive,5,2,fit_seconds,0.0009911060333251,classical_post_audit
Naive,5,2,pred_seconds,0.0,classical_post_audit
Naive,5,2,n_eval,86.0,classical_post_audit
SeasonalNaive,5,2,MAE,1.5813953488372086,classical_post_audit
SeasonalNaive,5,2,RMSE,1.9933027401660504,classical_post_audit
SeasonalNaive,5,2,MAPE,2.2758596089229437,classical_post_audit
SeasonalNaive,5,2,sMAPE,2.3173512284662463,classical_post_audit
SeasonalNaive,5,2,R2,-1.700060848809886,classical_post_audit
SeasonalNaive,5,2,MASE,3.4525074969968776,classical_post_audit
SeasonalNaive,5,2,DA,21.518987341772156,classical_post_audit
SeasonalNaive,5,2,HitRate_0.5pct,4.651162790697675,classical_post_audit
SeasonalNaive,5,2,fit_seconds,0.0015146732330322,classical_post_audit
SeasonalNaive,5,2,pred_seconds,0.0,classical_post_audit
SeasonalNaive,5,2,n_eval,86.0,classical_post_audit
RollingNaive,5,2,MAE,0.286046511627907,classical_post_audit
RollingNaive,5,2,RMSE,0.3761803130241892,classical_post_audit
RollingNaive,5,2,MAPE,0.4139370502178781,classical_post_audit
RollingNaive,5,2,sMAPE,0.4150869454886657,classical_post_audit
RollingNaive,5,2,R2,0.9038345316651554,classical_post_audit
RollingNaive,5,2,MASE,0.6244976796038474,classical_post_audit
RollingNaive,5,2,DA,,classical_post_audit
RollingNaive,5,2,HitRate_0.5pct,0.0,classical_post_audit
RollingNaive,5,2,fit_seconds,0.0,classical_post_audit
RollingNaive,5,2,pred_seconds,0.000511884689331,classical_post_audit
RollingNaive,5,2,n_eval,86.0,classical_post_audit
AutoARIMA,5,2,MAE,0.4986153648054681,classical_post_audit
AutoARIMA,5,2,RMSE,0.6951593232717409,classical_post_audit
AutoARIMA,5,2,MAPE,0.7169764548104474,classical_post_audit
AutoARIMA,5,2,sMAPE,0.721293251598195,classical_post_audit
AutoARIMA,5,2,R2,0.6716056114064898,classical_post_audit
AutoARIMA,5,2,MASE,1.0885786949952152,classical_post_audit
AutoARIMA,5,2,DA,60.49382716049383,classical_post_audit
AutoARIMA,5,2,HitRate_0.5pct,13.953488372093023,classical_post_audit
AutoARIMA,5,2,fit_seconds,11.21565294265747,classical_post_audit
AutoARIMA,5,2,pred_seconds,0.0242002010345459,classical_post_audit
AutoARIMA,5,2,n_eval,86.0,classical_post_audit
AutoETS,5,2,MAE,0.4103034867571107,classical_post_audit
AutoETS,5,2,RMSE,0.5622861141340532,classical_post_audit
AutoETS,5,2,MAPE,0.5917366187753698,classical_post_audit
AutoETS,5,2,sMAPE,0.5939863835521023,classical_post_audit
AutoETS,5,2,R2,0.7851468421674294,classical_post_audit
AutoETS,5,2,MASE,0.8957759140460888,classical_post_audit
AutoETS,5,2,DA,75.30864197530865,classical_post_audit
AutoETS,5,2,HitRate_0.5pct,23.25581395348837,classical_post_audit
AutoETS,5,2,fit_seconds,2.191897392272949,classical_post_audit
AutoETS,5,2,pred_seconds,0.0168104171752929,classical_post_audit
AutoETS,5,2,n_eval,86.0,classical_post_audit
AutoTheta,5,2,MAE,0.5151895461921369,classical_post_audit
AutoTheta,5,2,RMSE,0.7202496623122563,classical_post_audit
AutoTheta,5,2,MAPE,0.7403844989028702,classical_post_audit
AutoTheta,5,2,sMAPE,0.7451839497050089,classical_post_audit
AutoTheta,5,2,R2,0.6474723786099266,classical_post_audit
AutoTheta,5,2,MASE,1.124763501998812,classical_post_audit
AutoTheta,5,2,DA,59.25925925925925,classical_post_audit
AutoTheta,5,2,HitRate_0.5pct,11.627906976744184,classical_post_audit
AutoTheta,5,2,fit_seconds,0.8729832172393799,classical_post_audit
AutoTheta,5,2,pred_seconds,0.0226991176605224,classical_post_audit
AutoTheta,5,2,n_eval,86.0,classical_post_audit
HistoricAverage,5,2,MAE,13.4560624753646,classical_post_audit
HistoricAverage,5,2,RMSE,13.510631384385173,classical_post_audit
HistoricAverage,5,2,MAPE,19.598435184062605,classical_post_audit
HistoricAverage,5,2,sMAPE,21.741184498115548,classical_post_audit
HistoricAverage,5,2,R2,-123.04472889233436,classical_post_audit
HistoricAverage,5,2,MASE,29.37731959969045,classical_post_audit
HistoricAverage,5,2,DA,19.753086419753085,classical_post_audit
HistoricAverage,5,2,HitRate_0.5pct,4.651162790697675,classical_post_audit
HistoricAverage,5,2,fit_seconds,0.0186624526977539,classical_post_audit
HistoricAverage,5,2,pred_seconds,0.0166945457458496,classical_post_audit
HistoricAverage,5,2,n_eval,86.0,classical_post_audit
Prophet,5,2,MAE,1.2294147496175958,classical_post_audit
Prophet,5,2,RMSE,1.450854937131108,classical_post_audit
Prophet,5,2,MAPE,1.7816232674308905,classical_post_audit
Prophet,5,2,sMAPE,1.7897082735878946,classical_post_audit
Prophet,5,2,R2,-0.4304576606380947,classical_post_audit
Prophet,5,2,MASE,2.684062301747816,classical_post_audit
Prophet,5,2,DA,58.0246913580247,classical_post_audit
Prophet,5,2,HitRate_0.5pct,13.953488372093023,classical_post_audit
Prophet,5,2,fit_seconds,1.501455545425415,classical_post_audit
Prophet,5,2,pred_seconds,0.2299780845642089,classical_post_audit
Prophet,5,2,n_eval,86.0,classical_post_audit
MLForecast_LGBM,5,2,MAE,1.5268177010986552,classical_post_audit
MLForecast_LGBM,5,2,RMSE,1.9513044704897693,classical_post_audit
MLForecast_LGBM,5,2,MAPE,2.196185921017025,classical_post_audit
MLForecast_LGBM,5,2,sMAPE,2.235914874787264,classical_post_audit
MLForecast_LGBM,5,2,R2,-1.5874806046610923,classical_post_audit
MLForecast_LGBM,5,2,MASE,3.3333533979764387,classical_post_audit
MLForecast_LGBM,5,2,DA,23.456790123456788,classical_post_audit
MLForecast_LGBM,5,2,HitRate_0.5pct,4.651162790697675,classical_post_audit
MLForecast_LGBM,5,2,fit_seconds,0.3741426467895508,classical_post_audit
MLForecast_LGBM,5,2,pred_seconds,1.100499153137207,classical_post_audit
MLForecast_LGBM,5,2,n_eval,86.0,classical_post_audit
Naive,20,2,MAE,1.858450704225352,classical_post_audit
Naive,20,2,RMSE,2.182444359034541,classical_post_audit
Naive,20,2,MAPE,2.6721742402422755,classical_post_audit
Naive,20,2,sMAPE,2.7218984865587057,classical_post_audit
Naive,20,2,R2,-2.638080320615777,classical_post_audit
Naive,20,2,MASE,4.057375654895555,classical_post_audit
Naive,20,2,DA,2.857142857142857,classical_post_audit
Naive,20,2,HitRate_0.5pct,0.0,classical_post_audit
Naive,20,2,fit_seconds,0.0009980201721191,classical_post_audit
Naive,20,2,pred_seconds,0.0,classical_post_audit
Naive,20,2,n_eval,71.0,classical_post_audit
SeasonalNaive,20,2,MAE,1.8683098591549288,classical_post_audit
SeasonalNaive,20,2,RMSE,2.1911553965501813,classical_post_audit
SeasonalNaive,20,2,MAPE,2.686496294890349,classical_post_audit
SeasonalNaive,20,2,sMAPE,2.7366261944425427,classical_post_audit
SeasonalNaive,20,2,R2,-2.667180444861965,classical_post_audit
SeasonalNaive,20,2,MASE,4.0789001941788205,classical_post_audit
SeasonalNaive,20,2,DA,2.898550724637681,classical_post_audit
SeasonalNaive,20,2,HitRate_0.5pct,0.0,classical_post_audit
SeasonalNaive,20,2,fit_seconds,0.0015132427215576,classical_post_audit
SeasonalNaive,20,2,pred_seconds,0.0,classical_post_audit
SeasonalNaive,20,2,n_eval,71.0,classical_post_audit
RollingNaive,20,2,MAE,0.9133802816901408,classical_post_audit
RollingNaive,20,2,RMSE,1.056285679454057,classical_post_audit
RollingNaive,20,2,MAPE,1.3162395626149723,classical_post_audit
RollingNaive,20,2,sMAPE,1.3278281668101737,classical_post_audit
RollingNaive,20,2,R2,0.1477859177550827,classical_post_audit
RollingNaive,20,2,MASE,1.9940948178853863,classical_post_audit
RollingNaive,20,2,DA,,classical_post_audit
RollingNaive,20,2,HitRate_0.5pct,0.0,classical_post_audit
RollingNaive,20,2,fit_seconds,0.0,classical_post_audit
RollingNaive,20,2,pred_seconds,0.0,classical_post_audit
RollingNaive,20,2,n_eval,71.0,classical_post_audit
AutoARIMA,20,2,MAE,0.5742571892301827,classical_post_audit
AutoARIMA,20,2,RMSE,0.7610405071961535,classical_post_audit
AutoARIMA,20,2,MAPE,0.8242565799014396,classical_post_audit
AutoARIMA,20,2,sMAPE,0.8295489662678304,classical_post_audit
AutoARIMA,20,2,R2,0.5576139039419039,classical_post_audit
AutoARIMA,20,2,MASE,1.253720173440105,classical_post_audit
AutoARIMA,20,2,DA,90.14084507042254,classical_post_audit
AutoARIMA,20,2,HitRate_0.5pct,76.05633802816901,classical_post_audit
AutoARIMA,20,2,fit_seconds,9.915624856948853,classical_post_audit
AutoARIMA,20,2,pred_seconds,0.0257570743560791,classical_post_audit
AutoARIMA,20,2,n_eval,71.0,classical_post_audit
AutoETS,20,2,MAE,0.4626011904684132,classical_post_audit
AutoETS,20,2,RMSE,0.6121705940146557,classical_post_audit
AutoETS,20,2,MAPE,0.6655854930513576,classical_post_audit
AutoETS,20,2,sMAPE,0.6683973280451461,classical_post_audit
AutoETS,20,2,R2,0.7137596522372633,classical_post_audit
AutoETS,20,2,MASE,1.0099524318104522,classical_post_audit
AutoETS,20,2,DA,98.59154929577466,classical_post_audit
AutoETS,20,2,HitRate_0.5pct,83.09859154929578,classical_post_audit
AutoETS,20,2,fit_seconds,2.0888192653656006,classical_post_audit
AutoETS,20,2,pred_seconds,0.0186572074890136,classical_post_audit
AutoETS,20,2,n_eval,71.0,classical_post_audit
AutoTheta,20,2,MAE,0.5970045761968523,classical_post_audit
AutoTheta,20,2,RMSE,0.7893188674256792,classical_post_audit
AutoTheta,20,2,MAPE,0.8565854827869918,classical_post_audit
AutoTheta,20,2,sMAPE,0.8624472797937855,classical_post_audit
AutoTheta,20,2,R2,0.524127190577862,classical_post_audit
AutoTheta,20,2,MASE,1.3033823430533282,classical_post_audit
AutoTheta,20,2,DA,90.14084507042254,classical_post_audit
AutoTheta,20,2,HitRate_0.5pct,76.05633802816901,classical_post_audit
AutoTheta,20,2,fit_seconds,0.8568503856658936,classical_post_audit
AutoTheta,20,2,pred_seconds,0.0161583423614501,classical_post_audit
AutoTheta,20,2,n_eval,71.0,classical_post_audit
HistoricAverage,20,2,MAE,13.743001551682978,classical_post_audit
HistoricAverage,20,2,RMSE,13.790551693453263,classical_post_audit
HistoricAverage,20,2,MAPE,19.936315943441333,classical_post_audit
HistoricAverage,20,2,sMAPE,22.155682575322658,classical_post_audit
HistoricAverage,20,2,R2,-144.26105821470892,classical_post_audit
HistoricAverage,20,2,MASE,30.00376592944536,classical_post_audit
HistoricAverage,20,2,DA,1.4084507042253522,classical_post_audit
HistoricAverage,20,2,HitRate_0.5pct,0.0,classical_post_audit
HistoricAverage,20,2,fit_seconds,0.0089228153228759,classical_post_audit
HistoricAverage,20,2,pred_seconds,0.0167372226715087,classical_post_audit
HistoricAverage,20,2,n_eval,71.0,classical_post_audit
Prophet,20,2,MAE,1.3901842824235866,classical_post_audit
Prophet,20,2,RMSE,1.572136576197445,classical_post_audit
Prophet,20,2,MAPE,2.010810460138632,classical_post_audit
Prophet,20,2,sMAPE,2.0214257080506437,classical_post_audit
Prophet,20,2,R2,-0.887845574270745,classical_post_audit
Prophet,20,2,MASE,3.035054871511917,classical_post_audit
Prophet,20,2,DA,54.929577464788736,classical_post_audit
Prophet,20,2,HitRate_0.5pct,40.845070422535215,classical_post_audit
Prophet,20,2,fit_seconds,1.2233657836914062,classical_post_audit
Prophet,20,2,pred_seconds,0.2771689891815185,classical_post_audit
Prophet,20,2,n_eval,71.0,classical_post_audit
MLForecast_LGBM,20,2,MAE,1.815601526262755,classical_post_audit
MLForecast_LGBM,20,2,RMSE,2.146020123904992,classical_post_audit
MLForecast_LGBM,20,2,MAPE,2.6099316673505006,classical_post_audit
MLForecast_LGBM,20,2,sMAPE,2.657980939756322,classical_post_audit
MLForecast_LGBM,20,2,R2,-2.517657104501107,classical_post_audit
MLForecast_LGBM,20,2,MASE,3.9638271894439545,classical_post_audit
MLForecast_LGBM,20,2,DA,4.225352112676056,classical_post_audit
MLForecast_LGBM,20,2,HitRate_0.5pct,0.0,classical_post_audit
MLForecast_LGBM,20,2,fit_seconds,0.3581864833831787,classical_post_audit
MLForecast_LGBM,20,2,pred_seconds,1.08467698097229,classical_post_audit
MLForecast_LGBM,20,2,n_eval,71.0,classical_post_audit
Naive,1,3,MAE,6.1377777777777816,classical_post_audit
Naive,1,3,RMSE,6.875802983409772,classical_post_audit
Naive,1,3,MAPE,7.927569498313006,classical_post_audit
Naive,1,3,sMAPE,8.335913949563592,classical_post_audit
Naive,1,3,R2,-3.922421988800344,classical_post_audit
Naive,1,3,MASE,13.788472542867858,classical_post_audit
Naive,1,3,DA,31.57894736842105,classical_post_audit
Naive,1,3,HitRate_0.5pct,8.88888888888889,classical_post_audit
Naive,1,3,fit_seconds,0.0010232925415039,classical_post_audit
Naive,1,3,pred_seconds,0.0,classical_post_audit
Naive,1,3,n_eval,90.0,classical_post_audit
SeasonalNaive,1,3,MAE,5.526666666666669,classical_post_audit
SeasonalNaive,1,3,RMSE,6.303543976737744,classical_post_audit
SeasonalNaive,1,3,MAPE,7.126878534507933,classical_post_audit
SeasonalNaive,1,3,sMAPE,7.467364062449635,classical_post_audit
SeasonalNaive,1,3,R2,-3.13715286436548,classical_post_audit
SeasonalNaive,1,3,MASE,12.415615935594625,classical_post_audit
SeasonalNaive,1,3,DA,35.064935064935064,classical_post_audit
SeasonalNaive,1,3,HitRate_0.5pct,10.0,classical_post_audit
SeasonalNaive,1,3,fit_seconds,0.0010123252868652,classical_post_audit
SeasonalNaive,1,3,pred_seconds,0.0,classical_post_audit
SeasonalNaive,1,3,n_eval,90.0,classical_post_audit
RollingNaive,1,3,MAE,0.3655555555555556,classical_post_audit
RollingNaive,1,3,RMSE,0.5172577264338887,classical_post_audit
RollingNaive,1,3,MAPE,0.4797969129927577,classical_post_audit
RollingNaive,1,3,sMAPE,0.4801910221768558,classical_post_audit
RollingNaive,1,3,R2,0.9721422544618412,classical_post_audit
RollingNaive,1,3,MASE,0.8212178614416226,classical_post_audit
RollingNaive,1,3,DA,,classical_post_audit
RollingNaive,1,3,HitRate_0.5pct,0.0,classical_post_audit
RollingNaive,1,3,fit_seconds,0.0,classical_post_audit
RollingNaive,1,3,pred_seconds,0.001514196395874,classical_post_audit
RollingNaive,1,3,n_eval,90.0,classical_post_audit
AutoARIMA,1,3,MAE,4.776451110300091,classical_post_audit
AutoARIMA,1,3,RMSE,5.37633025526127,classical_post_audit
AutoARIMA,1,3,MAPE,6.166902354006389,classical_post_audit
AutoARIMA,1,3,sMAPE,6.413491691067941,classical_post_audit
AutoARIMA,1,3,R2,-2.0095659941464965,classical_post_audit
AutoARIMA,1,3,MASE,10.73026221724314,classical_post_audit
AutoARIMA,1,3,DA,33.76623376623377,classical_post_audit
AutoARIMA,1,3,HitRate_0.5pct,10.0,classical_post_audit
AutoARIMA,1,3,fit_seconds,4.013041019439697,classical_post_audit
AutoARIMA,1,3,pred_seconds,0.0045924186706542,classical_post_audit
AutoARIMA,1,3,n_eval,90.0,classical_post_audit
AutoETS,1,3,MAE,4.762911301551003,classical_post_audit
AutoETS,1,3,RMSE,5.327559652970282,classical_post_audit
AutoETS,1,3,MAPE,6.153676632357568,classical_post_audit
AutoETS,1,3,sMAPE,6.395946941138593,classical_post_audit
AutoETS,1,3,R2,-1.955211964552718,classical_post_audit
AutoETS,1,3,MASE,10.699845136675574,classical_post_audit
AutoETS,1,3,DA,32.467532467532465,classical_post_audit
AutoETS,1,3,HitRate_0.5pct,8.88888888888889,classical_post_audit
AutoETS,1,3,fit_seconds,0.7302665710449219,classical_post_audit
AutoETS,1,3,pred_seconds,0.0024144649505615,classical_post_audit
AutoETS,1,3,n_eval,90.0,classical_post_audit
AutoTheta,1,3,MAE,4.938339873233008,classical_post_audit
AutoTheta,1,3,RMSE,5.52409684907736,classical_post_audit
AutoTheta,1,3,MAPE,6.380020132387062,classical_post_audit
AutoTheta,1,3,sMAPE,6.640868710313399,classical_post_audit
AutoTheta,1,3,R2,-2.177273218563112,classical_post_audit
AutoTheta,1,3,MASE,11.093944130065267,classical_post_audit
AutoTheta,1,3,DA,32.467532467532465,classical_post_audit
AutoTheta,1,3,HitRate_0.5pct,8.88888888888889,classical_post_audit
AutoTheta,1,3,fit_seconds,0.190880537033081,classical_post_audit
AutoTheta,1,3,pred_seconds,0.0021708011627197,classical_post_audit
AutoTheta,1,3,n_eval,90.0,classical_post_audit
HistoricAverage,1,3,MAE,19.87358092738408,classical_post_audit
HistoricAverage,1,3,RMSE,20.11376567166298,classical_post_audit
HistoricAverage,1,3,MAPE,26.046319940676604,classical_post_audit
HistoricAverage,1,3,sMAPE,30.01678636131321,classical_post_audit
HistoricAverage,1,3,R2,-41.12294881931079,classical_post_audit
HistoricAverage,1,3,MASE,44.645853086735656,classical_post_audit
HistoricAverage,1,3,DA,31.16883116883117,classical_post_audit
HistoricAverage,1,3,HitRate_0.5pct,8.88888888888889,classical_post_audit
HistoricAverage,1,3,fit_seconds,0.003211498260498,classical_post_audit
HistoricAverage,1,3,pred_seconds,0.0020103454589843,classical_post_audit
HistoricAverage,1,3,n_eval,90.0,classical_post_audit
Prophet,1,3,MAE,6.544820082002867,classical_post_audit
Prophet,1,3,RMSE,7.196372873713663,classical_post_audit
Prophet,1,3,MAPE,8.470484202198278,classical_post_audit
Prophet,1,3,sMAPE,8.920733700252221,classical_post_audit
Prophet,1,3,R2,-4.392117031246729,classical_post_audit
Prophet,1,3,MASE,14.702890079441705,classical_post_audit
Prophet,1,3,DA,31.16883116883117,classical_post_audit
Prophet,1,3,HitRate_0.5pct,8.88888888888889,classical_post_audit
Prophet,1,3,fit_seconds,0.520850658416748,classical_post_audit
Prophet,1,3,pred_seconds,0.0376219749450683,classical_post_audit
Prophet,1,3,n_eval,90.0,classical_post_audit
MLForecast_LGBM,1,3,MAE,6.299086898773411,classical_post_audit
MLForecast_LGBM,1,3,RMSE,7.028807369131625,classical_post_audit
MLForecast_LGBM,1,3,MAPE,8.139279628770742,classical_post_audit
MLForecast_LGBM,1,3,sMAPE,8.566743967679349,classical_post_audit
MLForecast_LGBM,1,3,R2,-4.143932682283747,classical_post_audit
MLForecast_LGBM,1,3,MASE,14.15085229434978,classical_post_audit
MLForecast_LGBM,1,3,DA,31.16883116883117,classical_post_audit
MLForecast_LGBM,1,3,HitRate_0.5pct,8.88888888888889,classical_post_audit
MLForecast_LGBM,1,3,fit_seconds,0.0916347503662109,classical_post_audit
MLForecast_LGBM,1,3,pred_seconds,0.157632827758789,classical_post_audit
MLForecast_LGBM,1,3,n_eval,90.0,classical_post_audit
Naive,5,3,MAE,6.406976744186049,classical_post_audit
Naive,5,3,RMSE,7.0333921155558246,classical_post_audit
Naive,5,3,MAPE,8.273113467069434,classical_post_audit
Naive,5,3,sMAPE,8.700379790923781,classical_post_audit
Naive,5,3,R2,-4.875652011922504,classical_post_audit
Naive,5,3,MASE,14.393226036930116,classical_post_audit
Naive,5,3,DA,23.456790123456788,classical_post_audit
Naive,5,3,HitRate_0.5pct,19.76744186046512,classical_post_audit
Naive,5,3,fit_seconds,0.0,classical_post_audit
Naive,5,3,pred_seconds,0.0,classical_post_audit
Naive,5,3,n_eval,86.0,classical_post_audit
SeasonalNaive,5,3,MAE,5.761046511627909,classical_post_audit
SeasonalNaive,5,3,RMSE,6.4472839963997695,classical_post_audit
SeasonalNaive,5,3,MAPE,7.42599631937624,classical_post_audit
SeasonalNaive,5,3,sMAPE,7.782473840871616,classical_post_audit
SeasonalNaive,5,3,R2,-3.937191900277505,classical_post_audit
SeasonalNaive,5,3,MASE,12.942148529940155,classical_post_audit
SeasonalNaive,5,3,DA,32.098765432098766,classical_post_audit
SeasonalNaive,5,3,HitRate_0.5pct,26.744186046511626,classical_post_audit
SeasonalNaive,5,3,fit_seconds,0.0,classical_post_audit
SeasonalNaive,5,3,pred_seconds,0.0,classical_post_audit
SeasonalNaive,5,3,n_eval,86.0,classical_post_audit
RollingNaive,5,3,MAE,1.218604651162792,classical_post_audit
RollingNaive,5,3,RMSE,1.5567930662624343,classical_post_audit
RollingNaive,5,3,MAPE,1.591953057646111,classical_post_audit
RollingNaive,5,3,sMAPE,1.601285920098964,classical_post_audit
RollingNaive,5,3,R2,0.7121354514620484,classical_post_audit
RollingNaive,5,3,MASE,2.7375863678226446,classical_post_audit
RollingNaive,5,3,DA,,classical_post_audit
RollingNaive,5,3,HitRate_0.5pct,0.0,classical_post_audit
RollingNaive,5,3,fit_seconds,0.0,classical_post_audit
RollingNaive,5,3,pred_seconds,0.0006260871887207,classical_post_audit
RollingNaive,5,3,n_eval,86.0,classical_post_audit
AutoARIMA,5,3,MAE,4.98970612372892,classical_post_audit
AutoARIMA,5,3,RMSE,5.4997299273028855,classical_post_audit
AutoARIMA,5,3,MAPE,6.44105669445015,classical_post_audit
AutoARIMA,5,3,sMAPE,6.699091841086617,classical_post_audit
AutoARIMA,5,3,R2,-2.592602210177683,classical_post_audit
AutoARIMA,5,3,MASE,11.209338033239357,classical_post_audit
AutoARIMA,5,3,DA,26.82926829268293,classical_post_audit
AutoARIMA,5,3,HitRate_0.5pct,23.25581395348837,classical_post_audit
AutoARIMA,5,3,fit_seconds,2.5782904624938965,classical_post_audit
AutoARIMA,5,3,pred_seconds,0.003516674041748,classical_post_audit
AutoARIMA,5,3,n_eval,86.0,classical_post_audit
AutoETS,5,3,MAE,4.971679127494943,classical_post_audit
AutoETS,5,3,RMSE,5.449636994078014,classical_post_audit
AutoETS,5,3,MAPE,6.421722720140542,classical_post_audit
AutoETS,5,3,sMAPE,6.675215899124591,classical_post_audit
AutoETS,5,3,R2,-2.527455591628326,classical_post_audit
AutoETS,5,3,MASE,11.168840519057182,classical_post_audit
AutoETS,5,3,DA,25.60975609756097,classical_post_audit
AutoETS,5,3,HitRate_0.5pct,22.093023255813957,classical_post_audit
AutoETS,5,3,fit_seconds,0.7257423400878906,classical_post_audit
AutoETS,5,3,pred_seconds,0.0026757717132568,classical_post_audit
AutoETS,5,3,n_eval,86.0,classical_post_audit
AutoTheta,5,3,MAE,5.15479881489905,classical_post_audit
AutoTheta,5,3,RMSE,5.650683449946899,classical_post_audit
AutoTheta,5,3,MAPE,6.6579255624631655,classical_post_audit
AutoTheta,5,3,sMAPE,6.930858342533937,classical_post_audit
AutoTheta,5,3,R2,-2.7925242279812976,classical_post_audit
AutoTheta,5,3,MASE,11.580217547233698,classical_post_audit
AutoTheta,5,3,DA,25.60975609756097,classical_post_audit
AutoTheta,5,3,HitRate_0.5pct,22.093023255813957,classical_post_audit
AutoTheta,5,3,fit_seconds,0.1838822364807129,classical_post_audit
AutoTheta,5,3,pred_seconds,0.0032682418823242,classical_post_audit
AutoTheta,5,3,n_eval,86.0,classical_post_audit
HistoricAverage,5,3,MAE,20.142779893792344,classical_post_audit
HistoricAverage,5,3,RMSE,20.35069619203204,classical_post_audit
HistoricAverage,5,3,MAPE,26.32386499919848,classical_post_audit
HistoricAverage,5,3,sMAPE,30.374768679374647,classical_post_audit
HistoricAverage,5,3,R2,-48.190920322229786,classical_post_audit
HistoricAverage,5,3,MASE,45.25060658079792,classical_post_audit
HistoricAverage,5,3,DA,23.170731707317078,classical_post_audit
HistoricAverage,5,3,HitRate_0.5pct,19.76744186046512,classical_post_audit
HistoricAverage,5,3,fit_seconds,0.0015208721160888,classical_post_audit
HistoricAverage,5,3,pred_seconds,0.0036432743072509,classical_post_audit
HistoricAverage,5,3,n_eval,86.0,classical_post_audit
Prophet,5,3,MAE,6.820921757690059,classical_post_audit
Prophet,5,3,RMSE,7.360576220478019,classical_post_audit
Prophet,5,3,MAPE,8.824130640090415,classical_post_audit
Prophet,5,3,sMAPE,9.295134162806317,classical_post_audit
Prophet,5,3,R2,-5.435021980061631,classical_post_audit
Prophet,5,3,MASE,15.323150459026676,classical_post_audit
Prophet,5,3,DA,23.170731707317078,classical_post_audit
Prophet,5,3,HitRate_0.5pct,19.76744186046512,classical_post_audit
Prophet,5,3,fit_seconds,0.5426297187805176,classical_post_audit
Prophet,5,3,pred_seconds,0.0550599098205566,classical_post_audit
Prophet,5,3,n_eval,86.0,classical_post_audit
MLForecast_LGBM,5,3,MAE,6.5704161593882935,classical_post_audit
MLForecast_LGBM,5,3,RMSE,7.189591966742314,classical_post_audit
MLForecast_LGBM,5,3,MAPE,8.487014167545022,classical_post_audit
MLForecast_LGBM,5,3,sMAPE,8.934240833937752,classical_post_audit
MLForecast_LGBM,5,3,R2,-5.1395267078605045,classical_post_audit
MLForecast_LGBM,5,3,MASE,14.76039147864711,classical_post_audit
MLForecast_LGBM,5,3,DA,23.170731707317078,classical_post_audit
MLForecast_LGBM,5,3,HitRate_0.5pct,19.76744186046512,classical_post_audit
MLForecast_LGBM,5,3,fit_seconds,0.0976755619049072,classical_post_audit
MLForecast_LGBM,5,3,pred_seconds,0.1602602005004882,classical_post_audit
MLForecast_LGBM,5,3,n_eval,86.0,classical_post_audit
Naive,20,3,MAE,7.344366197183103,classical_post_audit
Naive,20,3,RMSE,7.667098630411034,classical_post_audit
Naive,20,3,MAPE,9.446965071539882,classical_post_audit
Naive,20,3,sMAPE,9.953607125910889,classical_post_audit
Naive,20,3,R2,-11.133788338537306,classical_post_audit
Naive,20,3,MASE,16.499064534605967,classical_post_audit
Naive,20,3,DA,5.797101449275362,classical_post_audit
Naive,20,3,HitRate_0.5pct,5.633802816901409,classical_post_audit
Naive,20,3,fit_seconds,0.0,classical_post_audit
Naive,20,3,pred_seconds,0.0,classical_post_audit
Naive,20,3,n_eval,71.0,classical_post_audit
SeasonalNaive,20,3,MAE,6.68380281690141,classical_post_audit
SeasonalNaive,20,3,RMSE,7.048541453358868,classical_post_audit
SeasonalNaive,20,3,MAPE,8.589841093568513,classical_post_audit
SeasonalNaive,20,3,sMAPE,9.01533859173979,classical_post_audit
SeasonalNaive,20,3,R2,-9.254933090219849,classical_post_audit
SeasonalNaive,20,3,MASE,15.015113769100124,classical_post_audit
SeasonalNaive,20,3,DA,15.942028985507244,classical_post_audit
SeasonalNaive,20,3,HitRate_0.5pct,15.492957746478872,classical_post_audit
SeasonalNaive,20,3,fit_seconds,0.0,classical_post_audit
SeasonalNaive,20,3,pred_seconds,0.0,classical_post_audit
SeasonalNaive,20,3,n_eval,71.0,classical_post_audit
RollingNaive,20,3,MAE,2.561267605633805,classical_post_audit
RollingNaive,20,3,RMSE,2.914443149769685,classical_post_audit
RollingNaive,20,3,MAPE,3.320446601252065,classical_post_audit
RollingNaive,20,3,sMAPE,3.3884895161126765,classical_post_audit
RollingNaive,20,3,R2,-0.7532566349323868,classical_post_audit
RollingNaive,20,3,MASE,5.753868799727867,classical_post_audit
RollingNaive,20,3,DA,,classical_post_audit
RollingNaive,20,3,HitRate_0.5pct,0.0,classical_post_audit
RollingNaive,20,3,fit_seconds,0.0,classical_post_audit
RollingNaive,20,3,pred_seconds,0.0,classical_post_audit
RollingNaive,20,3,n_eval,71.0,classical_post_audit
AutoARIMA,20,3,MAE,5.728894559463188,classical_post_audit
AutoARIMA,20,3,RMSE,5.99214090227745,classical_post_audit
AutoARIMA,20,3,MAPE,7.368388653696642,classical_post_audit
AutoARIMA,20,3,sMAPE,7.673968832941281,classical_post_audit
AutoARIMA,20,3,R2,-6.411367499842236,classical_post_audit
AutoARIMA,20,3,MASE,12.869919406359314,classical_post_audit
AutoARIMA,20,3,DA,18.571428571428573,classical_post_audit
AutoARIMA,20,3,HitRate_0.5pct,18.30985915492958,classical_post_audit
AutoARIMA,20,3,fit_seconds,2.592406749725342,classical_post_audit
AutoARIMA,20,3,pred_seconds,0.0045802593231201,classical_post_audit
AutoARIMA,20,3,n_eval,71.0,classical_post_audit
AutoETS,20,3,MAE,5.682451803750759,classical_post_audit
AutoETS,20,3,RMSE,5.9306675481523055,classical_post_audit
AutoETS,20,3,MAPE,7.310591075648307,classical_post_audit
AutoETS,20,3,sMAPE,7.610002076866859,classical_post_audit
AutoETS,20,3,R2,-6.2600811337521725,classical_post_audit
AutoETS,20,3,MASE,12.765586097930576,classical_post_audit
AutoETS,20,3,DA,18.571428571428573,classical_post_audit
AutoETS,20,3,HitRate_0.5pct,18.30985915492958,classical_post_audit
AutoETS,20,3,fit_seconds,0.7318212985992432,classical_post_audit
AutoETS,20,3,pred_seconds,0.0030272006988525,classical_post_audit
AutoETS,20,3,n_eval,71.0,classical_post_audit
AutoTheta,20,3,MAE,5.894601333234964,classical_post_audit
AutoTheta,20,3,RMSE,6.151163210778124,classical_post_audit
AutoTheta,20,3,MAPE,7.583315702785802,classical_post_audit
AutoTheta,20,3,sMAPE,7.905894149864554,classical_post_audit
AutoTheta,20,3,R2,-6.809960107420152,classical_post_audit
AutoTheta,20,3,MASE,13.242178452392515,classical_post_audit
AutoTheta,20,3,DA,15.714285714285714,classical_post_audit
AutoTheta,20,3,HitRate_0.5pct,15.492957746478872,classical_post_audit
AutoTheta,20,3,fit_seconds,0.1884026527404785,classical_post_audit
AutoTheta,20,3,pred_seconds,0.0030047893524169,classical_post_audit
AutoTheta,20,3,n_eval,71.0,classical_post_audit
HistoricAverage,20,3,MAE,21.0801693467894,classical_post_audit
HistoricAverage,20,3,RMSE,21.194768841849736,classical_post_audit
HistoricAverage,20,3,MAPE,27.266716681522,classical_post_audit
HistoricAverage,20,3,sMAPE,31.604047385970148,classical_post_audit
HistoricAverage,20,3,R2,-91.72389859636594,classical_post_audit
HistoricAverage,20,3,MASE,47.35644507847376,classical_post_audit
HistoricAverage,20,3,DA,5.714285714285714,classical_post_audit
HistoricAverage,20,3,HitRate_0.5pct,5.633802816901409,classical_post_audit
HistoricAverage,20,3,fit_seconds,0.0030086040496826,classical_post_audit
HistoricAverage,20,3,pred_seconds,0.003075361251831,classical_post_audit
HistoricAverage,20,3,n_eval,71.0,classical_post_audit
Prophet,20,3,MAE,7.764133257415569,classical_post_audit
Prophet,20,3,RMSE,8.003930700627404,classical_post_audit
Prophet,20,3,MAPE,10.001284835832774,classical_post_audit
Prophet,20,3,sMAPE,10.55674775478654,classical_post_audit
Prophet,20,3,R2,-12.223333590968148,classical_post_audit
Prophet,20,3,MASE,17.442068141770005,classical_post_audit
Prophet,20,3,DA,5.714285714285714,classical_post_audit
Prophet,20,3,HitRate_0.5pct,5.633802816901409,classical_post_audit
Prophet,20,3,fit_seconds,0.6047089099884033,classical_post_audit
Prophet,20,3,pred_seconds,0.0433554649353027,classical_post_audit
Prophet,20,3,n_eval,71.0,classical_post_audit
MLForecast_LGBM,20,3,MAE,7.516184371687485,classical_post_audit
MLForecast_LGBM,20,3,RMSE,7.834097963008495,classical_post_audit
MLForecast_LGBM,20,3,MAPE,9.669566459081544,classical_post_audit
MLForecast_LGBM,20,3,sMAPE,10.199381170035393,classical_post_audit
MLForecast_LGBM,20,3,R2,-11.668124140883403,classical_post_audit
MLForecast_LGBM,20,3,MASE,16.885052797344457,classical_post_audit
MLForecast_LGBM,20,3,DA,5.714285714285714,classical_post_audit
MLForecast_LGBM,20,3,HitRate_0.5pct,5.633802816901409,classical_post_audit
MLForecast_LGBM,20,3,fit_seconds,0.0954773426055908,classical_post_audit
MLForecast_LGBM,20,3,pred_seconds,0.1578481197357177,classical_post_audit
MLForecast_LGBM,20,3,n_eval,71.0,classical_post_audit
Naive,1,4,MAE,3.825999999999999,classical_post_audit
Naive,1,4,RMSE,4.561012070923635,classical_post_audit
Naive,1,4,MAPE,4.580728519838568,classical_post_audit
Naive,1,4,sMAPE,4.611980275867642,classical_post_audit
Naive,1,4,R2,-0.0084883653027041,classical_post_audit
Naive,1,4,MASE,7.739389415540787,classical_post_audit
Naive,1,4,DA,55.172413793103445,classical_post_audit
Naive,1,4,HitRate_0.5pct,14.444444444444445,classical_post_audit
Naive,1,4,fit_seconds,0.0,classical_post_audit
Naive,1,4,pred_seconds,0.0,classical_post_audit
Naive,1,4,n_eval,90.0,classical_post_audit
SeasonalNaive,1,4,MAE,3.8215555555555545,classical_post_audit
SeasonalNaive,1,4,RMSE,4.7078313006686585,classical_post_audit
SeasonalNaive,1,4,MAPE,4.539194745904054,classical_post_audit
SeasonalNaive,1,4,sMAPE,4.606622684183626,classical_post_audit
SeasonalNaive,1,4,R2,-0.0744599526255485,classical_post_audit
SeasonalNaive,1,4,MASE,7.730399011387286,classical_post_audit
SeasonalNaive,1,4,DA,54.23728813559322,classical_post_audit
SeasonalNaive,1,4,HitRate_0.5pct,14.444444444444445,classical_post_audit
SeasonalNaive,1,4,fit_seconds,0.0,classical_post_audit
SeasonalNaive,1,4,pred_seconds,0.0,classical_post_audit
SeasonalNaive,1,4,n_eval,90.0,classical_post_audit
RollingNaive,1,4,MAE,0.5471111111111111,classical_post_audit
RollingNaive,1,4,RMSE,1.1314729829346837,classical_post_audit
RollingNaive,1,4,MAPE,0.6495215699698955,classical_post_audit
RollingNaive,1,4,sMAPE,0.6461526133140224,classical_post_audit
RollingNaive,1,4,R2,0.9379364196364351,classical_post_audit
RollingNaive,1,4,MASE,1.106718751295895,classical_post_audit
RollingNaive,1,4,DA,,classical_post_audit
RollingNaive,1,4,HitRate_0.5pct,0.0,classical_post_audit
RollingNaive,1,4,fit_seconds,0.0,classical_post_audit
RollingNaive,1,4,pred_seconds,0.001021385192871,classical_post_audit
RollingNaive,1,4,n_eval,90.0,classical_post_audit
AutoARIMA,1,4,MAE,4.170609115520381,classical_post_audit
AutoARIMA,1,4,RMSE,4.960486417899117,classical_post_audit
AutoARIMA,1,4,MAPE,5.095447375793595,classical_post_audit
AutoARIMA,1,4,sMAPE,5.021157252126197,classical_post_audit
AutoARIMA,1,4,R2,-0.1928806083208318,classical_post_audit
AutoARIMA,1,4,MASE,8.436478840830205,classical_post_audit
AutoARIMA,1,4,DA,57.6271186440678,classical_post_audit
AutoARIMA,1,4,HitRate_0.5pct,15.555555555555555,classical_post_audit
AutoARIMA,1,4,fit_seconds,2.691635131835937,classical_post_audit
AutoARIMA,1,4,pred_seconds,0.0035345554351806,classical_post_audit
AutoARIMA,1,4,n_eval,90.0,classical_post_audit
AutoETS,1,4,MAE,4.191262583973506,classical_post_audit
AutoETS,1,4,RMSE,4.999655727027405,classical_post_audit
AutoETS,1,4,MAPE,5.129392114441724,classical_post_audit
AutoETS,1,4,sMAPE,5.045214393236303,classical_post_audit
AutoETS,1,4,R2,-0.2117935854298072,classical_post_audit
AutoETS,1,4,MASE,8.478257522257367,classical_post_audit
AutoETS,1,4,DA,57.6271186440678,classical_post_audit
AutoETS,1,4,HitRate_0.5pct,15.555555555555555,classical_post_audit
AutoETS,1,4,fit_seconds,0.8866276741027832,classical_post_audit
AutoETS,1,4,pred_seconds,0.0030174255371093,classical_post_audit
AutoETS,1,4,n_eval,90.0,classical_post_audit
AutoTheta,1,4,MAE,4.12784314518585,classical_post_audit
AutoTheta,1,4,RMSE,4.880640545294982,classical_post_audit
AutoTheta,1,4,MAPE,5.034327294626839,classical_post_audit
AutoTheta,1,4,sMAPE,4.971540983145347,classical_post_audit
AutoTheta,1,4,R2,-0.1547875575740553,classical_post_audit
AutoTheta,1,4,MASE,8.349970085432297,classical_post_audit
AutoTheta,1,4,DA,57.6271186440678,classical_post_audit
AutoTheta,1,4,HitRate_0.5pct,15.555555555555555,classical_post_audit
AutoTheta,1,4,fit_seconds,0.2537949085235595,classical_post_audit
AutoTheta,1,4,pred_seconds,0.0025165081024169,classical_post_audit
AutoTheta,1,4,n_eval,90.0,classical_post_audit
HistoricAverage,1,4,MAE,25.239084150326796,classical_post_audit
HistoricAverage,1,4,RMSE,25.64447511853776,classical_post_audit
HistoricAverage,1,4,MAPE,30.342961483792973,classical_post_audit
HistoricAverage,1,4,sMAPE,35.88597530356255,classical_post_audit
HistoricAverage,1,4,R2,-30.881304112691392,classical_post_audit
HistoricAverage,1,4,MASE,51.054652569519725,classical_post_audit
HistoricAverage,1,4,DA,52.54237288135594,classical_post_audit
HistoricAverage,1,4,HitRate_0.5pct,16.666666666666664,classical_post_audit
HistoricAverage,1,4,fit_seconds,0.0030322074890136,classical_post_audit
HistoricAverage,1,4,pred_seconds,0.0025444030761718,classical_post_audit
HistoricAverage,1,4,n_eval,90.0,classical_post_audit
Prophet,1,4,MAE,4.321136983827268,classical_post_audit
Prophet,1,4,RMSE,5.693045880200015,classical_post_audit
Prophet,1,4,MAPE,5.023910034606134,classical_post_audit
Prophet,1,4,sMAPE,5.229260861466482,classical_post_audit
Prophet,1,4,R2,-0.5712229593566993,classical_post_audit
Prophet,1,4,MASE,8.740972774630059,classical_post_audit
Prophet,1,4,DA,50.84745762711864,classical_post_audit
Prophet,1,4,HitRate_0.5pct,15.555555555555555,classical_post_audit
Prophet,1,4,fit_seconds,0.930950164794922,classical_post_audit
Prophet,1,4,pred_seconds,0.0463805198669433,classical_post_audit
Prophet,1,4,n_eval,90.0,classical_post_audit
MLForecast_LGBM,1,4,MAE,3.967348105032661,classical_post_audit
MLForecast_LGBM,1,4,RMSE,5.109218592805735,classical_post_audit
MLForecast_LGBM,1,4,MAPE,4.649808658691075,classical_post_audit
MLForecast_LGBM,1,4,sMAPE,4.787036134531429,classical_post_audit
MLForecast_LGBM,1,4,R2,-0.2654862095133821,classical_post_audit
MLForecast_LGBM,1,4,MASE,8.025314148420174,classical_post_audit
MLForecast_LGBM,1,4,DA,45.76271186440678,classical_post_audit
MLForecast_LGBM,1,4,HitRate_0.5pct,13.333333333333334,classical_post_audit
MLForecast_LGBM,1,4,fit_seconds,0.0957107543945312,classical_post_audit
MLForecast_LGBM,1,4,pred_seconds,0.1945288181304931,classical_post_audit
MLForecast_LGBM,1,4,n_eval,90.0,classical_post_audit
Naive,5,4,MAE,3.969069767441858,classical_post_audit
Naive,5,4,RMSE,4.662037183214481,classical_post_audit
Naive,5,4,MAPE,4.750840738985984,classical_post_audit
Naive,5,4,sMAPE,4.783801795130582,classical_post_audit
Naive,5,4,R2,-0.0100839572258899,classical_post_audit
Naive,5,4,MASE,8.028796797616952,classical_post_audit
Naive,5,4,DA,52.85714285714286,classical_post_audit
Naive,5,4,HitRate_0.5pct,34.88372093023256,classical_post_audit
Naive,5,4,fit_seconds,0.0015180110931396,classical_post_audit
Naive,5,4,pred_seconds,0.0,classical_post_audit
Naive,5,4,n_eval,86.0,classical_post_audit
SeasonalNaive,5,4,MAE,3.970232558139535,classical_post_audit
SeasonalNaive,5,4,RMSE,4.812315595983791,classical_post_audit
SeasonalNaive,5,4,MAPE,4.7149102053225365,classical_post_audit
SeasonalNaive,5,4,sMAPE,4.785244253482515,classical_post_audit
SeasonalNaive,5,4,R2,-0.0762525896226471,classical_post_audit
SeasonalNaive,5,4,MASE,8.03114893823851,classical_post_audit
SeasonalNaive,5,4,DA,52.85714285714286,classical_post_audit
SeasonalNaive,5,4,HitRate_0.5pct,34.88372093023256,classical_post_audit
SeasonalNaive,5,4,fit_seconds,0.0,classical_post_audit
SeasonalNaive,5,4,pred_seconds,0.0,classical_post_audit
SeasonalNaive,5,4,n_eval,86.0,classical_post_audit
RollingNaive,5,4,MAE,1.7883720930232558,classical_post_audit
RollingNaive,5,4,RMSE,3.182663795817789,classical_post_audit
RollingNaive,5,4,MAPE,2.179391715085908,classical_post_audit
RollingNaive,5,4,sMAPE,2.135578681440116,classical_post_audit
RollingNaive,5,4,R2,0.5292530280450782,classical_post_audit
RollingNaive,5,4,MASE,3.617592275952094,classical_post_audit
RollingNaive,5,4,DA,,classical_post_audit
RollingNaive,5,4,HitRate_0.5pct,0.0,classical_post_audit
RollingNaive,5,4,fit_seconds,0.0,classical_post_audit
RollingNaive,5,4,pred_seconds,0.0,classical_post_audit
RollingNaive,5,4,n_eval,86.0,classical_post_audit
AutoARIMA,5,4,MAE,4.329697007471033,classical_post_audit
AutoARIMA,5,4,RMSE,5.070966089294625,classical_post_audit
AutoARIMA,5,4,MAPE,5.289481543423947,classical_post_audit
AutoARIMA,5,4,sMAPE,5.211997838122493,classical_post_audit
AutoARIMA,5,4,R2,-0.1950536978354198,classical_post_audit
AutoARIMA,5,4,MASE,8.758288340857277,classical_post_audit
AutoARIMA,5,4,DA,53.52112676056338,classical_post_audit
AutoARIMA,5,4,HitRate_0.5pct,36.04651162790697,classical_post_audit
AutoARIMA,5,4,fit_seconds,2.751542091369629,classical_post_audit
AutoARIMA,5,4,pred_seconds,0.0045633316040039,classical_post_audit
AutoARIMA,5,4,n_eval,86.0,classical_post_audit
AutoETS,5,4,MAE,4.348140789969736,classical_post_audit
AutoETS,5,4,RMSE,5.110534201620981,classical_post_audit
AutoETS,5,4,MAPE,5.321110290954476,classical_post_audit
AutoETS,5,4,sMAPE,5.233320043973015,classical_post_audit
AutoETS,5,4,R2,-0.213776166711523,classical_post_audit
AutoETS,5,4,MASE,8.79559717908336,classical_post_audit
AutoETS,5,4,DA,54.929577464788736,classical_post_audit
AutoETS,5,4,HitRate_0.5pct,37.2093023255814,classical_post_audit
AutoETS,5,4,fit_seconds,0.8201634883880615,classical_post_audit
AutoETS,5,4,pred_seconds,0.0035839080810546,classical_post_audit
AutoETS,5,4,n_eval,86.0,classical_post_audit
AutoTheta,5,4,MAE,4.282319314036715,classical_post_audit
AutoTheta,5,4,RMSE,4.98884779675617,classical_post_audit
AutoTheta,5,4,MAPE,5.222303009964526,classical_post_audit
AutoTheta,5,4,sMAPE,5.156885913433045,classical_post_audit
AutoTheta,5,4,R2,-0.1566621285989748,classical_post_audit
AutoTheta,5,4,MASE,8.662450803194366,classical_post_audit
AutoTheta,5,4,DA,53.52112676056338,classical_post_audit
AutoTheta,5,4,HitRate_0.5pct,36.04651162790697,classical_post_audit
AutoTheta,5,4,fit_seconds,0.2608842849731445,classical_post_audit
AutoTheta,5,4,pred_seconds,0.003566026687622,classical_post_audit
AutoTheta,5,4,n_eval,86.0,classical_post_audit
HistoricAverage,5,4,MAE,25.286453659370714,classical_post_audit
HistoricAverage,5,4,RMSE,25.70841003885524,classical_post_audit
HistoricAverage,5,4,MAPE,30.373898010041582,classical_post_audit
HistoricAverage,5,4,sMAPE,35.93408991353442,classical_post_audit
HistoricAverage,5,4,R2,-29.7154189690521,classical_post_audit
HistoricAverage,5,4,MASE,51.15047355146272,classical_post_audit
HistoricAverage,5,4,DA,45.07042253521127,classical_post_audit
HistoricAverage,5,4,HitRate_0.5pct,32.55813953488372,classical_post_audit
HistoricAverage,5,4,fit_seconds,0.0025153160095214,classical_post_audit
HistoricAverage,5,4,pred_seconds,0.0025269985198974,classical_post_audit
HistoricAverage,5,4,n_eval,86.0,classical_post_audit
Prophet,5,4,MAE,4.435746583794196,classical_post_audit
Prophet,5,4,RMSE,5.808556630792368,classical_post_audit
Prophet,5,4,MAPE,5.152006120380934,classical_post_audit
Prophet,5,4,sMAPE,5.365558775698533,classical_post_audit
Prophet,5,4,R2,-0.5679870198181862,classical_post_audit
Prophet,5,4,MASE,8.972809764934139,classical_post_audit
Prophet,5,4,DA,49.29577464788733,classical_post_audit
Prophet,5,4,HitRate_0.5pct,36.04651162790697,classical_post_audit
Prophet,5,4,fit_seconds,0.8735570907592773,classical_post_audit
Prophet,5,4,pred_seconds,0.0424914360046386,classical_post_audit
Prophet,5,4,n_eval,86.0,classical_post_audit
MLForecast_LGBM,5,4,MAE,4.09040047919515,classical_post_audit
MLForecast_LGBM,5,4,RMSE,5.2170812028076,classical_post_audit
MLForecast_LGBM,5,4,MAPE,4.791023063845911,classical_post_audit
MLForecast_LGBM,5,4,sMAPE,4.933880660027675,classical_post_audit
MLForecast_LGBM,5,4,R2,-0.2649145854318382,classical_post_audit
MLForecast_LGBM,5,4,MASE,8.27422952796809,classical_post_audit
MLForecast_LGBM,5,4,DA,45.07042253521127,classical_post_audit
MLForecast_LGBM,5,4,HitRate_0.5pct,32.55813953488372,classical_post_audit
MLForecast_LGBM,5,4,fit_seconds,0.0962462425231933,classical_post_audit
MLForecast_LGBM,5,4,pred_seconds,0.1679668426513672,classical_post_audit
MLForecast_LGBM,5,4,n_eval,86.0,classical_post_audit
Naive,20,4,MAE,4.547042253521124,classical_post_audit
Naive,20,4,RMSE,5.094328246362823,classical_post_audit
Naive,20,4,MAPE,5.431900056875667,classical_post_audit
Naive,20,4,sMAPE,5.474679684843865,classical_post_audit
Naive,20,4,R2,-0.0269182906716625,classical_post_audit
Naive,20,4,MASE,9.197943201494542,classical_post_audit
Naive,20,4,DA,67.14285714285714,classical_post_audit
Naive,20,4,HitRate_0.5pct,66.19718309859155,classical_post_audit
Naive,20,4,fit_seconds,0.0,classical_post_audit
Naive,20,4,pred_seconds,0.0,classical_post_audit
Naive,20,4,n_eval,71.0,classical_post_audit
SeasonalNaive,20,4,MAE,4.639999999999999,classical_post_audit
SeasonalNaive,20,4,RMSE,5.276630380177683,classical_post_audit
SeasonalNaive,20,4,MAPE,5.501583859744068,classical_post_audit
SeasonalNaive,20,4,sMAPE,5.588178195365985,classical_post_audit
SeasonalNaive,20,4,R2,-0.1017305367195411,classical_post_audit
SeasonalNaive,20,4,MASE,9.385981936254378,classical_post_audit
SeasonalNaive,20,4,DA,61.42857142857143,classical_post_audit
SeasonalNaive,20,4,HitRate_0.5pct,60.56338028169014,classical_post_audit
SeasonalNaive,20,4,fit_seconds,0.0005140304565429,classical_post_audit
SeasonalNaive,20,4,pred_seconds,0.0,classical_post_audit
SeasonalNaive,20,4,n_eval,71.0,classical_post_audit
RollingNaive,20,4,MAE,6.219436619718307,classical_post_audit
RollingNaive,20,4,RMSE,7.491820516262204,classical_post_audit
RollingNaive,20,4,MAPE,7.676238594760859,classical_post_audit
RollingNaive,20,4,sMAPE,7.417488771721274,classical_post_audit
RollingNaive,20,4,R2,-1.2209397055538158,classical_post_audit
RollingNaive,20,4,MASE,12.58093098412824,classical_post_audit
RollingNaive,20,4,DA,,classical_post_audit
RollingNaive,20,4,HitRate_0.5pct,0.0,classical_post_audit
RollingNaive,20,4,fit_seconds,0.0,classical_post_audit
RollingNaive,20,4,pred_seconds,0.0,classical_post_audit
RollingNaive,20,4,n_eval,71.0,classical_post_audit
AutoARIMA,20,4,MAE,4.925465669400706,classical_post_audit
AutoARIMA,20,4,RMSE,5.533020343984783,classical_post_audit
AutoARIMA,20,4,MAPE,6.012260947332128,classical_post_audit
AutoARIMA,20,4,sMAPE,5.922459847927988,classical_post_audit
AutoARIMA,20,4,R2,-0.2113972233582561,classical_post_audit
AutoARIMA,20,4,MASE,9.963433577723302,classical_post_audit
AutoARIMA,20,4,DA,73.23943661971832,classical_post_audit
AutoARIMA,20,4,HitRate_0.5pct,71.83098591549296,classical_post_audit
AutoARIMA,20,4,fit_seconds,2.7246243953704834,classical_post_audit
AutoARIMA,20,4,pred_seconds,0.0040204524993896,classical_post_audit
AutoARIMA,20,4,n_eval,71.0,classical_post_audit
AutoETS,20,4,MAE,4.919507133445516,classical_post_audit
AutoETS,20,4,RMSE,5.568938599700089,classical_post_audit
AutoETS,20,4,MAPE,6.01562042176178,classical_post_audit
AutoETS,20,4,sMAPE,5.914007451578858,classical_post_audit
AutoETS,20,4,R2,-0.227176129569063,classical_post_audit
AutoETS,20,4,MASE,9.95138040728323,classical_post_audit
AutoETS,20,4,DA,76.05633802816901,classical_post_audit
AutoETS,20,4,HitRate_0.5pct,74.64788732394366,classical_post_audit
AutoETS,20,4,fit_seconds,0.8237230777740479,classical_post_audit
AutoETS,20,4,pred_seconds,0.002420425415039,classical_post_audit
AutoETS,20,4,n_eval,71.0,classical_post_audit
AutoTheta,20,4,MAE,4.854996814680231,classical_post_audit
AutoTheta,20,4,RMSE,5.438066378375916,classical_post_audit
AutoTheta,20,4,MAPE,5.914718123616186,classical_post_audit
AutoTheta,20,4,sMAPE,5.839843601532168,classical_post_audit
AutoTheta,20,4,R2,-0.1701756280881847,classical_post_audit
AutoTheta,20,4,MASE,9.820886293784742,classical_post_audit
AutoTheta,20,4,DA,73.23943661971832,classical_post_audit
AutoTheta,20,4,HitRate_0.5pct,71.83098591549296,classical_post_audit
AutoTheta,20,4,fit_seconds,0.2491166591644287,classical_post_audit
AutoTheta,20,4,pred_seconds,0.0037667751312255,classical_post_audit
AutoTheta,20,4,n_eval,71.0,classical_post_audit
HistoricAverage,20,4,MAE,25.645428438276703,classical_post_audit
HistoricAverage,20,4,RMSE,26.133501556649037,classical_post_audit
HistoricAverage,20,4,MAPE,30.63682056542155,classical_post_audit
HistoricAverage,20,4,sMAPE,36.322244701340175,classical_post_audit
HistoricAverage,20,4,R2,-26.02447382845494,classical_post_audit
HistoricAverage,20,4,MASE,51.87662242870033,classical_post_audit
HistoricAverage,20,4,DA,30.985915492957744,classical_post_audit
HistoricAverage,20,4,HitRate_0.5pct,30.985915492957744,classical_post_audit
HistoricAverage,20,4,fit_seconds,0.0025351047515869,classical_post_audit
HistoricAverage,20,4,pred_seconds,0.0031461715698242,classical_post_audit
HistoricAverage,20,4,n_eval,71.0,classical_post_audit
Prophet,20,4,MAE,5.004786991665751,classical_post_audit
Prophet,20,4,RMSE,6.33811347815081,classical_post_audit
Prophet,20,4,MAPE,5.78660227092185,classical_post_audit
Prophet,20,4,sMAPE,6.03992821219718,classical_post_audit
Prophet,20,4,R2,-0.5895787960559737,classical_post_audit
Prophet,20,4,MASE,10.12388799538268,classical_post_audit
Prophet,20,4,DA,43.66197183098591,classical_post_audit
Prophet,20,4,HitRate_0.5pct,43.66197183098591,classical_post_audit
Prophet,20,4,fit_seconds,0.868626594543457,classical_post_audit
Prophet,20,4,pred_seconds,0.0395452976226806,classical_post_audit
Prophet,20,4,n_eval,71.0,classical_post_audit
MLForecast_LGBM,20,4,MAE,4.790640824575384,classical_post_audit
MLForecast_LGBM,20,4,RMSE,5.728457503054877,classical_post_audit
MLForecast_LGBM,20,4,MAPE,5.601258389424132,classical_post_audit
MLForecast_LGBM,20,4,sMAPE,5.77318045341331,classical_post_audit
MLForecast_LGBM,20,4,R2,-0.2984864767949129,classical_post_audit
MLForecast_LGBM,20,4,MASE,9.690704362617964,classical_post_audit
MLForecast_LGBM,20,4,DA,43.66197183098591,classical_post_audit
MLForecast_LGBM,20,4,HitRate_0.5pct,43.66197183098591,classical_post_audit
MLForecast_LGBM,20,4,fit_seconds,0.091883897781372,classical_post_audit
MLForecast_LGBM,20,4,pred_seconds,0.170072317123413,classical_post_audit
MLForecast_LGBM,20,4,n_eval,71.0,classical_post_audit
LSTMv2,1,0,MAE,3.6759884728325742,dl
LSTMv2,1,0,RMSE,4.105265279319135,dl
LSTMv2,1,0,MAPE,5.472542140137563,dl
LSTMv2,1,0,sMAPE,5.667560474423638,dl
LSTMv2,1,0,R2,-136.20382371980884,dl
LSTMv2,1,0,MASE,7.294064274540654,dl
LSTMv2,1,0,DA,47.94520547945205,dl
LSTMv2,1,0,HitRate_0.5pct,2.2222222222222223,dl
LSTMv2,1,0,fit_seconds,11.024957180023192,dl
LSTMv2,1,0,pred_seconds,0.0511422157287597,dl
LSTMv2,1,0,n_eval,90.0,dl
GRU,1,0,MAE,4.864054785834419,dl
GRU,1,0,RMSE,5.310603376119553,dl
GRU,1,0,MAPE,7.233637529026201,dl
GRU,1,0,sMAPE,7.561267837885523,dl
GRU,1,0,R2,-228.59979553692543,dl
GRU,1,0,MASE,9.651479732585994,dl
GRU,1,0,DA,47.94520547945205,dl
GRU,1,0,HitRate_0.5pct,2.2222222222222223,dl
GRU,1,0,fit_seconds,2.169240951538086,dl
GRU,1,0,pred_seconds,0.1939926147460937,dl
GRU,1,0,n_eval,90.0,dl
N-HiTS,1,0,MAE,0.9864423794216576,dl
N-HiTS,1,0,RMSE,1.130892812311877,dl
N-HiTS,1,0,MAPE,1.4692473027289552,dl
N-HiTS,1,0,sMAPE,1.4551917540665684,dl
N-HiTS,1,0,R2,-9.605391413510777,dl
N-HiTS,1,0,MASE,1.95734403734081,dl
N-HiTS,1,0,DA,53.42465753424658,dl
N-HiTS,1,0,HitRate_0.5pct,4.444444444444445,dl
N-HiTS,1,0,fit_seconds,15.98912239074707,dl
N-HiTS,1,0,pred_seconds,0.0517036914825439,dl
N-HiTS,1,0,n_eval,90.0,dl
N-BEATS,1,0,MAE,0.8470106675889751,dl
N-BEATS,1,0,RMSE,1.1538408485225824,dl
N-BEATS,1,0,MAPE,1.2610543408859956,dl
N-BEATS,1,0,sMAPE,1.2468280165581285,dl
N-BEATS,1,0,R2,-10.040166770878512,dl
N-BEATS,1,0,MASE,1.6806772644351982,dl
N-BEATS,1,0,DA,58.9041095890411,dl
N-BEATS,1,0,HitRate_0.5pct,3.333333333333333,dl
N-BEATS,1,0,fit_seconds,14.429146766662598,dl
N-BEATS,1,0,pred_seconds,0.0395293235778808,dl
N-BEATS,1,0,n_eval,90.0,dl
PatchTST,1,0,MAE,0.5772419569227432,dl
PatchTST,1,0,RMSE,0.6921478327877679,dl
PatchTST,1,0,MAPE,0.8589193683116095,dl
PatchTST,1,0,sMAPE,0.8559684218230335,dl
PatchTST,1,0,R2,-2.9726613107276973,dl
PatchTST,1,0,MASE,1.145389863671611,dl
PatchTST,1,0,DA,56.16438356164384,dl
PatchTST,1,0,HitRate_0.5pct,2.2222222222222223,dl
PatchTST,1,0,fit_seconds,172.36209082603455,dl
PatchTST,1,0,pred_seconds,0.061263084411621,dl
PatchTST,1,0,n_eval,90.0,dl
TimeMixer,1,0,MAE,2.9556259324815533,dl
TimeMixer,1,0,RMSE,3.331405164871088,dl
TimeMixer,1,0,MAPE,4.397942764517604,dl
TimeMixer,1,0,sMAPE,4.278599717475228,dl
TimeMixer,1,0,R2,-91.0319710659312,dl
TimeMixer,1,0,MASE,5.8646880104081065,dl
TimeMixer,1,0,DA,52.05479452054794,dl
TimeMixer,1,0,HitRate_0.5pct,3.333333333333333,dl
TimeMixer,1,0,fit_seconds,6.646238565444946,dl
TimeMixer,1,0,pred_seconds,0.0526015758514404,dl
TimeMixer,1,0,n_eval,90.0,dl
TSMixer,1,0,MAE,0.8200074768066402,dl
TSMixer,1,0,RMSE,0.9915081663432324,dl
TSMixer,1,0,MAPE,1.2215738701828105,dl
TSMixer,1,0,sMAPE,1.211039621211034,dl
TSMixer,1,0,R2,-7.1522296458758525,dl
TSMixer,1,0,MASE,1.6270962995764422,dl
TSMixer,1,0,DA,56.16438356164384,dl
TSMixer,1,0,HitRate_0.5pct,3.333333333333333,dl
TSMixer,1,0,fit_seconds,2.1251895427703857,dl
TSMixer,1,0,pred_seconds,0.0512449741363525,dl
TSMixer,1,0,n_eval,90.0,dl
LSTMv2,1,1,MAE,1.7342158338758675,dl
LSTMv2,1,1,RMSE,1.8219833364145293,dl
LSTMv2,1,1,MAPE,2.5844242936166117,dl
LSTMv2,1,1,sMAPE,2.621828547652344,dl
LSTMv2,1,1,R2,-110.93351394309371,dl
LSTMv2,1,1,MASE,3.579273691754453,dl
LSTMv2,1,1,DA,50.72463768115942,dl
LSTMv2,1,1,HitRate_0.5pct,0.0,dl
LSTMv2,1,1,fit_seconds,6.303533554077148,dl
LSTMv2,1,1,pred_seconds,0.0528042316436767,dl
LSTMv2,1,1,n_eval,90.0,dl
GRU,1,1,MAE,0.5503883022732209,dl
GRU,1,1,RMSE,0.6748838290373442,dl
GRU,1,1,MAPE,0.820276902638729,dl
GRU,1,1,sMAPE,0.8250563613393207,dl
GRU,1,1,R2,-14.357813193345535,dl
GRU,1,1,MASE,1.1359545519620404,dl
GRU,1,1,DA,47.82608695652174,dl
GRU,1,1,HitRate_0.5pct,0.0,dl
GRU,1,1,fit_seconds,2.107518196105957,dl
GRU,1,1,pred_seconds,0.1892924308776855,dl
GRU,1,1,n_eval,90.0,dl
N-HiTS,1,1,MAE,0.8030853949652776,dl
N-HiTS,1,1,RMSE,0.9464096429091106,dl
N-HiTS,1,1,MAPE,1.1964913551990617,dl
N-HiTS,1,1,sMAPE,1.2053280039222023,dl
N-HiTS,1,1,R2,-28.44409581375956,dl
N-HiTS,1,1,MASE,1.657499816506232,dl
N-HiTS,1,1,DA,52.17391304347826,dl
N-HiTS,1,1,HitRate_0.5pct,0.0,dl
N-HiTS,1,1,fit_seconds,13.988823175430298,dl
N-HiTS,1,1,pred_seconds,0.0465948581695556,dl
N-HiTS,1,1,n_eval,90.0,dl
N-BEATS,1,1,MAE,0.8690804545084633,dl
N-BEATS,1,1,RMSE,0.9484825934206464,dl
N-BEATS,1,1,MAPE,1.2949457678920429,dl
N-BEATS,1,1,sMAPE,1.3049957723282395,dl
N-BEATS,1,1,R2,-28.573221713163584,dl
N-BEATS,1,1,MASE,1.7937079953237256,dl
N-BEATS,1,1,DA,50.72463768115942,dl
N-BEATS,1,1,HitRate_0.5pct,0.0,dl
N-BEATS,1,1,fit_seconds,15.3076913356781,dl
N-BEATS,1,1,pred_seconds,0.0421462059020996,dl
N-BEATS,1,1,n_eval,90.0,dl
PatchTST,1,1,MAE,0.3845953877766929,dl
PatchTST,1,1,RMSE,0.4629296521504303,dl
PatchTST,1,1,MAPE,0.5729873974567307,dl
PatchTST,1,1,sMAPE,0.5742939930871881,dl
PatchTST,1,1,R2,-6.044820117510773,dl
PatchTST,1,1,MASE,0.7937721052648122,dl
PatchTST,1,1,DA,49.275362318840585,dl
PatchTST,1,1,HitRate_0.5pct,1.1111111111111112,dl
PatchTST,1,1,fit_seconds,171.08067798614502,dl
PatchTST,1,1,pred_seconds,0.0572288036346435,dl
PatchTST,1,1,n_eval,90.0,dl
TimeMixer,1,1,MAE,0.311821441650391,dl
TimeMixer,1,1,RMSE,0.3793209932562202,dl
TimeMixer,1,1,MAPE,0.4644615296127194,dl
TimeMixer,1,1,sMAPE,0.4657301542791635,dl
TimeMixer,1,1,R2,-3.729918604687717,dl
TimeMixer,1,1,MASE,0.6435728822344954,dl
TimeMixer,1,1,DA,52.17391304347826,dl
TimeMixer,1,1,HitRate_0.5pct,1.1111111111111112,dl
TimeMixer,1,1,fit_seconds,6.5460169315338135,dl
TimeMixer,1,1,pred_seconds,0.0445237159729003,dl
TimeMixer,1,1,n_eval,90.0,dl
TSMixer,1,1,MAE,0.4089896477593316,dl
TSMixer,1,1,RMSE,0.4611594147390208,dl
TSMixer,1,1,MAPE,0.6102100389311605,dl
TSMixer,1,1,sMAPE,0.6079246891512533,dl
TSMixer,1,1,R2,-5.991044518621858,dl
TSMixer,1,1,MASE,0.844119778997289,dl
TSMixer,1,1,DA,56.52173913043478,dl
TSMixer,1,1,HitRate_0.5pct,4.444444444444445,dl
TSMixer,1,1,fit_seconds,2.0239124298095703,dl
TSMixer,1,1,pred_seconds,0.0397100448608398,dl
TSMixer,1,1,n_eval,90.0,dl
LSTMv2,1,2,MAE,1.2741341654459637,dl
LSTMv2,1,2,RMSE,1.466496978129988,dl
LSTMv2,1,2,MAPE,1.8417769912840345,dl
LSTMv2,1,2,sMAPE,1.8642178510928733,dl
LSTMv2,1,2,R2,-0.4289450013987224,dl
LSTMv2,1,2,MASE,2.7816938766239443,dl
LSTMv2,1,2,DA,39.436619718309856,dl
LSTMv2,1,2,HitRate_0.5pct,1.1111111111111112,dl
LSTMv2,1,2,fit_seconds,4.16857123374939,dl
LSTMv2,1,2,pred_seconds,0.054908275604248,dl
LSTMv2,1,2,n_eval,90.0,dl
GRU,1,2,MAE,0.4074060567220056,dl
GRU,1,2,RMSE,0.4811545928132581,dl
GRU,1,2,MAPE,0.5937360170855545,dl
GRU,1,2,sMAPE,0.5932205546473884,dl
GRU,1,2,R2,0.8461765880881496,dl
GRU,1,2,MASE,0.889450235318388,dl
GRU,1,2,DA,52.11267605633802,dl
GRU,1,2,HitRate_0.5pct,1.1111111111111112,dl
GRU,1,2,fit_seconds,3.886419773101807,dl
GRU,1,2,pred_seconds,0.2262806892395019,dl
GRU,1,2,n_eval,90.0,dl
N-HiTS,1,2,MAE,1.303816714816623,dl
N-HiTS,1,2,RMSE,1.6164241128991952,dl
N-HiTS,1,2,MAPE,1.8792419694563984,dl
N-HiTS,1,2,sMAPE,1.9064661773839355,dl
N-HiTS,1,2,R2,-0.7347016586768533,dl
N-HiTS,1,2,MASE,2.8464969154766475,dl
N-HiTS,1,2,DA,42.25352112676056,dl
N-HiTS,1,2,HitRate_0.5pct,1.1111111111111112,dl
N-HiTS,1,2,fit_seconds,14.049596309661863,dl
N-HiTS,1,2,pred_seconds,0.0486547946929931,dl
N-HiTS,1,2,n_eval,90.0,dl
N-BEATS,1,2,MAE,1.48624520195855,dl
N-BEATS,1,2,RMSE,1.845165323866515,dl
N-BEATS,1,2,MAPE,2.1420273578193134,dl
N-BEATS,1,2,sMAPE,2.177601451011869,dl
N-BEATS,1,2,R2,-1.2603969969972335,dl
N-BEATS,1,2,MASE,3.244775385175206,dl
N-BEATS,1,2,DA,40.845070422535215,dl
N-BEATS,1,2,HitRate_0.5pct,1.1111111111111112,dl
N-BEATS,1,2,fit_seconds,15.01014757156372,dl
N-BEATS,1,2,pred_seconds,0.0733876228332519,dl
N-BEATS,1,2,n_eval,90.0,dl
PatchTST,1,2,MAE,1.2425196160210503,dl
PatchTST,1,2,RMSE,1.5854190997258202,dl
PatchTST,1,2,MAPE,1.788896327951241,dl
PatchTST,1,2,sMAPE,1.815039349109069,dl
PatchTST,1,2,R2,-0.6687924443215776,dl
PatchTST,1,2,MASE,2.7126728889348453,dl
PatchTST,1,2,DA,42.25352112676056,dl
PatchTST,1,2,HitRate_0.5pct,1.1111111111111112,dl
PatchTST,1,2,fit_seconds,173.4911551475525,dl
PatchTST,1,2,pred_seconds,0.0501410961151123,dl
PatchTST,1,2,n_eval,90.0,dl
TimeMixer,1,2,MAE,1.4330584038628469,dl
TimeMixer,1,2,RMSE,1.8327183759469732,dl
TimeMixer,1,2,MAPE,2.063015624629614,dl
TimeMixer,1,2,sMAPE,2.098045825549069,dl
TimeMixer,1,2,R2,-1.2300038957061807,dl
TimeMixer,1,2,MASE,3.128657793643338,dl
TimeMixer,1,2,DA,40.845070422535215,dl
TimeMixer,1,2,HitRate_0.5pct,1.1111111111111112,dl
TimeMixer,1,2,fit_seconds,6.6803879737854,dl
TimeMixer,1,2,pred_seconds,0.0549707412719726,dl
TimeMixer,1,2,n_eval,90.0,dl
TSMixer,1,2,MAE,1.4194872368706597,dl
TSMixer,1,2,RMSE,1.8537067542488448,dl
TSMixer,1,2,MAPE,2.041900904808758,dl
TSMixer,1,2,sMAPE,2.077727595586303,dl
TSMixer,1,2,R2,-1.2813725814390842,dl
TSMixer,1,2,MASE,3.0990291774861105,dl
TSMixer,1,2,DA,43.66197183098591,dl
TSMixer,1,2,HitRate_0.5pct,1.1111111111111112,dl
TSMixer,1,2,fit_seconds,2.101715087890625,dl
TSMixer,1,2,pred_seconds,0.0433368682861328,dl
TSMixer,1,2,n_eval,90.0,dl
LSTMv2,1,3,MAE,7.208363766140408,dl
LSTMv2,1,3,RMSE,7.719962444624636,dl
LSTMv2,1,3,MAPE,9.342137948078502,dl
LSTMv2,1,3,sMAPE,9.861897356966605,dl
LSTMv2,1,3,R2,-5.170713771308114,dl
LSTMv2,1,3,MASE,16.19353607559512,dl
LSTMv2,1,3,DA,31.16883116883117,dl
LSTMv2,1,3,HitRate_0.5pct,8.88888888888889,dl
LSTMv2,1,3,fit_seconds,3.406470537185669,dl
LSTMv2,1,3,pred_seconds,0.0512094497680664,dl
LSTMv2,1,3,n_eval,90.0,dl
GRU,1,3,MAE,4.697221883138021,dl
GRU,1,3,RMSE,5.203334082549991,dl
GRU,1,3,MAPE,6.063840892622525,dl
GRU,1,3,sMAPE,6.293955945846308,dl
GRU,1,3,R2,-1.8032927163903048,dl
GRU,1,3,MASE,10.552274342336345,dl
GRU,1,3,DA,32.467532467532465,dl
GRU,1,3,HitRate_0.5pct,10.0,dl
GRU,1,3,fit_seconds,6.3860180377960205,dl
GRU,1,3,pred_seconds,0.1778557300567627,dl
GRU,1,3,n_eval,90.0,dl
N-HiTS,1,3,MAE,6.4521660529242615,dl
N-HiTS,1,3,RMSE,7.20957285557817,dl
N-HiTS,1,3,MAPE,8.335926933734674,dl
N-HiTS,1,3,sMAPE,8.786581670618913,dl
N-HiTS,1,3,R2,-4.411916206635588,dl
N-HiTS,1,3,MASE,14.494743485969076,dl
N-HiTS,1,3,DA,31.16883116883117,dl
N-HiTS,1,3,HitRate_0.5pct,8.88888888888889,dl
N-HiTS,1,3,fit_seconds,14.306493043899536,dl
N-HiTS,1,3,pred_seconds,0.0427973270416259,dl
N-HiTS,1,3,n_eval,90.0,dl
N-BEATS,1,3,MAE,4.848948313395182,dl
N-BEATS,1,3,RMSE,5.294312205970259,dl
N-BEATS,1,3,MAPE,6.292017248456161,dl
N-BEATS,1,3,sMAPE,6.534601104156879,dl
N-BEATS,1,3,R2,-1.9184421572285624,dl
N-BEATS,1,3,MASE,10.893126649697926,dl
N-BEATS,1,3,DA,32.467532467532465,dl
N-BEATS,1,3,HitRate_0.5pct,8.88888888888889,dl
N-BEATS,1,3,fit_seconds,15.07773470878601,dl
N-BEATS,1,3,pred_seconds,0.0423221588134765,dl
N-BEATS,1,3,n_eval,90.0,dl
PatchTST,1,3,MAE,5.824521280924479,dl
PatchTST,1,3,RMSE,6.517802767607833,dl
PatchTST,1,3,MAPE,7.523982791939542,dl
PatchTST,1,3,sMAPE,7.89024146359628,dl
PatchTST,1,3,R2,-3.423178058596309,dl
PatchTST,1,3,MASE,13.084744131361148,dl
PatchTST,1,3,DA,32.467532467532465,dl
PatchTST,1,3,HitRate_0.5pct,8.88888888888889,dl
PatchTST,1,3,fit_seconds,172.66910314559937,dl
PatchTST,1,3,pred_seconds,0.0485930442810058,dl
PatchTST,1,3,n_eval,90.0,dl
TimeMixer,1,3,MAE,4.842732662624783,dl
TimeMixer,1,3,RMSE,5.482320915953393,dl
TimeMixer,1,3,MAPE,6.248886739293969,dl
TimeMixer,1,3,sMAPE,6.505615774653169,dl
TimeMixer,1,3,R2,-2.129398730135034,dl
TimeMixer,1,3,MASE,10.879163236051053,dl
TimeMixer,1,3,DA,37.66233766233766,dl
TimeMixer,1,3,HitRate_0.5pct,10.0,dl
TimeMixer,1,3,fit_seconds,6.46664571762085,dl
TimeMixer,1,3,pred_seconds,0.0538914203643798,dl
TimeMixer,1,3,n_eval,90.0,dl
TSMixer,1,3,MAE,4.495072665744358,dl
TSMixer,1,3,RMSE,5.143249613917989,dl
TSMixer,1,3,MAPE,5.794551766820347,dl
TSMixer,1,3,sMAPE,6.018977500864075,dl
TSMixer,1,3,R2,-1.754274353901947,dl
TSMixer,1,3,MASE,10.098147615284336,dl
TSMixer,1,3,DA,38.961038961038966,dl
TSMixer,1,3,HitRate_0.5pct,10.0,dl
TSMixer,1,3,fit_seconds,1.9943783283233645,dl
TSMixer,1,3,pred_seconds,0.0416779518127441,dl
TSMixer,1,3,n_eval,90.0,dl
LSTMv2,1,4,MAE,12.493276306152348,dl
LSTMv2,1,4,RMSE,13.305525494162554,dl
LSTMv2,1,4,MAPE,14.878705760593464,dl
LSTMv2,1,4,sMAPE,16.211469474711354,dl
LSTMv2,1,4,R2,-7.412357295593505,dl
LSTMv2,1,4,MASE,25.271910718573444,dl
LSTMv2,1,4,DA,54.38596491228071,dl
LSTMv2,1,4,HitRate_0.5pct,16.666666666666664,dl
LSTMv2,1,4,fit_seconds,2.617949247360229,dl
LSTMv2,1,4,pred_seconds,0.0500974655151367,dl
LSTMv2,1,4,n_eval,90.0,dl
GRU,1,4,MAE,9.140805908203124,dl
GRU,1,4,RMSE,9.738956749589963,dl
GRU,1,4,MAPE,10.892982198624368,dl
GRU,1,4,sMAPE,11.587853568050251,dl
GRU,1,4,R2,-3.506906221567796,dl
GRU,1,4,MASE,18.49039636577626,dl
GRU,1,4,DA,54.38596491228071,dl
GRU,1,4,HitRate_0.5pct,16.666666666666664,dl
GRU,1,4,fit_seconds,6.563913345336914,dl
GRU,1,4,pred_seconds,0.1855852603912353,dl
GRU,1,4,n_eval,90.0,dl
N-HiTS,1,4,MAE,4.413443525526257,dl
N-HiTS,1,4,RMSE,5.1757117713871095,dl
N-HiTS,1,4,MAPE,5.306560547880507,dl
N-HiTS,1,4,sMAPE,5.321192116809241,dl
N-HiTS,1,4,R2,-0.2986395198275571,dl
N-HiTS,1,4,MASE,8.927694225704375,dl
N-HiTS,1,4,DA,52.54237288135594,dl
N-HiTS,1,4,HitRate_0.5pct,13.333333333333334,dl
N-HiTS,1,4,fit_seconds,14.161103963851929,dl
N-HiTS,1,4,pred_seconds,0.0467615127563476,dl
N-HiTS,1,4,n_eval,90.0,dl
N-BEATS,1,4,MAE,5.588315419514973,dl
N-BEATS,1,4,RMSE,6.846456334019084,dl
N-BEATS,1,4,MAPE,6.832440692805395,dl
N-BEATS,1,4,sMAPE,6.666345859012439,dl
N-BEATS,1,4,R2,-1.2723756883663406,dl
N-BEATS,1,4,MASE,11.304273185702447,dl
N-BEATS,1,4,DA,54.23728813559322,dl
N-BEATS,1,4,HitRate_0.5pct,14.444444444444445,dl
N-BEATS,1,4,fit_seconds,14.63523817062378,dl
N-BEATS,1,4,pred_seconds,0.0406329631805419,dl
N-BEATS,1,4,n_eval,90.0,dl
PatchTST,1,4,MAE,13.555821183946396,dl
PatchTST,1,4,RMSE,17.131346629877832,dl
PatchTST,1,4,MAPE,16.899195792886438,dl
PatchTST,1,4,sMAPE,14.870298779246289,dl
PatchTST,1,4,R2,-13.22759368681035,dl
PatchTST,1,4,MASE,27.42126999215848,dl
PatchTST,1,4,DA,47.45762711864407,dl
PatchTST,1,4,HitRate_0.5pct,17.77777777777778,dl
PatchTST,1,4,fit_seconds,171.45946383476257,dl
PatchTST,1,4,pred_seconds,0.0525627136230468,dl
PatchTST,1,4,n_eval,90.0,dl
TimeMixer,1,4,MAE,7.57457923719618,dl
TimeMixer,1,4,RMSE,10.609342064442544,dl
TimeMixer,1,4,MAPE,9.578644026152158,dl
TimeMixer,1,4,sMAPE,8.754607351010463,dl
TimeMixer,1,4,R2,-4.456640638768047,dl
TimeMixer,1,4,MASE,15.322168942898886,dl
TimeMixer,1,4,DA,47.45762711864407,dl
TimeMixer,1,4,HitRate_0.5pct,17.77777777777778,dl
TimeMixer,1,4,fit_seconds,6.60540246963501,dl
TimeMixer,1,4,pred_seconds,0.0522031784057617,dl
TimeMixer,1,4,n_eval,90.0,dl
TSMixer,1,4,MAE,4.271466410319009,dl
TSMixer,1,4,RMSE,5.193732215678393,dl
TSMixer,1,4,MAPE,5.223977280979724,dl
TSMixer,1,4,sMAPE,5.136558265354115,dl
TSMixer,1,4,R2,-0.3076982935832424,dl
TSMixer,1,4,MASE,8.640497105295596,dl
TSMixer,1,4,DA,57.6271186440678,dl
TSMixer,1,4,HitRate_0.5pct,16.666666666666664,dl
TSMixer,1,4,fit_seconds,2.0214953422546387,dl
TSMixer,1,4,pred_seconds,0.0403761863708496,dl
TSMixer,1,4,n_eval,90.0,dl
LSTMv2,5,0,MAE,4.553499323527019,dl
LSTMv2,5,0,RMSE,5.008607358362298,dl
LSTMv2,5,0,MAPE,6.777148600316737,dl
LSTMv2,5,0,sMAPE,7.069195689289434,dl
LSTMv2,5,0,R2,-192.8281436642227,dl
LSTMv2,5,0,MASE,9.03526139577103,dl
LSTMv2,5,0,DA,58.333333333333336,dl
LSTMv2,5,0,HitRate_0.5pct,14.444444444444445,dl
LSTMv2,5,0,fit_seconds,2.899049758911133,dl
LSTMv2,5,0,pred_seconds,0.0477364063262939,dl
LSTMv2,5,0,n_eval,90.0,dl
GRU,5,0,MAE,5.007644331190321,dl
GRU,5,0,RMSE,5.561658411845971,dl
GRU,5,0,MAPE,7.44860864366794,dl
GRU,5,0,sMAPE,7.809550057893818,dl
GRU,5,0,R2,-237.99646941780483,dl
GRU,5,0,MASE,9.936396668729422,dl
GRU,5,0,DA,58.333333333333336,dl
GRU,5,0,HitRate_0.5pct,14.444444444444445,dl
GRU,5,0,fit_seconds,5.725728273391724,dl
GRU,5,0,pred_seconds,0.1860883235931396,dl
GRU,5,0,n_eval,90.0,dl
N-HiTS,5,0,MAE,1.0247132057367363,dl
N-HiTS,5,0,RMSE,1.156157058189189,dl
N-HiTS,5,0,MAPE,1.5262539352955038,dl
N-HiTS,5,0,sMAPE,1.5115628576630808,dl
N-HiTS,5,0,R2,-9.642023362302966,dl
N-HiTS,5,0,MASE,2.033282759413805,dl
N-HiTS,5,0,DA,40.25974025974026,dl
N-HiTS,5,0,HitRate_0.5pct,13.953488372093023,dl
N-HiTS,5,0,fit_seconds,13.73520541191101,dl
N-HiTS,5,0,pred_seconds,0.0522687435150146,dl
N-HiTS,5,0,n_eval,86.0,dl
N-BEATS,5,0,MAE,0.8823379516601555,dl
N-BEATS,5,0,RMSE,1.1801603648093373,dl
N-BEATS,5,0,MAPE,1.3136590961222687,dl
N-BEATS,5,0,sMAPE,1.2987687695907768,dl
N-BEATS,5,0,R2,-10.088494571883617,dl
N-BEATS,5,0,MASE,1.7507752755047454,dl
N-BEATS,5,0,DA,48.05194805194805,dl
N-BEATS,5,0,HitRate_0.5pct,15.11627906976744,dl
N-BEATS,5,0,fit_seconds,15.404314994812012,dl
N-BEATS,5,0,pred_seconds,0.0447139739990234,dl
N-BEATS,5,0,n_eval,86.0,dl
PatchTST,5,0,MAE,0.5975068912949674,dl
PatchTST,5,0,RMSE,0.7072007153268122,dl
PatchTST,5,0,MAPE,0.8890680056057816,dl
PatchTST,5,0,sMAPE,0.8859927252104667,dl
PatchTST,5,0,R2,-2.98176771470618,dl
PatchTST,5,0,MASE,1.1856004723072937,dl
PatchTST,5,0,DA,53.24675324675325,dl
PatchTST,5,0,HitRate_0.5pct,13.953488372093023,dl
PatchTST,5,0,fit_seconds,174.35548567771912,dl
PatchTST,5,0,pred_seconds,0.0749790668487548,dl
PatchTST,5,0,n_eval,86.0,dl
TimeMixer,5,0,MAE,3.086027810739916,dl
TimeMixer,5,0,RMSE,3.4077508076709013,dl
TimeMixer,5,0,MAPE,4.591971798304342,dl
TimeMixer,5,0,sMAPE,4.46709665818018,dl
TimeMixer,5,0,R2,-91.45410464689832,dl
TimeMixer,5,0,MASE,6.123437374984975,dl
TimeMixer,5,0,DA,40.25974025974026,dl
TimeMixer,5,0,HitRate_0.5pct,13.953488372093023,dl
TimeMixer,5,0,fit_seconds,6.760514497756958,dl
TimeMixer,5,0,pred_seconds,0.0507588386535644,dl
TimeMixer,5,0,n_eval,86.0,dl
TSMixer,5,0,MAE,0.850534785071084,dl
TSMixer,5,0,RMSE,1.0133848675120325,dl
TSMixer,5,0,MAPE,1.2670780844787983,dl
TSMixer,5,0,sMAPE,1.2560343300763328,dl
TSMixer,5,0,R2,-7.1759714829585,dl
TSMixer,5,0,MASE,1.687669979351338,dl
TSMixer,5,0,DA,41.55844155844156,dl
TSMixer,5,0,HitRate_0.5pct,16.27906976744186,dl
TSMixer,5,0,fit_seconds,2.105198860168457,dl
TSMixer,5,0,pred_seconds,0.0412547588348388,dl
TSMixer,5,0,n_eval,86.0,dl
LSTMv2,5,1,MAE,1.7343617078993054,dl
LSTMv2,5,1,RMSE,1.814312116713971,dl
LSTMv2,5,1,MAPE,2.584641991214958,dl
LSTMv2,5,1,sMAPE,2.6215908270516413,dl
LSTMv2,5,1,R2,-120.35542533579024,dl
LSTMv2,5,1,MASE,3.5795747633074875,dl
LSTMv2,5,1,DA,47.88732394366197,dl
LSTMv2,5,1,HitRate_0.5pct,2.2222222222222223,dl
LSTMv2,5,1,fit_seconds,2.870419502258301,dl
LSTMv2,5,1,pred_seconds,0.0487935543060302,dl
LSTMv2,5,1,n_eval,90.0,dl
GRU,5,1,MAE,0.6600380113389754,dl
GRU,5,1,RMSE,0.7691673751925336,dl
GRU,5,1,MAPE,0.9834987195334834,dl
GRU,5,1,sMAPE,0.9900620412203556,dl
GRU,5,1,R2,-20.81106664963187,dl
GRU,5,1,MASE,1.3622622071576722,dl
GRU,5,1,DA,56.33802816901409,dl
GRU,5,1,HitRate_0.5pct,2.2222222222222223,dl
GRU,5,1,fit_seconds,1.99503231048584,dl
GRU,5,1,pred_seconds,0.1824188232421875,dl
GRU,5,1,n_eval,90.0,dl
N-HiTS,5,1,MAE,0.834458799140398,dl
N-HiTS,5,1,RMSE,0.9676792005426244,dl
N-HiTS,5,1,MAPE,1.2431939605497953,dl
N-HiTS,5,1,sMAPE,1.2524309867392809,dl
N-HiTS,5,1,R2,-31.554464830610755,dl
N-HiTS,5,1,MASE,1.7222518490913672,dl
N-HiTS,5,1,DA,44.15584415584416,dl
N-HiTS,5,1,HitRate_0.5pct,2.3255813953488373,dl
N-HiTS,5,1,fit_seconds,14.19762086868286,dl
N-HiTS,5,1,pred_seconds,0.0418267250061035,dl
N-HiTS,5,1,n_eval,86.0,dl
N-BEATS,5,1,MAE,0.9065347361010172,dl
N-BEATS,5,1,RMSE,0.9701792755916702,dl
N-BEATS,5,1,MAPE,1.3507332484964645,dl
N-BEATS,5,1,sMAPE,1.3612489553126814,dl
N-BEATS,5,1,R2,-31.722896149858485,dl
N-BEATS,5,1,MASE,1.871010440687852,dl
N-BEATS,5,1,DA,49.35064935064935,dl
N-BEATS,5,1,HitRate_0.5pct,2.3255813953488373,dl
N-BEATS,5,1,fit_seconds,14.585610151290894,dl
N-BEATS,5,1,pred_seconds,0.049750804901123,dl
N-BEATS,5,1,n_eval,86.0,dl
PatchTST,5,1,MAE,0.4002433421999913,dl
PatchTST,5,1,RMSE,0.4734430830595938,dl
PatchTST,5,1,MAPE,0.5962851646662178,dl
PatchTST,5,1,sMAPE,0.5976511525902289,dl
PatchTST,5,1,R2,-6.79261642392596,dl
PatchTST,5,1,MASE,0.8260681496804081,dl
PatchTST,5,1,DA,41.55844155844156,dl
PatchTST,5,1,HitRate_0.5pct,3.488372093023256,dl
PatchTST,5,1,fit_seconds,171.68173575401306,dl
PatchTST,5,1,pred_seconds,0.0491466522216796,dl
PatchTST,5,1,n_eval,86.0,dl
TimeMixer,5,1,MAE,0.3236981591512994,dl
TimeMixer,5,1,RMSE,0.3877844795206753,dl
TimeMixer,5,1,MAPE,0.4821337096954268,dl
TimeMixer,5,1,sMAPE,0.4834619491651785,dl
TimeMixer,5,1,R2,-4.227915914790176,dl
TimeMixer,5,1,MASE,0.6680854150259842,dl
TimeMixer,5,1,DA,45.45454545454545,dl
TimeMixer,5,1,HitRate_0.5pct,3.488372093023256,dl
TimeMixer,5,1,fit_seconds,6.654480218887329,dl
TimeMixer,5,1,pred_seconds,0.0508670806884765,dl
TimeMixer,5,1,n_eval,86.0,dl
TSMixer,5,1,MAE,0.4089427504428596,dl
TSMixer,5,1,RMSE,0.4633322935459941,dl
TSMixer,5,1,MAPE,0.6100491798585184,dl
TSMixer,5,1,sMAPE,0.6077455619289072,dl
TSMixer,5,1,R2,-6.4633342020221765,dl
TSMixer,5,1,MASE,0.8440229869326663,dl
TSMixer,5,1,DA,57.14285714285714,dl
TSMixer,5,1,HitRate_0.5pct,6.976744186046512,dl
TSMixer,5,1,fit_seconds,2.0752737522125244,dl
TSMixer,5,1,pred_seconds,0.0453472137451171,dl
TSMixer,5,1,n_eval,86.0,dl
LSTMv2,5,2,MAE,1.6934721544053823,dl
LSTMv2,5,2,RMSE,1.8111821319464216,dl
LSTMv2,5,2,MAPE,2.4509318105751268,dl
LSTMv2,5,2,sMAPE,2.485427951205333,dl
LSTMv2,5,2,R2,-1.1637474538355863,dl
LSTMv2,5,2,MASE,3.6971939454223777,dl
LSTMv2,5,2,DA,23.52941176470588,dl
LSTMv2,5,2,HitRate_0.5pct,7.777777777777778,dl
LSTMv2,5,2,fit_seconds,3.011071920394897,dl
LSTMv2,5,2,pred_seconds,0.0512111186981201,dl
LSTMv2,5,2,n_eval,90.0,dl
GRU,5,2,MAE,0.419365709092882,dl
GRU,5,2,RMSE,0.6016870940246167,dl
GRU,5,2,MAPE,0.6068487182141916,dl
GRU,5,2,sMAPE,0.6102822419626213,dl
GRU,5,2,R2,0.7612058341569569,dl
GRU,5,2,MASE,0.9155605874844598,dl
GRU,5,2,DA,37.64705882352941,dl
GRU,5,2,HitRate_0.5pct,15.555555555555555,dl
GRU,5,2,fit_seconds,5.469234466552734,dl
GRU,5,2,pred_seconds,0.178229808807373,dl
GRU,5,2,n_eval,90.0,dl
N-HiTS,5,2,MAE,1.3615047366120094,dl
N-HiTS,5,2,RMSE,1.6535251473291444,dl
N-HiTS,5,2,MAPE,1.962242188004217,dl
N-HiTS,5,2,sMAPE,1.9907307612485097,dl
N-HiTS,5,2,R2,-0.858012504068659,dl
N-HiTS,5,2,MASE,2.972441593309384,dl
N-HiTS,5,2,DA,25.97402597402597,dl
N-HiTS,5,2,HitRate_0.5pct,3.488372093023256,dl
N-HiTS,5,2,fit_seconds,14.242119312286375,dl
N-HiTS,5,2,pred_seconds,0.0427455902099609,dl
N-HiTS,5,2,n_eval,86.0,dl
N-BEATS,5,2,MAE,1.552315716410792,dl
N-BEATS,5,2,RMSE,1.8875216387630025,dl
N-BEATS,5,2,MAPE,2.237097239972875,dl
N-BEATS,5,2,sMAPE,2.2743238388736127,dl
N-BEATS,5,2,R2,-1.4210898235992984,dl
N-BEATS,5,2,MASE,3.38902074838848,dl
N-BEATS,5,2,DA,25.97402597402597,dl
N-BEATS,5,2,HitRate_0.5pct,3.488372093023256,dl
N-BEATS,5,2,fit_seconds,14.879061937332152,dl
N-BEATS,5,2,pred_seconds,0.047412633895874,dl
N-BEATS,5,2,n_eval,86.0,dl
PatchTST,5,2,MAE,1.2978773604991825,dl
PatchTST,5,2,RMSE,1.6218229706024614,dl
PatchTST,5,2,MAPE,1.868470666676708,dl
PatchTST,5,2,sMAPE,1.8958286780127125,dl
PatchTST,5,2,R2,-0.7874500669717459,dl
PatchTST,5,2,MASE,2.833530097708173,dl
PatchTST,5,2,DA,25.97402597402597,dl
PatchTST,5,2,HitRate_0.5pct,3.488372093023256,dl
PatchTST,5,2,fit_seconds,173.41423773765564,dl
PatchTST,5,2,pred_seconds,0.04789400100708,dl
PatchTST,5,2,n_eval,86.0,dl
TimeMixer,5,2,MAE,1.4961596466774163,dl
TimeMixer,5,2,RMSE,1.8747617823388416,dl
TimeMixer,5,2,MAPE,2.1536724508960936,dl
TimeMixer,5,2,sMAPE,2.1903282273410443,dl
TimeMixer,5,2,R2,-1.388466791721661,dl
TimeMixer,5,2,MASE,3.2664206333072534,dl
TimeMixer,5,2,DA,25.97402597402597,dl
TimeMixer,5,2,HitRate_0.5pct,3.488372093023256,dl
TimeMixer,5,2,fit_seconds,6.832188129425049,dl
TimeMixer,5,2,pred_seconds,0.048795461654663,dl
TimeMixer,5,2,n_eval,86.0,dl
TSMixer,5,2,MAE,1.482987763160883,dl
TSMixer,5,2,RMSE,1.896279588581793,dl
TSMixer,5,2,MAPE,2.1331101328708733,dl
TSMixer,5,2,sMAPE,2.170603239546177,dl
TSMixer,5,2,R2,-1.4436092741598403,dl
TSMixer,5,2,MASE,3.237663734139794,dl
TSMixer,5,2,DA,25.97402597402597,dl
TSMixer,5,2,HitRate_0.5pct,3.488372093023256,dl
TSMixer,5,2,fit_seconds,2.201955556869507,dl
TSMixer,5,2,pred_seconds,0.0453689098358154,dl
TSMixer,5,2,n_eval,86.0,dl
LSTMv2,5,3,MAE,7.773045823838975,dl
LSTMv2,5,3,RMSE,8.188213303546801,dl
LSTMv2,5,3,MAPE,10.034991350119135,dl
LSTMv2,5,3,sMAPE,10.61726869005752,dl
LSTMv2,5,3,R2,-6.33867154523054,dl
LSTMv2,5,3,MASE,17.46209015655532,dl
LSTMv2,5,3,DA,26.744186046511626,dl
LSTMv2,5,3,HitRate_0.5pct,20.0,dl
LSTMv2,5,3,fit_seconds,3.347496747970581,dl
LSTMv2,5,3,pred_seconds,0.0502116680145263,dl
LSTMv2,5,3,n_eval,90.0,dl
GRU,5,3,MAE,5.399825761583117,dl
GRU,5,3,RMSE,5.851260192215549,dl
GRU,5,3,MAPE,6.948020146662212,dl
GRU,5,3,sMAPE,7.238473758909376,dl
GRU,5,3,R2,-2.747468376769771,dl
GRU,5,3,MASE,12.13066877713131,dl
GRU,5,3,DA,27.906976744186046,dl
GRU,5,3,HitRate_0.5pct,21.11111111111111,dl
GRU,5,3,fit_seconds,4.739092826843262,dl
GRU,5,3,pred_seconds,0.1872072219848632,dl
GRU,5,3,n_eval,90.0,dl
N-HiTS,5,3,MAE,6.733878344158792,dl
N-HiTS,5,3,RMSE,7.374747817606543,dl
N-HiTS,5,3,MAPE,8.697457832935331,dl
N-HiTS,5,3,sMAPE,9.168985682948142,dl
N-HiTS,5,3,R2,-5.459825018964082,dl
N-HiTS,5,3,MASE,15.127608072031377,dl
N-HiTS,5,3,DA,23.809523809523807,dl
N-HiTS,5,3,HitRate_0.5pct,18.6046511627907,dl
N-HiTS,5,3,fit_seconds,14.15399718284607,dl
N-HiTS,5,3,pred_seconds,0.0595707893371582,dl
N-HiTS,5,3,n_eval,86.0,dl
N-BEATS,5,3,MAE,5.058324911428053,dl
N-BEATS,5,3,RMSE,5.415380165657422,dl
N-BEATS,5,3,MAPE,6.561663270792295,dl
N-BEATS,5,3,sMAPE,6.815457842070956,dl
N-BEATS,5,3,R2,-2.4832472753008625,dl
N-BEATS,5,3,MASE,11.36348963409072,dl
N-BEATS,5,3,DA,23.809523809523807,dl
N-BEATS,5,3,HitRate_0.5pct,18.6046511627907,dl
N-BEATS,5,3,fit_seconds,14.550918102264404,dl
N-BEATS,5,3,pred_seconds,0.0417830944061279,dl
N-BEATS,5,3,n_eval,86.0,dl
PatchTST,5,3,MAE,6.080923178029615,dl
PatchTST,5,3,RMSE,6.667175432254478,dl
PatchTST,5,3,MAPE,7.853288397453285,dl
PatchTST,5,3,sMAPE,8.236517142515904,dl
PatchTST,5,3,R2,-4.279711253404735,dl
PatchTST,5,3,MASE,13.660749103547255,dl
PatchTST,5,3,DA,23.809523809523807,dl
PatchTST,5,3,HitRate_0.5pct,18.6046511627907,dl
PatchTST,5,3,fit_seconds,171.47008991241455,dl
PatchTST,5,3,pred_seconds,0.0662579536437988,dl
PatchTST,5,3,n_eval,86.0,dl
TimeMixer,5,3,MAE,5.059357044308685,dl
TimeMixer,5,3,RMSE,5.60816781876321,dl
TimeMixer,5,3,MAPE,6.527248366397606,dl
TimeMixer,5,3,sMAPE,6.795940711837066,dl
TimeMixer,5,3,R2,-2.7356691683814334,dl
TimeMixer,5,3,MASE,11.365808313000326,dl
TimeMixer,5,3,DA,32.142857142857146,dl
TimeMixer,5,3,HitRate_0.5pct,24.418604651162788,dl
TimeMixer,5,3,fit_seconds,6.859401702880859,dl
TimeMixer,5,3,pred_seconds,0.0553972721099853,dl
TimeMixer,5,3,n_eval,86.0,dl
TSMixer,5,3,MAE,4.678890583127044,dl
TSMixer,5,3,RMSE,5.260113925528311,dl
TSMixer,5,3,MAPE,6.028044132123501,dl
TSMixer,5,3,sMAPE,6.263056214786461,dl
TSMixer,5,3,R2,-2.286371887310088,dl
TSMixer,5,3,MASE,10.511093211961834,dl
TSMixer,5,3,DA,35.714285714285715,dl
TSMixer,5,3,HitRate_0.5pct,27.906976744186046,dl
TSMixer,5,3,fit_seconds,2.0543811321258545,dl
TSMixer,5,3,pred_seconds,0.0503578186035156,dl
TSMixer,5,3,n_eval,86.0,dl
LSTMv2,5,4,MAE,12.286568749321832,dl
LSTMv2,5,4,RMSE,13.157365566386495,dl
LSTMv2,5,4,MAPE,14.64769255928272,dl
LSTMv2,5,4,sMAPE,15.950575384595489,dl
LSTMv2,5,4,R2,-6.745646153225572,dl
LSTMv2,5,4,MASE,24.853774211138425,dl
LSTMv2,5,4,DA,46.3768115942029,dl
LSTMv2,5,4,HitRate_0.5pct,31.11111111111111,dl
LSTMv2,5,4,fit_seconds,2.7556042671203613,dl
LSTMv2,5,4,pred_seconds,0.0506207942962646,dl
LSTMv2,5,4,n_eval,90.0,dl
GRU,5,4,MAE,8.58678745863173,dl
GRU,5,4,RMSE,9.284920685149126,dl
GRU,5,4,MAPE,10.236631057445512,dl
GRU,5,4,sMAPE,10.866101452838311,dl
GRU,5,4,R2,-2.857235603385249,dl
GRU,5,4,MASE,17.369705167494196,dl
GRU,5,4,DA,46.3768115942029,dl
GRU,5,4,HitRate_0.5pct,31.11111111111111,dl
GRU,5,4,fit_seconds,5.169767379760742,dl
GRU,5,4,pred_seconds,0.1819756031036377,dl
GRU,5,4,n_eval,90.0,dl
N-HiTS,5,4,MAE,4.589171217097791,dl
N-HiTS,5,4,RMSE,5.292131067795419,dl
N-HiTS,5,4,MAPE,5.517011705783678,dl
N-HiTS,5,4,sMAPE,5.532501352560291,dl
N-HiTS,5,4,R2,-0.301568983071953,dl
N-HiTS,5,4,MASE,9.283163393547069,dl
N-HiTS,5,4,DA,51.47058823529412,dl
N-HiTS,5,4,HitRate_0.5pct,27.906976744186046,dl
N-HiTS,5,4,fit_seconds,14.070231199264526,dl
N-HiTS,5,4,pred_seconds,0.0744862556457519,dl
N-HiTS,5,4,n_eval,86.0,dl
N-BEATS,5,4,MAE,5.820842217733692,dl
N-BEATS,5,4,RMSE,7.002394411530229,dl
N-BEATS,5,4,MAPE,7.11662992136493,dl
N-BEATS,5,4,sMAPE,6.9428215658117285,dl
N-BEATS,5,4,R2,-1.2787629257642106,dl
N-BEATS,5,4,MASE,11.774637911516232,dl
N-BEATS,5,4,DA,52.94117647058824,dl
N-BEATS,5,4,HitRate_0.5pct,29.069767441860467,dl
N-BEATS,5,4,fit_seconds,14.382946729660034,dl
N-BEATS,5,4,pred_seconds,0.0488314628601074,dl
N-BEATS,5,4,n_eval,86.0,dl
PatchTST,5,4,MAE,14.124039696981738,dl
PatchTST,5,4,RMSE,17.522197269649006,dl
PatchTST,5,4,MAPE,17.608593179045016,dl
PatchTST,5,4,sMAPE,15.48611958081788,dl
PatchTST,5,4,R2,-13.268658315694925,dl
PatchTST,5,4,MASE,28.570685660088444,dl
PatchTST,5,4,DA,54.41176470588235,dl
PatchTST,5,4,HitRate_0.5pct,34.88372093023256,dl
PatchTST,5,4,fit_seconds,170.9592719078064,dl
PatchTST,5,4,pred_seconds,0.0564503669738769,dl
PatchTST,5,4,n_eval,86.0,dl
TimeMixer,5,4,MAE,7.848936150129451,dl
TimeMixer,5,4,RMSE,10.845508573470122,dl
TimeMixer,5,4,MAPE,9.928356076446436,dl
TimeMixer,5,4,sMAPE,9.067226511597513,dl
TimeMixer,5,4,R2,-4.466455932179756,dl
TimeMixer,5,4,MASE,15.87714933705367,dl
TimeMixer,5,4,DA,55.88235294117647,dl
TimeMixer,5,4,HitRate_0.5pct,34.88372093023256,dl
TimeMixer,5,4,fit_seconds,6.714965343475342,dl
TimeMixer,5,4,pred_seconds,0.0482721328735351,dl
TimeMixer,5,4,n_eval,86.0,dl
TSMixer,5,4,MAE,4.438875782101652,dl
TSMixer,5,4,RMSE,5.310107358432665,dl
TSMixer,5,4,MAPE,5.428784238615429,dl
TSMixer,5,4,sMAPE,5.337114555207731,dl
TSMixer,5,4,R2,-0.3104263299869958,dl
TSMixer,5,4,MASE,8.979139635362747,dl
TSMixer,5,4,DA,58.82352941176471,dl
TSMixer,5,4,HitRate_0.5pct,32.55813953488372,dl
TSMixer,5,4,fit_seconds,2.023895740509033,dl
TSMixer,5,4,pred_seconds,0.0428476333618164,dl
TSMixer,5,4,n_eval,86.0,dl
LSTMv2,20,0,MAE,6.505260899861654,dl
LSTMv2,20,0,RMSE,7.114989200055731,dl
LSTMv2,20,0,MAPE,9.673170355142904,dl
LSTMv2,20,0,sMAPE,10.270048843630422,dl
LSTMv2,20,0,R2,-359.0502938613767,dl
LSTMv2,20,0,MASE,12.908035886653396,dl
LSTMv2,20,0,DA,56.32183908045977,dl
LSTMv2,20,0,HitRate_0.5pct,40.0,dl
LSTMv2,20,0,fit_seconds,5.954685688018799,dl
LSTMv2,20,0,pred_seconds,0.0527980327606201,dl
LSTMv2,20,0,n_eval,90.0,dl
GRU,20,0,MAE,5.152527635362414,dl
GRU,20,0,RMSE,6.077774729871741,dl
GRU,20,0,MAPE,7.666272639757484,dl
GRU,20,0,sMAPE,8.100280155463738,dl
GRU,20,0,R2,-261.72649834329604,dl
GRU,20,0,MASE,10.223880740224551,dl
GRU,20,0,DA,55.172413793103445,dl
GRU,20,0,HitRate_0.5pct,38.88888888888889,dl
GRU,20,0,fit_seconds,9.512691974639893,dl
GRU,20,0,pred_seconds,0.1941134929656982,dl
GRU,20,0,n_eval,90.0,dl
N-HiTS,20,0,MAE,1.1628789122675498,dl
N-HiTS,20,0,RMSE,1.2596801548267291,dl
N-HiTS,20,0,MAPE,1.7323381815530805,dl
N-HiTS,20,0,sMAPE,1.7148993666512675,dl
N-HiTS,20,0,R2,-10.689530783896426,dl
N-HiTS,20,0,MASE,2.3074374667588238,dl
N-HiTS,20,0,DA,45.71428571428572,dl
N-HiTS,20,0,HitRate_0.5pct,23.943661971830984,dl
N-HiTS,20,0,fit_seconds,13.859830617904665,dl
N-HiTS,20,0,pred_seconds,0.0449528694152832,dl
N-HiTS,20,0,n_eval,71.0,dl
N-BEATS,20,0,MAE,1.0172027372978094,dl
N-BEATS,20,0,RMSE,1.291879880678505,dl
N-BEATS,20,0,MAPE,1.51479508928393,dl
N-BEATS,20,0,sMAPE,1.4966384141893931,dl
N-BEATS,20,0,R2,-11.294780325855568,dl
N-BEATS,20,0,MASE,2.018380144802713,dl
N-BEATS,20,0,DA,64.28571428571429,dl
N-BEATS,20,0,HitRate_0.5pct,39.436619718309856,dl
N-BEATS,20,0,fit_seconds,14.893334150314333,dl
N-BEATS,20,0,pred_seconds,0.0550055503845214,dl
N-BEATS,20,0,n_eval,71.0,dl
PatchTST,20,0,MAE,0.6625940027371257,dl
PatchTST,20,0,RMSE,0.764447164535321,dl
PatchTST,20,0,MAPE,0.9860273502217252,dl
PatchTST,20,0,sMAPE,0.982538417097034,dl
PatchTST,20,0,R2,-3.304983113873454,dl
PatchTST,20,0,MASE,1.314749292498634,dl
PatchTST,20,0,DA,51.42857142857142,dl
PatchTST,20,0,HitRate_0.5pct,32.3943661971831,dl
PatchTST,20,0,fit_seconds,270.40470457077026,dl
PatchTST,20,0,pred_seconds,0.0775601863861084,dl
PatchTST,20,0,n_eval,71.0,dl
TimeMixer,20,0,MAE,3.5748581577354743,dl
TimeMixer,20,0,RMSE,3.7316973531859934,dl
TimeMixer,20,0,MAPE,5.319923918425337,dl
TimeMixer,20,0,sMAPE,5.170205842026237,dl
TimeMixer,20,0,R2,-101.58629214140709,dl
TimeMixer,20,0,MASE,7.093396882933087,dl
TimeMixer,20,0,DA,45.71428571428572,dl
TimeMixer,20,0,HitRate_0.5pct,23.943661971830984,dl
TimeMixer,20,0,fit_seconds,6.522644281387329,dl
TimeMixer,20,0,pred_seconds,0.0487089157104492,dl
TimeMixer,20,0,n_eval,71.0,dl
TSMixer,20,0,MAE,0.9854969723123892,dl
TSMixer,20,0,RMSE,1.1091732795886498,dl
TSMixer,20,0,MAPE,1.468449452216957,dl
TSMixer,20,0,sMAPE,1.454988835234074,dl
TSMixer,20,0,R2,-8.063069313737575,dl
TSMixer,20,0,MASE,1.9554681173613069,dl
TSMixer,20,0,DA,47.14285714285714,dl
TSMixer,20,0,HitRate_0.5pct,25.352112676056336,dl
TSMixer,20,0,fit_seconds,2.0974197387695312,dl
TSMixer,20,0,pred_seconds,0.0490880012512207,dl
TSMixer,20,0,n_eval,71.0,dl
LSTMv2,20,1,MAE,2.5827120039198133,dl
LSTMv2,20,1,RMSE,2.6378124919595765,dl
LSTMv2,20,1,MAPE,3.848586835444913,dl
LSTMv2,20,1,sMAPE,3.927471243610604,dl
LSTMv2,20,1,R2,-827.0660189704588,dl
LSTMv2,20,1,MASE,5.330497478130106,dl
LSTMv2,20,1,DA,39.75903614457831,dl
LSTMv2,20,1,HitRate_0.5pct,4.444444444444445,dl
LSTMv2,20,1,fit_seconds,2.924163341522217,dl
LSTMv2,20,1,pred_seconds,0.0566112995147705,dl
LSTMv2,20,1,n_eval,90.0,dl
GRU,20,1,MAE,0.3783693101671012,dl
GRU,20,1,RMSE,0.4860827075152319,dl
GRU,20,1,MAPE,0.5635916263813093,dl
GRU,20,1,sMAPE,0.565472488129473,dl
GRU,20,1,R2,-27.11884412440349,dl
GRU,20,1,MASE,0.7809220116631249,dl
GRU,20,1,DA,65.06024096385542,dl
GRU,20,1,HitRate_0.5pct,11.11111111111111,dl
GRU,20,1,fit_seconds,2.377779960632324,dl
GRU,20,1,pred_seconds,0.1774661540985107,dl
GRU,20,1,n_eval,90.0,dl
N-HiTS,20,1,MAE,0.8538581095950706,dl
N-HiTS,20,1,RMSE,0.982040898206417,dl
N-HiTS,20,1,MAPE,1.2724406127715748,dl
N-HiTS,20,1,sMAPE,1.2817387902329156,dl
N-HiTS,20,1,R2,-137.34838378218535,dl
N-HiTS,20,1,MASE,1.762290372666257,dl
N-HiTS,20,1,DA,38.333333333333336,dl
N-HiTS,20,1,HitRate_0.5pct,5.633802816901409,dl
N-HiTS,20,1,fit_seconds,14.362916707992554,dl
N-HiTS,20,1,pred_seconds,0.0478668212890625,dl
N-HiTS,20,1,n_eval,71.0,dl
N-BEATS,20,1,MAE,0.9710305442272776,dl
N-BEATS,20,1,RMSE,1.0139881915897344,dl
N-BEATS,20,1,MAPE,1.4471424384846374,dl
N-BEATS,20,1,sMAPE,1.4586561760437655,dl
N-BEATS,20,1,R2,-146.49616726172516,dl
N-BEATS,20,1,MASE,2.004124292346578,dl
N-BEATS,20,1,DA,50.0,dl
N-BEATS,20,1,HitRate_0.5pct,5.633802816901409,dl
N-BEATS,20,1,fit_seconds,14.315020561218262,dl
N-BEATS,20,1,pred_seconds,0.0489337444305419,dl
N-BEATS,20,1,n_eval,71.0,dl
PatchTST,20,1,MAE,0.3901756608989881,dl
PatchTST,20,1,RMSE,0.4551203889340334,dl
PatchTST,20,1,MAPE,0.5815138822052539,dl
PatchTST,20,1,sMAPE,0.5824937685060773,dl
PatchTST,20,1,R2,-28.714438230582584,dl
PatchTST,20,1,MASE,0.8052893134399888,dl
PatchTST,20,1,DA,41.66666666666667,dl
PatchTST,20,1,HitRate_0.5pct,9.859154929577464,dl
PatchTST,20,1,fit_seconds,167.5044302940369,dl
PatchTST,20,1,pred_seconds,0.0674293041229248,dl
PatchTST,20,1,n_eval,71.0,dl
TimeMixer,20,1,MAE,0.3014440832003746,dl
TimeMixer,20,1,RMSE,0.3515840686010238,dl
TimeMixer,20,1,MAPE,0.4491624564967442,dl
TimeMixer,20,1,sMAPE,0.4501652746124531,dl
TimeMixer,20,1,R2,-16.732636656781203,dl
TimeMixer,20,1,MASE,0.6221548987491086,dl
TimeMixer,20,1,DA,46.66666666666666,dl
TimeMixer,20,1,HitRate_0.5pct,11.267605633802818,dl
TimeMixer,20,1,fit_seconds,7.0832061767578125,dl
TimeMixer,20,1,pred_seconds,0.0503962039947509,dl
TimeMixer,20,1,n_eval,71.0,dl
TSMixer,20,1,MAE,0.4132184740523217,dl
TSMixer,20,1,RMSE,0.4654375233430072,dl
TSMixer,20,1,MAPE,0.6160592390644628,dl
TSMixer,20,1,sMAPE,0.6136617075452475,dl
TSMixer,20,1,R2,-30.07690256949072,dl
TSMixer,20,1,MASE,0.8528477160866826,dl
TSMixer,20,1,DA,56.66666666666666,dl
TSMixer,20,1,HitRate_0.5pct,15.492957746478872,dl
TSMixer,20,1,fit_seconds,2.123764514923096,dl
TSMixer,20,1,pred_seconds,0.044548749923706,dl
TSMixer,20,1,n_eval,71.0,dl
LSTMv2,20,2,MAE,2.048694661458333,dl
LSTMv2,20,2,RMSE,2.3903351744592105,dl
LSTMv2,20,2,MAPE,2.912183419202816,dl
LSTMv2,20,2,sMAPE,2.969711595485687,dl
LSTMv2,20,2,R2,-1.1368488175812224,dl
LSTMv2,20,2,MASE,4.472716884454739,dl
LSTMv2,20,2,DA,11.11111111111111,dl
LSTMv2,20,2,HitRate_0.5pct,6.666666666666667,dl
LSTMv2,20,2,fit_seconds,3.029593706130981,dl
LSTMv2,20,2,pred_seconds,0.0542945861816406,dl
LSTMv2,20,2,n_eval,90.0,dl
GRU,20,2,MAE,1.4038064405653208,dl
GRU,20,2,RMSE,1.6520975478919924,dl
GRU,20,2,MAPE,1.9999234900913423,dl
GRU,20,2,sMAPE,2.0275533123538123,dl
GRU,20,2,R2,-0.0207692188043284,dl
GRU,20,2,MASE,3.064794811713585,dl
GRU,20,2,DA,26.666666666666668,dl
GRU,20,2,HitRate_0.5pct,22.22222222222222,dl
GRU,20,2,fit_seconds,3.0209550857543945,dl
GRU,20,2,pred_seconds,0.1893775463104248,dl
GRU,20,2,n_eval,90.0,dl
N-HiTS,20,2,MAE,1.5917060099856954,dl
N-HiTS,20,2,RMSE,1.8151108829814384,dl
N-HiTS,20,2,MAPE,2.291368863187462,dl
N-HiTS,20,2,sMAPE,2.325686067557557,dl
N-HiTS,20,2,R2,-1.5164728197531008,dl
N-HiTS,20,2,MASE,3.475017766133764,dl
N-HiTS,20,2,DA,1.4084507042253522,dl
N-HiTS,20,2,HitRate_0.5pct,0.0,dl
N-HiTS,20,2,fit_seconds,14.477166175842283,dl
N-HiTS,20,2,pred_seconds,0.0515832901000976,dl
N-HiTS,20,2,n_eval,71.0,dl
N-BEATS,20,2,MAE,1.8291301888479312,dl
N-BEATS,20,2,RMSE,2.0739041992560474,dl
N-BEATS,20,2,MAPE,2.633669071657076,dl
N-BEATS,20,2,sMAPE,2.678601469675245,dl
N-BEATS,20,2,R2,-2.2852112734014227,dl
N-BEATS,20,2,MASE,3.9933630098408,dl
N-BEATS,20,2,DA,1.4084507042253522,dl
N-BEATS,20,2,HitRate_0.5pct,0.0,dl
N-BEATS,20,2,fit_seconds,14.509414434432983,dl
N-BEATS,20,2,pred_seconds,0.0466022491455078,dl
N-BEATS,20,2,n_eval,71.0,dl
PatchTST,20,2,MAE,1.5300971447581977,dl
PatchTST,20,2,RMSE,1.7821881825136878,dl
PatchTST,20,2,MAPE,2.200788314722009,dl
PatchTST,20,2,sMAPE,2.233817521004681,dl
PatchTST,20,2,R2,-1.4260125417271383,dl
PatchTST,20,2,MASE,3.3405130900982565,dl
PatchTST,20,2,DA,5.633802816901409,dl
PatchTST,20,2,HitRate_0.5pct,4.225352112676056,dl
PatchTST,20,2,fit_seconds,162.50896668434143,dl
PatchTST,20,2,pred_seconds,0.054105520248413,dl
PatchTST,20,2,n_eval,71.0,dl
TimeMixer,20,2,MAE,1.7609672438930457,dl
TimeMixer,20,2,RMSE,2.060011065248406,dl
TimeMixer,20,2,MAPE,2.532399931336836,dl
TimeMixer,20,2,sMAPE,2.5766488293072363,dl
TimeMixer,20,2,R2,-2.241343285232303,dl
TimeMixer,20,2,MASE,3.844549445511572,dl
TimeMixer,20,2,DA,2.8169014084507045,dl
TimeMixer,20,2,HitRate_0.5pct,1.4084507042253522,dl
TimeMixer,20,2,fit_seconds,7.1977379322052,dl
TimeMixer,20,2,pred_seconds,0.0523257255554199,dl
TimeMixer,20,2,n_eval,71.0,dl
TSMixer,20,2,MAE,1.7614962510659662,dl
TSMixer,20,2,RMSE,2.085333004045541,dl
TSMixer,20,2,MAPE,2.532018680325963,dl
TSMixer,20,2,sMAPE,2.577355890486154,dl
TSMixer,20,2,R2,-2.321519114527143,dl
TSMixer,20,2,MASE,3.84570437570143,dl
TSMixer,20,2,DA,5.633802816901409,dl
TSMixer,20,2,HitRate_0.5pct,2.8169014084507045,dl
TSMixer,20,2,fit_seconds,2.418032646179199,dl
TSMixer,20,2,pred_seconds,0.0424497127532959,dl
TSMixer,20,2,n_eval,71.0,dl
LSTMv2,20,3,MAE,8.277842051188152,dl
LSTMv2,20,3,RMSE,8.660929735120634,dl
LSTMv2,20,3,MAPE,10.50835516324581,dl
LSTMv2,20,3,sMAPE,11.141730790712788,dl
LSTMv2,20,3,R2,-10.448780075998496,dl
LSTMv2,20,3,MASE,18.59611116098918,dl
LSTMv2,20,3,DA,6.741573033707865,dl
LSTMv2,20,3,HitRate_0.5pct,5.555555555555555,dl
LSTMv2,20,3,fit_seconds,2.499751329421997,dl
LSTMv2,20,3,pred_seconds,0.0539572238922119,dl
LSTMv2,20,3,n_eval,90.0,dl
GRU,20,3,MAE,7.142807193332248,dl
GRU,20,3,RMSE,7.359578231017188,dl
GRU,20,3,MAPE,9.089762270057747,dl
GRU,20,3,sMAPE,9.545779019563188,dl
GRU,20,3,R2,-7.266773425159441,dl
GRU,20,3,MASE,16.04626371792806,dl
GRU,20,3,DA,6.741573033707865,dl
GRU,20,3,HitRate_0.5pct,5.555555555555555,dl
GRU,20,3,fit_seconds,2.999711275100708,dl
GRU,20,3,pred_seconds,0.1786966323852539,dl
GRU,20,3,n_eval,90.0,dl
N-HiTS,20,3,MAE,7.73766326904297,dl
N-HiTS,20,3,RMSE,8.047738652115363,dl
N-HiTS,20,3,MAPE,9.956890963240648,dl
N-HiTS,20,3,sMAPE,10.51737326066829,dl
N-HiTS,20,3,R2,-12.368480390895716,dl
N-HiTS,20,3,MASE,17.38260350797257,dl
N-HiTS,20,3,DA,7.042253521126761,dl
N-HiTS,20,3,HitRate_0.5pct,5.633802816901409,dl
N-HiTS,20,3,fit_seconds,14.00375747680664,dl
N-HiTS,20,3,pred_seconds,0.0476438999176025,dl
N-HiTS,20,3,n_eval,71.0,dl
N-BEATS,20,3,MAE,5.734730465311401,dl
N-BEATS,20,3,RMSE,5.873055547467079,dl
N-BEATS,20,3,MAPE,7.407152672288092,dl
N-BEATS,20,3,sMAPE,7.704706154220936,dl
N-BEATS,20,3,R2,-6.119713724379083,dl
N-BEATS,20,3,MASE,12.883029725837185,dl
N-BEATS,20,3,DA,8.450704225352112,dl
N-BEATS,20,3,HitRate_0.5pct,7.042253521126761,dl
N-BEATS,20,3,fit_seconds,14.805383920669556,dl
N-BEATS,20,3,pred_seconds,0.0458896160125732,dl
N-BEATS,20,3,n_eval,71.0,dl
PatchTST,20,3,MAE,6.996384526642276,dl
PatchTST,20,3,RMSE,7.275546878610875,dl
PatchTST,20,3,MAPE,9.003363657257816,dl
PatchTST,20,3,sMAPE,9.458860909448,dl
PatchTST,20,3,R2,-9.92611082609188,dl
PatchTST,20,3,MASE,15.71732627633187,dl
PatchTST,20,3,DA,9.859154929577464,dl
PatchTST,20,3,HitRate_0.5pct,8.450704225352112,dl
PatchTST,20,3,fit_seconds,165.63329887390137,dl
PatchTST,20,3,pred_seconds,0.0578389167785644,dl
PatchTST,20,3,n_eval,71.0,dl
TimeMixer,20,3,MAE,5.874906298140406,dl
TimeMixer,20,3,RMSE,6.128085110439946,dl
TimeMixer,20,3,MAPE,7.5584045818092385,dl
TimeMixer,20,3,sMAPE,7.878752825031267,dl
TimeMixer,20,3,R2,-6.751466803316235,dl
TimeMixer,20,3,MASE,13.197933701203358,dl
TimeMixer,20,3,DA,18.30985915492958,dl
TimeMixer,20,3,HitRate_0.5pct,16.901408450704224,dl
TimeMixer,20,3,fit_seconds,6.676787376403809,dl
TimeMixer,20,3,pred_seconds,0.0563769340515136,dl
TimeMixer,20,3,n_eval,71.0,dl
TSMixer,20,3,MAE,5.460579993019642,dl
TSMixer,20,3,RMSE,5.754382307933915,dl
TSMixer,20,3,MAPE,7.01797778885749,dl
TSMixer,20,3,sMAPE,7.298931861909083,dl
TSMixer,20,3,R2,-5.834893293212288,dl
TSMixer,20,3,MASE,12.267152710299849,dl
TSMixer,20,3,DA,22.53521126760564,dl
TSMixer,20,3,HitRate_0.5pct,21.12676056338028,dl
TSMixer,20,3,fit_seconds,2.04779314994812,dl
TSMixer,20,3,pred_seconds,0.0432202816009521,dl
TSMixer,20,3,n_eval,71.0,dl
LSTMv2,20,4,MAE,11.884347710503471,dl
LSTMv2,20,4,RMSE,12.898210070532198,dl
LSTMv2,20,4,MAPE,14.177793014177825,dl
LSTMv2,20,4,sMAPE,15.425454991137988,dl
LSTMv2,20,4,R2,-5.920229292524308,dl
LSTMv2,20,4,MASE,24.040145029084417,dl
LSTMv2,20,4,DA,29.87012987012987,dl
LSTMv2,20,4,HitRate_0.5pct,25.555555555555557,dl
LSTMv2,20,4,fit_seconds,2.6191794872283936,dl
LSTMv2,20,4,pred_seconds,0.0518324375152587,dl
LSTMv2,20,4,n_eval,90.0,dl
GRU,20,4,MAE,8.35927116224501,dl
GRU,20,4,RMSE,9.578948710743516,dl
GRU,20,4,MAPE,9.913366874219436,dl
GRU,20,4,sMAPE,10.582334623615235,dl
GRU,20,4,R2,-2.8167814109637104,dl
GRU,20,4,MASE,16.909475889888757,dl
GRU,20,4,DA,29.87012987012987,dl
GRU,20,4,HitRate_0.5pct,25.555555555555557,dl
GRU,20,4,fit_seconds,4.313044309616089,dl
GRU,20,4,pred_seconds,0.1837661266326904,dl
GRU,20,4,n_eval,90.0,dl
N-HiTS,20,4,MAE,5.368746591487399,dl
N-HiTS,20,4,RMSE,5.801957546281041,dl
N-HiTS,20,4,MAPE,6.44693807820442,dl
N-HiTS,20,4,sMAPE,6.467699075164855,dl
N-HiTS,20,4,R2,-0.3320211883184079,dl
N-HiTS,20,4,MASE,10.860120372419829,dl
N-HiTS,20,4,DA,63.38028169014085,dl
N-HiTS,20,4,HitRate_0.5pct,61.97183098591549,dl
N-HiTS,20,4,fit_seconds,14.653833627700806,dl
N-HiTS,20,4,pred_seconds,0.0537877082824707,dl
N-HiTS,20,4,n_eval,71.0,dl
N-BEATS,20,4,MAE,6.889827898052375,dl
N-BEATS,20,4,RMSE,7.688907793008112,dl
N-BEATS,20,4,MAPE,8.420345243946576,dl
N-BEATS,20,4,sMAPE,8.211728301726211,dl
N-BEATS,20,4,R2,-1.3393292191332011,dl
N-BEATS,20,4,MASE,13.93702590409937,dl
N-BEATS,20,4,DA,61.97183098591549,dl
N-BEATS,20,4,HitRate_0.5pct,60.56338028169014,dl
N-BEATS,20,4,fit_seconds,14.41362476348877,dl
N-BEATS,20,4,pred_seconds,0.0510749816894531,dl
N-BEATS,20,4,n_eval,71.0,dl
PatchTST,20,4,MAE,16.305712662817722,dl
PatchTST,20,4,RMSE,19.20041059350576,dl
PatchTST,20,4,MAPE,20.33721364576155,dl
PatchTST,20,4,sMAPE,17.790439956219377,dl
PatchTST,20,4,R2,-13.58757398965426,dl
PatchTST,20,4,MASE,32.98386304115549,dl
PatchTST,20,4,DA,67.6056338028169,dl
PatchTST,20,4,HitRate_0.5pct,67.6056338028169,dl
PatchTST,20,4,fit_seconds,165.01469111442566,dl
PatchTST,20,4,pred_seconds,0.0579278469085693,dl
PatchTST,20,4,n_eval,71.0,dl
TimeMixer,20,4,MAE,8.852934316715723,dl
TimeMixer,20,4,RMSE,11.846058108107725,dl
TimeMixer,20,4,MAPE,11.21745858023093,dl
TimeMixer,20,4,sMAPE,10.190456435418154,dl
TimeMixer,20,4,R2,-4.552770921113801,dl
TimeMixer,20,4,MASE,17.908077926625065,dl
TimeMixer,20,4,DA,67.6056338028169,dl
TimeMixer,20,4,HitRate_0.5pct,67.6056338028169,dl
TimeMixer,20,4,fit_seconds,6.632246971130371,dl
TimeMixer,20,4,pred_seconds,0.057011604309082,dl
TimeMixer,20,4,n_eval,71.0,dl
TSMixer,20,4,MAE,5.193329725668463,dl
TSMixer,20,4,RMSE,5.825933474798656,dl
TSMixer,20,4,MAPE,6.348606345061876,dl
TSMixer,20,4,sMAPE,6.2391971124919285,dl
TSMixer,20,4,R2,-0.3430527863263293,dl
TSMixer,20,4,MASE,10.505279955632997,dl
TSMixer,20,4,DA,70.4225352112676,dl
TSMixer,20,4,HitRate_0.5pct,69.01408450704226,dl
TSMixer,20,4,fit_seconds,2.201855182647705,dl
TSMixer,20,4,pred_seconds,0.0503962039947509,dl
TSMixer,20,4,n_eval,71.0,dl
Chronos-Bolt-Small,1,0,MAE,0.4347266472710507,foundation_post_audit
Chronos-Bolt-Small,1,0,RMSE,0.5308640281399815,foundation_post_audit
Chronos-Bolt-Small,1,0,MAPE,0.6480831014206824,foundation_post_audit
Chronos-Bolt-Small,1,0,sMAPE,0.6451753039670883,foundation_post_audit
Chronos-Bolt-Small,1,0,R2,-1.336955325731584,foundation_post_audit
Chronos-Bolt-Small,1,0,MASE,0.8626044750916252,foundation_post_audit
Chronos-Bolt-Small,1,0,DA,57.53424657534247,foundation_post_audit
Chronos-Bolt-Small,1,0,HitRate_0.5pct,3.333333333333333,foundation_post_audit
Chronos-Bolt-Small,1,0,fit_seconds,59.95223522186279,foundation_post_audit
Chronos-Bolt-Small,1,0,pred_seconds,0.4825992584228515,foundation_post_audit
Chronos-Bolt-Small,1,0,n_eval,90.0,foundation_post_audit
Chronos-Bolt-Small,1,1,MAE,0.2404100545247393,foundation_post_audit
Chronos-Bolt-Small,1,1,RMSE,0.293112272691677,foundation_post_audit
Chronos-Bolt-Small,1,1,MAPE,0.3579867721789036,foundation_post_audit
Chronos-Bolt-Small,1,1,sMAPE,0.3589318807105092,foundation_post_audit
Chronos-Bolt-Small,1,1,R2,-1.824281067197304,foundation_post_audit
Chronos-Bolt-Small,1,1,MASE,0.4961858648646416,foundation_post_audit
Chronos-Bolt-Small,1,1,DA,55.072463768115945,foundation_post_audit
Chronos-Bolt-Small,1,1,HitRate_0.5pct,1.1111111111111112,foundation_post_audit
Chronos-Bolt-Small,1,1,fit_seconds,0.0,foundation_post_audit
Chronos-Bolt-Small,1,1,pred_seconds,0.0997121334075927,foundation_post_audit
Chronos-Bolt-Small,1,1,n_eval,90.0,foundation_post_audit
Chronos-Bolt-Small,1,2,MAE,1.470996670193142,foundation_post_audit
Chronos-Bolt-Small,1,2,RMSE,1.9135314787775972,foundation_post_audit
Chronos-Bolt-Small,1,2,MAPE,2.116287296255677,foundation_post_audit
Chronos-Bolt-Small,1,2,sMAPE,2.1544976753707115,foundation_post_audit
Chronos-Bolt-Small,1,2,R2,-1.4310023297940395,foundation_post_audit
Chronos-Bolt-Small,1,2,MASE,3.211484740759832,foundation_post_audit
Chronos-Bolt-Small,1,2,DA,42.25352112676056,foundation_post_audit
Chronos-Bolt-Small,1,2,HitRate_0.5pct,1.1111111111111112,foundation_post_audit
Chronos-Bolt-Small,1,2,fit_seconds,0.0,foundation_post_audit
Chronos-Bolt-Small,1,2,pred_seconds,0.1165688037872314,foundation_post_audit
Chronos-Bolt-Small,1,2,n_eval,90.0,foundation_post_audit
Chronos-Bolt-Small,1,3,MAE,6.338085327148438,foundation_post_audit
Chronos-Bolt-Small,1,3,RMSE,7.1546335198913,foundation_post_audit
Chronos-Bolt-Small,1,3,MAPE,8.180106070945484,foundation_post_audit
Chronos-Bolt-Small,1,3,sMAPE,8.622776623110179,foundation_post_audit
Chronos-Bolt-Small,1,3,R2,-4.329749281729992,foundation_post_audit
Chronos-Bolt-Small,1,3,MASE,14.238461976279115,foundation_post_audit
Chronos-Bolt-Small,1,3,DA,31.16883116883117,foundation_post_audit
Chronos-Bolt-Small,1,3,HitRate_0.5pct,8.88888888888889,foundation_post_audit
Chronos-Bolt-Small,1,3,fit_seconds,0.0005137920379638,foundation_post_audit
Chronos-Bolt-Small,1,3,pred_seconds,0.1039333343505859,foundation_post_audit
Chronos-Bolt-Small,1,3,n_eval,90.0,foundation_post_audit
Chronos-Bolt-Small,1,4,MAE,3.467194898817273,foundation_post_audit
Chronos-Bolt-Small,1,4,RMSE,4.664363006059786,foundation_post_audit
Chronos-Bolt-Small,1,4,MAPE,4.055874730983689,foundation_post_audit
Chronos-Bolt-Small,1,4,sMAPE,4.165988200203947,foundation_post_audit
Chronos-Bolt-Small,1,4,R2,-0.05471016932721,foundation_post_audit
Chronos-Bolt-Small,1,4,MASE,7.01358376934747,foundation_post_audit
Chronos-Bolt-Small,1,4,DA,59.32203389830508,foundation_post_audit
Chronos-Bolt-Small,1,4,HitRate_0.5pct,16.666666666666664,foundation_post_audit
Chronos-Bolt-Small,1,4,fit_seconds,0.0,foundation_post_audit
Chronos-Bolt-Small,1,4,pred_seconds,0.094212532043457,foundation_post_audit
Chronos-Bolt-Small,1,4,n_eval,90.0,foundation_post_audit
Chronos-Bolt-Small,5,0,MAE,0.4480802314226021,foundation_post_audit
Chronos-Bolt-Small,5,0,RMSE,0.5419487720253591,foundation_post_audit
Chronos-Bolt-Small,5,0,MAPE,0.6680060399364516,foundation_post_audit
Chronos-Bolt-Small,5,0,sMAPE,0.6649752844354788,foundation_post_audit
Chronos-Bolt-Small,5,0,R2,-1.3383365144701482,foundation_post_audit
Chronos-Bolt-Small,5,0,MASE,0.8891012668570926,foundation_post_audit
Chronos-Bolt-Small,5,0,DA,55.00000000000001,foundation_post_audit
Chronos-Bolt-Small,5,0,HitRate_0.5pct,20.930232558139537,foundation_post_audit
Chronos-Bolt-Small,5,0,fit_seconds,1.1478595733642578,foundation_post_audit
Chronos-Bolt-Small,5,0,pred_seconds,0.1365399360656738,foundation_post_audit
Chronos-Bolt-Small,5,0,n_eval,86.0,foundation_post_audit
Chronos-Bolt-Small,5,1,MAE,0.248170577648074,foundation_post_audit
Chronos-Bolt-Small,5,1,RMSE,0.2993601323520892,foundation_post_audit
Chronos-Bolt-Small,5,1,MAPE,0.3695169756756222,foundation_post_audit
Chronos-Bolt-Small,5,1,sMAPE,0.3705027444626281,foundation_post_audit
Chronos-Bolt-Small,5,1,R2,-2.1155567898580254,foundation_post_audit
Chronos-Bolt-Small,5,1,MASE,0.5122029232416972,foundation_post_audit
Chronos-Bolt-Small,5,1,DA,63.23529411764706,foundation_post_audit
Chronos-Bolt-Small,5,1,HitRate_0.5pct,5.813953488372093,foundation_post_audit
Chronos-Bolt-Small,5,1,fit_seconds,0.0,foundation_post_audit
Chronos-Bolt-Small,5,1,pred_seconds,0.0797629356384277,foundation_post_audit
Chronos-Bolt-Small,5,1,n_eval,86.0,foundation_post_audit
Chronos-Bolt-Small,5,2,MAE,1.537439284213754,foundation_post_audit
Chronos-Bolt-Small,5,2,RMSE,1.957487500391532,foundation_post_audit
Chronos-Bolt-Small,5,2,MAPE,2.211771369138704,foundation_post_audit
Chronos-Bolt-Small,5,2,sMAPE,2.25175901115142,foundation_post_audit
Chronos-Bolt-Small,5,2,R2,-1.6039043018195156,foundation_post_audit
Chronos-Bolt-Small,5,2,MASE,3.356542472967597,foundation_post_audit
Chronos-Bolt-Small,5,2,DA,22.22222222222222,foundation_post_audit
Chronos-Bolt-Small,5,2,HitRate_0.5pct,4.651162790697675,foundation_post_audit
Chronos-Bolt-Small,5,2,fit_seconds,0.0,foundation_post_audit
Chronos-Bolt-Small,5,2,pred_seconds,0.0815522670745849,foundation_post_audit
Chronos-Bolt-Small,5,2,n_eval,86.0,foundation_post_audit
Chronos-Bolt-Small,5,3,MAE,6.616295268923736,foundation_post_audit
Chronos-Bolt-Small,5,3,RMSE,7.318649365488445,foundation_post_audit
Chronos-Bolt-Small,5,3,MAPE,8.536958312488737,foundation_post_audit
Chronos-Bolt-Small,5,3,sMAPE,9.00014679721197,foundation_post_audit
Chronos-Bolt-Small,5,3,R2,-5.361921229325063,foundation_post_audit
Chronos-Bolt-Small,5,3,MASE,14.863458560093273,foundation_post_audit
Chronos-Bolt-Small,5,3,DA,24.390243902439025,foundation_post_audit
Chronos-Bolt-Small,5,3,HitRate_0.5pct,20.930232558139537,foundation_post_audit
Chronos-Bolt-Small,5,3,fit_seconds,0.0,foundation_post_audit
Chronos-Bolt-Small,5,3,pred_seconds,0.0781831741333007,foundation_post_audit
Chronos-Bolt-Small,5,3,n_eval,86.0,foundation_post_audit
Chronos-Bolt-Small,5,4,MAE,3.5889755142566755,foundation_post_audit
Chronos-Bolt-Small,5,4,RMSE,4.766226631302651,foundation_post_audit
Chronos-Bolt-Small,5,4,MAPE,4.195853547055718,foundation_post_audit
Chronos-Bolt-Small,5,4,sMAPE,4.311476143913551,foundation_post_audit
Chronos-Bolt-Small,5,4,R2,-0.0557361319749447,foundation_post_audit
Chronos-Bolt-Small,5,4,MASE,7.259926583291472,foundation_post_audit
Chronos-Bolt-Small,5,4,DA,57.74647887323944,foundation_post_audit
Chronos-Bolt-Small,5,4,HitRate_0.5pct,39.53488372093023,foundation_post_audit
Chronos-Bolt-Small,5,4,fit_seconds,0.0,foundation_post_audit
Chronos-Bolt-Small,5,4,pred_seconds,0.0770456790924072,foundation_post_audit
Chronos-Bolt-Small,5,4,n_eval,86.0,foundation_post_audit
Chronos-Bolt-Small,20,0,MAE,0.5081027393609707,foundation_post_audit
Chronos-Bolt-Small,20,0,RMSE,0.5897897184041777,foundation_post_audit
Chronos-Bolt-Small,20,0,MAPE,0.7576878000542414,foundation_post_audit
Chronos-Bolt-Small,20,0,sMAPE,0.7540350279025653,foundation_post_audit
Chronos-Bolt-Small,20,0,R2,-1.5625414488970168,foundation_post_audit
Chronos-Bolt-Small,20,0,MASE,1.008200669387109,foundation_post_audit
Chronos-Bolt-Small,20,0,DA,66.17647058823529,foundation_post_audit
Chronos-Bolt-Small,20,0,HitRate_0.5pct,46.478873239436616,foundation_post_audit
Chronos-Bolt-Small,20,0,fit_seconds,1.182318925857544,foundation_post_audit
Chronos-Bolt-Small,20,0,pred_seconds,0.148209810256958,foundation_post_audit
Chronos-Bolt-Small,20,0,n_eval,71.0,foundation_post_audit
Chronos-Bolt-Small,20,1,MAE,0.2210189604423412,foundation_post_audit
Chronos-Bolt-Small,20,1,RMSE,0.2454864151909731,foundation_post_audit
Chronos-Bolt-Small,20,1,MAPE,0.3292650541371429,foundation_post_audit
Chronos-Bolt-Small,20,1,sMAPE,0.3299346966416695,foundation_post_audit
Chronos-Bolt-Small,20,1,R2,-7.6450969549898815,foundation_post_audit
Chronos-Bolt-Small,20,1,MASE,0.4561642991819293,foundation_post_audit
Chronos-Bolt-Small,20,1,DA,65.15151515151516,foundation_post_audit
Chronos-Bolt-Small,20,1,HitRate_0.5pct,16.901408450704224,foundation_post_audit
Chronos-Bolt-Small,20,1,fit_seconds,0.0,foundation_post_audit
Chronos-Bolt-Small,20,1,pred_seconds,0.091477632522583,foundation_post_audit
Chronos-Bolt-Small,20,1,n_eval,71.0,foundation_post_audit
Chronos-Bolt-Small,20,2,MAE,1.8231562654737012,foundation_post_audit
Chronos-Bolt-Small,20,2,RMSE,2.1524001881737447,foundation_post_audit
Chronos-Bolt-Small,20,2,MAPE,2.620908706307524,foundation_post_audit
Chronos-Bolt-Small,20,2,sMAPE,2.669250818288765,foundation_post_audit
Chronos-Bolt-Small,20,2,R2,-2.538604009155419,foundation_post_audit
Chronos-Bolt-Small,20,2,MASE,3.980320720794497,foundation_post_audit
Chronos-Bolt-Small,20,2,DA,5.633802816901409,foundation_post_audit
Chronos-Bolt-Small,20,2,HitRate_0.5pct,1.4084507042253522,foundation_post_audit
Chronos-Bolt-Small,20,2,fit_seconds,0.0015056133270263,foundation_post_audit
Chronos-Bolt-Small,20,2,pred_seconds,0.0915446281433105,foundation_post_audit
Chronos-Bolt-Small,20,2,n_eval,71.0,foundation_post_audit
Chronos-Bolt-Small,20,3,MAE,7.619201660156252,foundation_post_audit
Chronos-Bolt-Small,20,3,RMSE,7.989567003686732,foundation_post_audit
Chronos-Bolt-Small,20,3,MAPE,9.796149381816928,foundation_post_audit
Chronos-Bolt-Small,20,3,sMAPE,10.347180227795938,foundation_post_audit
Chronos-Bolt-Small,20,3,R2,-12.175915507110522,foundation_post_audit
Chronos-Bolt-Small,20,3,MASE,17.116480376660725,foundation_post_audit
Chronos-Bolt-Small,20,3,DA,7.142857142857142,foundation_post_audit
Chronos-Bolt-Small,20,3,HitRate_0.5pct,7.042253521126761,foundation_post_audit
Chronos-Bolt-Small,20,3,fit_seconds,0.0,foundation_post_audit
Chronos-Bolt-Small,20,3,pred_seconds,0.0898306369781494,foundation_post_audit
Chronos-Bolt-Small,20,3,n_eval,71.0,foundation_post_audit
Chronos-Bolt-Small,20,4,MAE,4.084704448001483,foundation_post_audit
Chronos-Bolt-Small,20,4,RMSE,5.208900431709837,foundation_post_audit
Chronos-Bolt-Small,20,4,MAPE,4.75723387523331,foundation_post_audit
Chronos-Bolt-Small,20,4,sMAPE,4.900210647714885,foundation_post_audit
Chronos-Bolt-Small,20,4,R2,-0.0736287970815761,foundation_post_audit
Chronos-Bolt-Small,20,4,MASE,8.262707362905138,foundation_post_audit
Chronos-Bolt-Small,20,4,DA,66.19718309859155,foundation_post_audit
Chronos-Bolt-Small,20,4,HitRate_0.5pct,66.19718309859155,foundation_post_audit
Chronos-Bolt-Small,20,4,fit_seconds,0.0,foundation_post_audit
Chronos-Bolt-Small,20,4,pred_seconds,0.0981054306030273,foundation_post_audit
Chronos-Bolt-Small,20,4,n_eval,71.0,foundation_post_audit
