Date,SJC_mua_vao,SJC_ban_ra,Gold_Close,USD_Index_Close,VN_Index_Close,Oil_Close,Interest_Rate
2018-01-01,36.47,36.67,,,,,1.41
2018-01-02,36.55,36.75,1313.699951171875,91.8499984741211,995.77,60.369998931884766,1.41
2018-01-03,36.5,36.7,1316.199951171875,92.16000366210938,1005.67,61.630001068115234,1.41
2018-01-04,36.44,36.64,1319.4000244140625,91.8499984741211,1019.75,62.0099983215332,1.41
2018-01-05,36.49,36.69,1320.300048828125,91.9499969482422,1012.65,61.43999862670898,1.41
2018-01-08,36.4,36.6,1318.5999755859375,92.33000183105467,1022.9,61.72999954223633,1.41
2018-01-09,36.4,36.6,1311.699951171875,92.52999877929688,1033.56,62.959999084472656,1.41
2018-01-10,36.41,36.61,1317.4000244140625,92.33000183105467,1038.11,63.56999969482422,1.41
2018-01-11,36.45,36.65,1320.5999755859375,91.8499984741211,1048.17,63.79999923706055,1.41
2018-01-12,36.6,36.8,1333.4000244140625,90.97000122070312,1050.11,64.30000305175781,1.41
2018-01-15,36.8,37.0,1333.4000244140625,90.97000122070312,1063.47,64.30000305175781,1.41
2018-01-16,36.67,36.87,1335.4000244140625,90.38999938964844,1062.96,63.72999954223633,1.41
2018-01-17,36.67,36.87,1338.0,90.54000091552734,1034.69,63.970001220703125,1.41
2018-01-18,36.57,36.77,1326.0,90.5,1050.25,63.95000076293945,1.41
2018-01-19,36.69,36.86,1331.9000244140625,90.56999969482422,1062.07,63.369998931884766,1.41
2018-01-22,36.7,36.87,1330.9000244140625,90.4000015258789,1086.51,63.4900016784668,1.41
2018-01-23,36.71,36.88,1335.699951171875,90.12000274658205,1086.51,64.47000122070312,1.41
2018-01-24,36.81,36.98,1355.9000244140625,89.5980980682373,1086.51,65.61000061035156,1.41
2018-01-25,36.96,37.16,1362.4000244140625,89.5980980682373,1104.57,65.51000213623047,1.41
2018-01-26,36.95,37.15,1351.5999755859375,89.5980980682373,1115.64,66.13999938964844,1.41
2018-01-29,36.8,36.98,1351.5999755859375,89.5980980682373,1109.8,65.55999755859375,1.41
2018-01-30,36.69,36.89,1335.4000244140625,89.5980980682373,1110.56,64.5,1.41
2018-01-31,36.68,36.88,1339.0,89.5980980682373,1110.36,64.7300033569336,1.41
2018-02-01,36.67,36.87,1344.300048828125,89.5980980682373,1099.67,65.80000305175781,1.42
2018-02-02,36.76,36.92,1333.699951171875,89.5980980682373,1105.04,65.44999694824219,1.42
2018-02-05,36.67,36.84,1333.0,89.5980980682373,1048.71,64.1500015258789,1.42
2018-02-06,36.75,36.92,1326.0999755859375,89.5980980682373,1011.6,63.38999938964844,1.42
2018-02-07,36.7,36.87,1311.5999755859375,90.26000213623048,1040.55,61.790000915527344,1.42
2018-02-08,36.53,36.7,1316.9000244140625,90.2300033569336,1023.25,61.150001525878906,1.42
2018-02-09,36.6,36.78,1313.0999755859375,90.44000244140624,1003.94,59.20000076293945,1.42
2018-02-12,36.82,37.04,1324.199951171875,90.20999908447266,1041.79,59.290000915527344,1.42
2018-02-13,36.92,37.12,1328.0999755859375,89.69999694824219,1059.73,59.18999862670898,1.42
2018-02-14,36.92,37.12,1355.5,89.5980980682373,1059.73,60.59999847412109,1.42
2018-02-15,36.92,37.12,1352.0999755859375,89.5980980682373,1059.73,61.34000015258789,1.42
2018-02-16,36.92,37.12,1353.199951171875,89.5980980682373,1059.73,61.68000030517578,1.42
2018-02-20,36.92,37.12,1328.800048828125,89.72000122070312,1059.73,61.900001525878906,1.42
2018-02-21,36.87,37.12,1330.0,90.08000183105467,1087.15,61.68000030517578,1.42
2018-02-22,36.88,37.01,1330.5999755859375,89.75,1076.03,62.77000045776367,1.42
2018-02-23,36.86,36.99,1328.199951171875,89.87999725341797,1102.85,63.54999923706055,1.42
2018-02-26,36.8,36.95,1330.699951171875,89.81999969482422,1114.53,63.90999984741211,1.42
2018-02-27,36.77,36.92,1315.5,90.36000061035156,1119.61,63.0099983215332,1.42
2018-02-28,36.54,36.7,1315.5,90.61000061035156,1124.87,61.63999938964844,1.42
2018-03-01,36.51,36.69,1302.9000244140625,90.31999969482422,1115.79,60.9900016784668,1.51
2018-03-02,36.61,36.77,1321.0999755859375,89.94000244140625,1121.21,61.25,1.51
2018-03-05,36.68,36.86,1318.0999755859375,90.08000183105467,1093.48,62.56999969482422,1.51
2018-03-06,36.64,36.82,1333.5999755859375,89.62000274658203,1120.29,62.59999847412109,1.51
2018-03-07,36.66,36.84,1326.0,89.63999938964844,1112.26,61.150001525878906,1.51
2018-03-08,36.64,36.82,1319.9000244140625,90.12000274658205,1124.15,60.119998931884766,1.51
2018-03-09,36.59,36.77,1322.4000244140625,90.08999633789062,1123.41,62.040000915527344,1.51
2018-03-12,36.58,36.76,1319.4000244140625,89.9000015258789,1126.29,61.36000061035156,1.51
2018-03-13,36.55,36.73,1325.9000244140625,89.66000366210938,1133.31,60.709999084472656,1.51
2018-03-14,36.58,36.76,1324.4000244140625,89.69999694824219,1138.09,60.959999084472656,1.51
2018-03-15,36.58,36.76,1316.800048828125,90.13999938964844,1138.76,61.18999862670898,1.51
2018-03-16,36.57,36.75,1311.300048828125,90.2300033569336,1150.19,62.34000015258789,1.51
2018-03-19,36.49,36.67,1316.800048828125,89.9000015258789,1159.22,62.060001373291016,1.51
2018-03-20,36.51,36.69,1311.0999755859375,90.37000274658205,1159.39,63.400001525878906,1.51
2018-03-21,36.52,36.7,1320.699951171875,89.77999877929688,1169.36,65.16999816894531,1.51
2018-03-22,36.6,36.78,1326.5999755859375,89.86000061035156,1172.36,64.30000305175781,1.51
2018-03-23,36.71,36.89,1349.300048828125,89.5980980682373,1153.59,65.87999725341797,1.51
2018-03-26,36.84,37.02,1354.4000244140625,89.5980980682373,1171.22,65.55000305175781,1.51
2018-03-27,36.87,37.05,1341.300048828125,89.5980980682373,1171.73,65.25,1.51
2018-03-28,36.72,36.9,1324.199951171875,90.05999755859375,1172.24,64.37999725341797,1.51
2018-03-29,36.56,36.73,1322.800048828125,90.1500015258789,1167.03,64.94000244140625,1.51
2018-03-30,36.64,36.82,1322.800048828125,90.1500015258789,1174.46,64.94000244140625,1.51
2018-04-01,36.64,36.82,1322.800048828125,90.1500015258789,1174.46,64.94000244140625,1.69
2018-04-02,36.62,36.8,1342.0999755859375,90.05000305175781,1196.61,63.0099983215332,1.69
2018-04-03,36.68,36.86,1332.800048828125,90.1999969482422,1188.29,63.5099983215332,1.69
2018-04-04,36.74,36.92,1335.800048828125,90.13999938964844,1191.54,63.369998931884766,1.69
2018-04-05,36.57,36.75,1324.300048828125,90.45999908447266,1193.17,63.540000915527344,1.69
2018-04-06,36.6,36.78,1331.9000244140625,90.11000061035156,1199.96,62.060001373291016,1.69
2018-04-09,36.62,36.8,1336.300048828125,89.83999633789062,1204.33,63.41999816894531,1.69
2018-04-10,36.67,36.85,1342.0,89.5980980682373,1198.12,65.51000213623047,1.69
2018-04-11,36.73,36.91,1356.5,89.5980980682373,1167.11,66.81999969482422,1.69
2018-04-12,36.84,37.04,1338.4000244140625,89.75,1173.02,67.06999969482422,1.69
2018-04-13,36.78,36.96,1344.800048828125,89.80000305175781,1157.14,67.38999938964844,1.69
2018-04-16,36.78,36.96,1347.5,89.5980980682373,1148.49,66.22000122070312,1.69
2018-04-17,36.84,37.02,1347.199951171875,89.5980980682373,1153.28,66.5199966430664,1.69
2018-04-18,36.81,36.99,1351.199951171875,89.62000274658203,1138.53,68.47000122070312,1.69
2018-04-19,36.89,37.09,1346.800048828125,89.94000244140625,1094.63,68.29000091552734,1.69
2018-04-20,36.8,36.98,1336.699951171875,90.31999969482422,1119.86,68.37999725341797,1.69
2018-04-23,36.65,36.83,1322.5,90.94000244140624,1076.78,68.63999938964844,1.69
2018-04-24,36.64,36.84,1331.4000244140625,90.7699966430664,1080.74,67.69999694824219,1.69
2018-04-25,36.64,36.84,1321.199951171875,91.16999816894533,1080.74,68.05000305175781,1.69
2018-04-26,36.61,36.79,1316.300048828125,91.55999755859376,1044.86,68.19000244140625,1.69
2018-04-27,36.62,36.82,1320.300048828125,91.54000091552734,1050.26,68.0999984741211,1.69
2018-04-30,36.62,36.82,1316.199951171875,91.83999633789062,1050.26,68.56999969482422,1.69
2018-05-01,36.62,36.82,1303.800048828125,92.4499969482422,1050.26,67.25,1.7
2018-05-02,36.54,36.72,1302.5999755859375,92.51000213623048,1029.08,67.93000030517578,1.7
2018-05-03,36.57,36.75,1310.699951171875,92.41000366210938,1026.46,68.43000030517578,1.7
2018-05-04,36.57,36.75,1312.699951171875,92.56999969482422,1026.8,69.72000122070312,1.7
2018-05-07,36.55,36.73,1312.199951171875,92.75,1062.26,70.7300033569336,1.7
2018-05-08,36.55,36.73,1312.0,93.12000274658205,1060.45,69.05999755859375,1.7
2018-05-09,36.54,36.72,1311.300048828125,93.04000091552734,1056.97,71.13999938964844,1.7
2018-05-10,36.56,36.74,1320.800048828125,92.6500015258789,1028.87,71.36000061035156,1.7
2018-05-11,36.65,36.83,1319.0,92.54000091552734,1044.85,70.69999694824219,1.7
2018-05-14,36.63,36.81,1316.5,92.58999633789062,1066.98,70.95999908447266,1.7
2018-05-15,36.55,36.73,1288.9000244140625,93.22000122070312,1073.5,71.30999755859375,1.7
2018-05-16,36.48,36.68,1290.199951171875,93.38999938964844,1054.62,71.48999786376953,1.7
2018-05-17,36.46,36.66,1288.199951171875,93.47000122070312,1030.64,71.48999786376953,1.7
2018-05-18,36.48,36.68,1290.199951171875,93.63999938964844,1040.54,71.27999877929688,1.7
2018-05-21,36.49,36.69,1290.199951171875,93.68000030517578,1014.98,72.23999786376953,1.7
2018-05-22,36.5,36.7,1291.699951171875,93.61000061035156,985.91,72.12999725341797,1.7
2018-05-23,36.5,36.7,1289.300048828125,94.01000213623048,988.94,71.83999633789062,1.7
2018-05-24,36.54,36.7,1303.699951171875,93.77999877929688,985.92,70.70999908447266,1.7
2018-05-25,36.6,36.75,1303.300048828125,94.19000244140624,963.9,67.87999725341797,1.7
2018-05-28,36.55,36.69,1303.300048828125,94.19000244140624,931.75,67.87999725341797,1.7
2018-05-29,36.59,36.74,1298.699951171875,94.83000183105467,952.18,66.7300033569336,1.7
2018-05-30,36.55,36.7,1301.5,94.1500015258789,948.5,68.20999908447266,1.7
2018-05-31,36.57,36.72,1300.0999755859375,93.98999786376952,971.25,67.04000091552734,1.7
2018-06-01,36.57,36.72,1294.800048828125,94.19000244140624,992.87,65.80999755859375,1.82
2018-06-04,36.55,36.7,1293.0999755859375,94.0199966430664,1013.78,64.75,1.82
2018-06-05,36.56,36.71,1297.5,93.88999938964844,1022.74,65.5199966430664,1.82
2018-06-06,36.56,36.72,1297.0999755859375,93.66000366210938,1034.5,64.7300033569336,1.82
2018-06-07,36.59,36.75,1298.699951171875,93.4000015258789,1036.69,65.94999694824219,1.82
2018-06-08,36.61,36.77,1298.0999755859375,93.5500030517578,1039.01,65.73999786376953,1.82
2018-06-11,36.78,36.96,1298.9000244140625,93.58000183105467,1039.02,66.0999984741211,1.82
2018-06-12,36.85,37.03,1295.0999755859375,93.8000030517578,1020.76,66.36000061035156,1.82
2018-06-13,36.77,36.97,1296.9000244140625,93.70999908447266,1030.53,66.63999938964844,1.82
2018-06-14,36.8,37.0,1304.0,94.7699966430664,1015.72,66.88999938964844,1.82
2018-06-15,36.77,36.97,1274.5999755859375,94.79000091552734,1016.51,65.05999755859375,1.82
2018-06-18,36.74,36.92,1276.199951171875,94.75,987.34,65.8499984741211,1.82
2018-06-19,36.76,36.94,1275.5999755859375,95.08999633789062,962.16,65.06999969482422,1.82
2018-06-20,36.74,36.92,1271.199951171875,95.05999755859376,980.95,66.22000122070312,1.82
2018-06-21,36.65,36.83,1267.199951171875,94.87000274658205,969.4,65.54000091552734,1.82
2018-06-22,36.79,36.97,1267.4000244140625,94.5199966430664,983.17,68.58000183105469,1.82
2018-06-25,36.75,36.92,1265.5999755859375,94.27999877929688,990.52,68.08000183105469,1.82
2018-06-26,36.7,36.85,1256.5999755859375,94.68000030517578,983.02,70.52999877929688,1.82
2018-06-27,36.69,36.86,1252.800048828125,95.29000091552734,968.91,72.76000213623047,1.82
2018-06-28,36.64,36.81,1247.800048828125,95.38999938964844,957.35,73.44999694824219,1.82
2018-06-29,36.61,36.78,1251.300048828125,94.62999725341795,960.78,74.1500015258789,1.82
2018-07-01,36.61,36.78,1251.300048828125,94.62999725341795,960.78,74.1500015258789,1.91
2018-07-02,36.7,36.88,1239.800048828125,94.87000274658205,947.15,73.94000244140625,1.91
2018-07-03,36.67,36.86,1251.5999755859375,94.58999633789062,906.01,74.13999938964844,1.91
2018-07-04,36.68,36.87,1251.5999755859375,94.58999633789062,914.99,74.13999938964844,1.91
2018-07-05,36.69,36.88,1257.300048828125,94.47000122070312,899.4,72.94000244140625,1.91
2018-07-06,36.75,36.93,1254.300048828125,94.04000091552734,917.51,73.80000305175781,1.91
2018-07-09,36.84,37.02,1258.0999755859375,94.08000183105467,915.12,73.8499984741211,1.91
2018-07-10,36.8,36.98,1253.800048828125,94.11000061035156,911.12,74.11000061035156,1.91
2018-07-11,36.83,37.01,1242.800048828125,94.72000122070312,893.16,70.37999725341797,1.91
2018-07-12,36.79,36.97,1245.0,94.80999755859376,898.51,70.33000183105469,1.91
2018-07-13,36.82,37.0,1239.5999755859375,94.75,909.72,71.01000213623047,1.91
2018-07-16,36.78,36.96,1238.0999755859375,94.51000213623048,911.11,68.05999755859375,1.91
2018-07-17,36.76,36.94,1225.699951171875,94.97000122070312,921.27,68.08000183105469,1.91
2018-07-18,36.59,36.77,1226.300048828125,95.08000183105467,942.39,68.76000213623047,1.91
2018-07-19,36.53,36.71,1222.4000244140625,95.16999816894533,943.97,69.45999908447266,1.91
2018-07-20,36.65,36.83,1229.5,94.45999908447266,933.39,70.45999908447266,1.91
2018-07-23,36.72,36.9,1224.0,94.66999816894533,936.74,67.88999938964844,1.91
2018-07-24,36.74,36.92,1223.9000244140625,94.61000061035156,934.08,68.5199966430664,1.91
2018-07-25,36.77,36.95,1231.4000244140625,94.36000061035156,927.58,69.30000305175781,1.91
2018-07-26,36.7,36.88,1225.300048828125,94.75,930.16,69.61000061035156,1.91
2018-07-27,36.7,36.88,1222.5999755859375,94.68000030517578,935.52,68.69000244140625,1.91
2018-07-30,36.71,36.89,1221.300048828125,94.36000061035156,949.73,70.12999725341797,1.91
2018-07-31,36.66,36.84,1223.699951171875,94.48999786376952,956.39,68.76000213623047,1.91
2018-08-01,36.66,36.84,1217.9000244140625,94.62000274658205,952.77,67.66000366210938,1.91
2018-08-02,36.6,36.78,1210.5999755859375,95.16999816894533,953.55,68.95999908447266,1.91
2018-08-03,36.61,36.79,1214.199951171875,95.13999938964844,959.6,68.48999786376953,1.91
2018-08-06,36.65,36.83,1208.5999755859375,95.36000061035156,960.23,69.01000213623047,1.91
2018-08-07,36.68,36.86,1209.5999755859375,95.22000122070312,956.79,69.16999816894531,1.91
2018-08-08,36.63,36.81,1212.5999755859375,95.0999984741211,966.27,66.94000244140625,1.91
2018-08-09,36.61,36.78,1211.9000244140625,95.5,963.5,66.80999755859375,1.91
2018-08-10,36.62,36.79,1211.0999755859375,96.36000061035156,968.47,67.62999725341797,1.91
2018-08-13,36.59,36.77,1196.2269775390625,96.38999938964844,978.04,67.19999694824219,1.91
2018-08-14,36.56,36.74,1196.2269775390625,96.7300033569336,978.27,67.04000091552734,1.91
2018-08-15,36.54,36.72,1196.2269775390625,96.6999969482422,961.37,65.01000213623047,1.91
2018-08-16,36.56,36.74,1196.2269775390625,96.6500015258789,964.28,65.45999908447266,1.91
2018-08-17,36.55,36.73,1196.2269775390625,96.0999984741211,968.88,65.91000366210938,1.91
2018-08-20,36.59,36.77,1196.2269775390625,95.9000015258789,969.62,66.43000030517578,1.91
2018-08-21,36.56,36.74,1196.2269775390625,95.26000213623048,979.21,67.3499984741211,1.91
2018-08-22,36.58,36.76,1196.300048828125,95.1500015258789,982.15,67.86000061035156,1.91
2018-08-23,36.56,36.74,1196.2269775390625,95.62000274658205,987.36,67.83000183105469,1.91
2018-08-24,36.57,36.75,1206.300048828125,95.1500015258789,987.05,68.72000122070312,1.91
2018-08-27,36.62,36.8,1209.0,94.77999877929688,991.92,68.87000274658203,1.91
2018-08-28,36.6,36.78,1207.4000244140625,94.72000122070312,995.19,68.52999877929688,1.91
2018-08-29,36.56,36.73,1204.5,94.5999984741211,988.17,69.51000213623047,1.91
2018-08-30,36.57,36.74,1197.699951171875,94.72000122070312,998.07,70.25,1.91
2018-08-31,36.56,36.73,1200.300048828125,95.13999938964844,989.54,69.80000305175781,1.91
2018-09-01,36.56,36.73,1200.300048828125,95.13999938964844,989.54,69.80000305175781,1.95
2018-09-04,36.55,36.72,1196.2269775390625,95.41999816894533,975.94,69.87000274658203,1.95
2018-09-05,36.56,36.73,1196.2269775390625,95.12999725341795,968.44,68.72000122070312,1.95
2018-09-06,36.6,36.77,1197.9000244140625,95.0199966430664,958.19,67.7699966430664,1.95
2018-09-07,36.59,36.76,1196.2269775390625,95.37000274658205,968.9,67.75,1.95
2018-09-10,36.52,36.69,1196.2269775390625,95.1500015258789,970.34,67.54000091552734,1.95
2018-09-11,36.53,36.7,1196.2269775390625,95.05999755859376,985.06,69.25,1.95
2018-09-12,36.52,36.69,1204.699951171875,94.8000030517578,987.01,70.37000274658203,1.95
2018-09-13,36.54,36.71,1202.0,94.54000091552734,987.95,68.58999633789062,1.95
2018-09-14,36.55,36.71,1196.2269775390625,94.9800033569336,991.34,68.98999786376953,1.95
2018-09-17,36.53,36.69,1199.699951171875,94.51000213623048,987.61,68.91000366210938,1.95
2018-09-18,36.52,36.68,1196.800048828125,94.62000274658205,993.49,69.8499984741211,1.95
2018-09-19,36.53,36.68,1202.199951171875,94.5500030517578,995.54,71.12000274658203,1.95
2018-09-20,36.51,36.66,1206.199951171875,93.91000366210938,1004.74,70.80000305175781,1.95
2018-09-21,36.54,36.69,1196.2269775390625,94.22000122070312,1002.97,70.77999877929688,1.95
2018-09-24,36.47,36.62,1199.300048828125,94.26000213623048,1011.29,72.08000183105469,1.95
2018-09-25,36.41,36.56,1200.0,94.12999725341795,1010.74,72.27999877929688,1.95
2018-09-26,36.41,36.56,1196.2269775390625,94.19000244140624,1009.61,71.56999969482422,1.95
2018-09-27,36.35,36.5,1196.2269775390625,95.0,1015.37,72.12000274658203,1.95
2018-09-28,36.28,36.43,1196.2269775390625,95.19000244140624,1017.13,73.25,1.95
2018-10-01,36.32,36.47,1196.2269775390625,95.3000030517578,1012.88,75.30000305175781,2.19
2018-10-02,36.36,36.51,1202.4000244140625,95.51000213623048,1018.79,75.2300033569336,2.19
2018-10-03,36.38,36.53,1198.300048828125,95.76000213623048,1020.4,76.41000366210938,2.19
2018-10-04,36.38,36.52,1197.199951171875,95.75,1023.62,74.33000183105469,2.19
2018-10-05,36.38,36.52,1201.199951171875,95.62000274658205,1008.39,74.33999633789062,2.19
2018-10-08,36.38,36.52,1196.2269775390625,95.7699966430664,996.12,74.29000091552734,2.19
2018-10-09,36.36,36.5,1196.2269775390625,95.68000030517578,996.19,74.95999908447266,2.19
2018-10-10,36.36,36.5,1196.2269775390625,95.51000213623048,993.96,73.16999816894531,2.19
2018-10-11,36.39,36.53,1223.5,95.0199966430664,945.89,70.97000122070312,2.19
2018-10-12,36.46,36.6,1218.0999755859375,95.22000122070312,970.08,71.33999633789062,2.19
2018-10-15,36.53,36.67,1226.4000244140625,95.06999969482422,951.64,71.77999877929688,2.19
2018-10-16,36.49,36.63,1227.300048828125,95.0500030517578,963.37,71.91999816894531,2.19
2018-10-17,36.52,36.66,1223.699951171875,95.58000183105467,971.6,69.75,2.19
2018-10-18,36.49,36.63,1226.5,95.9000015258789,963.47,68.6500015258789,2.19
2018-10-19,36.49,36.63,1225.300048828125,95.70999908447266,958.36,69.12000274658203,2.19
2018-10-22,36.47,36.61,1221.199951171875,96.01000213623048,953.51,69.16999816894531,2.19
2018-10-23,36.52,36.66,1233.4000244140625,95.95999908447266,939.68,66.43000030517578,2.19
2018-10-24,36.48,36.62,1227.800048828125,96.43000030517578,922.73,66.81999969482422,2.19
2018-10-25,36.46,36.6,1229.0999755859375,96.68000030517578,910.17,67.33000183105469,2.19
2018-10-26,36.5,36.64,1232.5,96.36000061035156,900.82,67.58999633789062,2.19
2018-10-29,36.43,36.57,1224.5,96.58000183105467,888.82,67.04000091552734,2.19
2018-10-30,36.38,36.52,1222.5999755859375,97.01000213623048,888.69,66.18000030517578,2.19
2018-10-31,36.36,36.5,1212.300048828125,97.12999725341795,914.76,65.30999755859375,2.19
2018-11-01,36.41,36.56,1236.0,96.27999877929688,907.96,63.68999862670898,2.2
2018-11-02,36.44,36.6,1230.9000244140625,96.54000091552734,924.86,63.13999938964844,2.2
2018-11-05,36.44,36.59,1229.800048828125,96.3499984741211,925.53,63.09999847412109,2.2
2018-11-06,36.38,36.54,1223.800048828125,96.31999969482422,922.05,62.209999084472656,2.2
2018-11-07,36.41,36.57,1226.199951171875,96.0,922.16,61.66999816894531,2.2
2018-11-08,36.37,36.53,1222.9000244140625,96.63999938964844,926.28,60.66999816894531,2.2
2018-11-09,36.35,36.51,1206.4000244140625,96.91000366210938,914.29,60.18999862670898,2.2
2018-11-12,36.32,36.48,1201.300048828125,97.54000091552734,918.12,59.93000030517578,2.2
2018-11-13,36.32,36.48,1199.199951171875,97.3000030517578,907.99,55.68999862670898,2.2
2018-11-14,36.36,36.5,1207.9000244140625,96.8000030517578,900.93,56.25,2.2
2018-11-15,36.42,36.58,1212.800048828125,96.93000030517578,897.15,56.459999084472656,2.2
2018-11-16,36.48,36.64,1220.800048828125,96.47000122070312,898.19,56.459999084472656,2.2
2018-11-19,36.49,36.65,1223.0999755859375,96.19000244140624,916.06,56.7599983215332,2.2
2018-11-20,36.46,36.62,1219.0,96.80999755859376,919.02,53.43000030517578,2.2
2018-11-21,36.43,36.59,1225.800048828125,96.70999908447266,922.56,54.630001068115234,2.2
2018-11-22,36.41,36.57,1225.800048828125,96.70999908447266,924.42,54.630001068115234,2.2
2018-11-23,36.38,36.54,1221.0,96.91999816894533,917.97,50.41999816894531,2.2
2018-11-26,36.37,36.53,1220.199951171875,97.06999969482422,921.03,51.630001068115234,2.2
2018-11-27,36.32,36.48,1211.199951171875,97.37000274658205,923.12,51.560001373291016,2.2
2018-11-28,36.29,36.45,1221.4000244140625,96.79000091552734,930.2,50.290000915527344,2.2
2018-11-29,36.34,36.5,1224.0999755859375,96.77999877929688,926.79,51.45000076293945,2.2
2018-11-30,36.32,36.48,1220.199951171875,97.2699966430664,926.54,50.93000030517578,2.2
2018-12-01,36.32,36.48,1220.199951171875,97.2699966430664,926.54,50.93000030517578,2.27
2018-12-03,36.32,36.48,1233.9000244140625,97.04000091552734,951.59,52.95000076293945,2.27
2018-12-04,36.33,36.49,1241.0999755859375,96.97000122070312,958.84,53.25,2.27
2018-12-05,36.3,36.46,1241.0999755859375,96.97000122070312,957.14,53.25,2.27
2018-12-06,36.26,36.42,1238.0999755859375,96.80999755859376,954.82,51.4900016784668,2.27
2018-12-07,36.27,36.43,1246.800048828125,96.51000213623048,958.59,52.61000061035156,2.27
2018-12-10,36.35,36.51,1243.699951171875,97.22000122070312,955.89,51.0,2.27
2018-12-11,36.31,36.47,1241.9000244140625,97.38999938964844,954.58,51.650001525878906,2.27
2018-12-12,36.26,36.42,1244.4000244140625,97.04000091552734,961.28,51.150001525878906,2.27
2018-12-13,36.2228,36.4,1242.699951171875,97.05999755859376,960.25,52.58000183105469,2.27
2018-12-14,36.25,36.41,1237.0,97.44000244140624,952.04,51.20000076293945,2.27
2018-12-17,36.25,36.43,1247.4000244140625,97.0999984741211,933.65,49.880001068115234,2.27
2018-12-18,36.24,36.42,1249.199951171875,97.13999938964844,927.25,46.2400016784668,2.27
2018-12-19,36.23,36.41,1252.0999755859375,97.04000091552734,919.24,47.20000076293945,2.27
2018-12-20,36.2228,36.4,1263.5999755859375,96.27999877929688,918.24,45.880001068115234,2.27
2018-12-21,36.25,36.43,1253.800048828125,96.95999908447266,912.26,45.59000015258789,2.27
2018-12-24,36.26,36.44,1267.5,96.5500030517578,908.56,42.52999877929688,2.27
2018-12-25,36.23,36.41,1267.5,96.5500030517578,897.94,42.52999877929688,2.27
2018-12-26,36.28,36.46,1269.199951171875,97.0500030517578,891.75,46.220001220703125,2.27
2018-12-27,36.27,36.45,1277.300048828125,96.4800033569336,900.81,44.61000061035156,2.27
2018-12-28,36.34,36.54,1279.9000244140625,96.38999938964844,892.54,45.33000183105469,2.27
2018-12-31,36.27,36.57,1278.300048828125,96.16999816894533,892.54,45.40999984741211,2.27
2019-01-01,36.27,36.57,1278.300048828125,96.16999816894533,892.54,45.40999984741211,2.4
2019-01-02,36.38,36.58,1281.0,96.81999969482422,891.75,46.540000915527344,2.4
2019-01-03,36.38,36.58,1291.800048828125,96.30999755859376,878.22,47.09000015258789,2.4
2019-01-04,36.38,36.58,1282.699951171875,96.19000244140624,880.9,47.959999084472656,2.4
2019-01-07,36.63,36.81,1286.800048828125,95.70999908447266,889.64,48.52000045776367,2.4
2019-01-08,36.54,36.72,1283.199951171875,95.9000015258789,887.44,49.77999877929688,2.4
2019-01-09,36.5,36.67,1289.300048828125,95.22000122070312,896.99,52.36000061035156,2.4
2019-01-10,36.58,36.76,1284.699951171875,95.54000091552734,898.3,52.59000015258789,2.4
2019-01-11,36.55,36.73,1287.0999755859375,95.66999816894533,902.71,51.59000015258789,2.4
2019-01-14,36.53,36.71,1289.0999755859375,95.58999633789062,901.8,50.5099983215332,2.4
2019-01-15,36.5,36.68,1286.199951171875,95.97000122070312,909.68,52.11000061035156,2.4
2019-01-16,36.47,36.65,1291.5999755859375,96.05999755859376,908.7,52.310001373291016,2.4
2019-01-17,36.54,36.72,1291.0,96.06999969482422,901.89,52.06999969482422,2.4
2019-01-18,36.56,36.74,1281.300048828125,96.33999633789062,902.3,53.79999923706055,2.4
2019-01-21,36.41,36.59,1281.300048828125,96.33999633789062,911.05,53.79999923706055,2.4
2019-01-22,36.35,36.53,1282.5,96.3000030517578,906.55,52.56999969482422,2.4
2019-01-23,36.37,36.55,1283.0999755859375,96.12000274658205,908.02,52.619998931884766,2.4
2019-01-24,36.36,36.54,1279.0999755859375,96.5999984741211,908.79,53.130001068115234,2.4
2019-01-25,36.48,36.66,1297.4000244140625,95.79000091552734,908.88,53.68999862670898,2.4
2019-01-28,36.58,36.78,1302.4000244140625,95.75,912.18,51.9900016784668,2.4
2019-01-29,36.65,36.85,1308.199951171875,95.81999969482422,915.93,53.310001373291016,2.4
2019-01-30,36.72,36.92,1309.9000244140625,95.33999633789062,915.84,54.22999954223633,2.4
2019-01-31,36.9,37.1,1319.699951171875,95.58000183105467,910.65,53.790000915527344,2.4
2019-02-01,36.88,37.1,1316.9000244140625,95.58000183105467,908.67,55.2599983215332,2.4
2019-02-04,36.88,37.1,1314.300048828125,95.8499984741211,908.67,54.560001373291016,2.4
2019-02-05,36.88,37.1,1314.199951171875,96.0999984741211,908.67,53.65999984741211,2.4
2019-02-06,36.88,37.1,1309.5,96.41999816894533,908.67,54.0099983215332,2.4
2019-02-07,36.88,37.1,1309.4000244140625,96.51000213623048,908.67,52.63999938964844,2.4
2019-02-08,36.88,37.1,1313.699951171875,96.63999938964844,908.67,52.720001220703125,2.4
2019-02-11,36.93,37.13,1307.0,97.05999755859376,926.1,52.40999984741211,2.4
2019-02-12,36.95,37.15,1309.199951171875,96.70999908447266,937.54,53.09999847412109,2.4
2019-02-13,36.78,37.02,1310.800048828125,97.12999725341795,945.25,53.900001525878906,2.4
2019-02-14,36.5,37.0,1309.800048828125,96.9800033569336,952.34,54.40999984741211,2.4
2019-02-15,36.68,36.88,1318.0999755859375,96.91999816894533,950.89,55.59000015258789,2.4
2019-02-18,36.8,37.0,1318.0999755859375,96.91999816894533,961.3,55.59000015258789,2.4
2019-02-19,36.8,37.0,1340.0999755859375,96.5199966430664,964.35,56.09000015258789,2.4
2019-02-20,36.95,37.15,1343.300048828125,96.4499969482422,970.58,56.91999816894531,2.4
2019-02-21,36.93,37.13,1323.5,96.61000061035156,987.57,56.959999084472656,2.4
2019-02-22,36.9,37.1,1329.199951171875,96.51000213623048,988.91,57.2599983215332,2.4
2019-02-25,36.87,37.07,1325.9000244140625,96.41000366210938,994.43,55.47999954223633,2.4
2019-02-26,36.86,37.06,1325.0999755859375,96.0,987.06,55.5,2.4
2019-02-27,36.85,37.05,1317.699951171875,96.1500015258789,990.27,56.93999862670898,2.4
2019-02-28,36.8,37.0,1312.800048828125,96.16000366210938,965.47,57.220001220703125,2.4
2019-03-01,36.66,36.86,1296.4000244140625,96.52999877929688,979.63,55.79999923706055,2.41
2019-03-04,36.42,36.6,1284.800048828125,96.68000030517578,993.99,56.59000015258789,2.41
2019-03-05,36.43,36.6,1282.0,96.8499984741211,992.45,56.560001373291016,2.41
2019-03-06,36.46,36.61,1284.9000244140625,96.87000274658205,994.49,56.220001220703125,2.41
2019-03-07,36.45,36.62,1283.800048828125,97.66999816894533,994.03,56.65999984741211,2.41
2019-03-08,36.47,36.64,1297.0,97.37000274658205,985.25,56.06999969482422,2.41
2019-03-11,36.48,36.65,1288.800048828125,97.22000122070312,984.6,56.790000915527344,2.41
2019-03-12,36.47,36.63,1296.300048828125,96.94000244140624,1001.32,56.869998931884766,2.41
2019-03-13,36.57,36.73,1307.5,96.5500030517578,1005.41,58.2599983215332,2.41
2019-03-14,36.51,36.67,1293.4000244140625,96.79000091552734,1009.56,58.61000061035156,2.41
2019-03-15,36.5,36.65,1301.800048828125,96.5999984741211,1004.12,58.52000045776367,2.41
2019-03-18,36.5,36.65,1300.300048828125,96.5199966430664,1011.86,59.09000015258789,2.41
2019-03-19,36.52,36.67,1305.0,96.37999725341795,1006.59,59.02999877929688,2.41
2019-03-20,36.51,36.66,1300.5,95.76000213623048,1002.3,59.83000183105469,2.41
2019-03-21,36.65,36.8,1306.0999755859375,96.5,981.78,59.97999954223633,2.41
2019-03-22,36.56,36.7,1311.5999755859375,96.6500015258789,988.71,59.040000915527344,2.41
2019-03-25,36.65,36.78,1321.9000244140625,96.56999969482422,970.07,58.81999969482422,2.41
2019-03-26,36.67,36.79,1314.300048828125,96.73999786376952,969.79,59.93999862670898,2.41
2019-03-27,36.65,36.77,1309.9000244140625,96.7699966430664,975.91,59.40999984741211,2.41
2019-03-28,36.61,36.73,1289.800048828125,97.1999969482422,982.98,59.29999923706055,2.41
2019-03-29,36.4,36.52,1293.0,97.27999877929688,980.76,60.13999938964844,2.41
2019-04-01,36.37,36.53,1288.4000244140625,97.25,988.53,61.59000015258789,2.42
2019-04-02,36.33,36.49,1290.0,97.36000061035156,985.81,62.58000183105469,2.42
2019-04-03,36.33,36.49,1289.9000244140625,97.08999633789062,984.46,62.459999084472656,2.42
2019-04-04,36.35,36.5,1289.0,97.30999755859376,986.91,62.09999847412109,2.42
2019-04-05,36.33,36.48,1290.4000244140625,97.4000015258789,989.26,63.08000183105469,2.42
2019-04-08,36.37,36.52,1297.0999755859375,97.0500030517578,997.56,64.4000015258789,2.42
2019-04-09,36.37,36.52,1303.5,97.01000213623048,988.48,63.97999954223633,2.42
2019-04-10,36.41,36.56,1309.0999755859375,96.9499969482422,981.91,64.61000061035156,2.42
2019-04-11,36.42,36.57,1288.5999755859375,97.18000030517578,985.95,63.58000183105469,2.42
2019-04-12,36.34,36.49,1290.5999755859375,96.97000122070312,982.9,63.88999938964844,2.42
2019-04-15,36.34,36.49,1286.800048828125,96.94000244140624,982.9,63.400001525878906,2.42
2019-04-16,36.29,36.44,1272.5999755859375,97.04000091552734,977.17,64.05000305175781,2.42
2019-04-17,36.2228,36.4,1272.199951171875,97.01000213623048,972.1,63.7599983215332,2.42
2019-04-18,36.2228,36.4,1271.9000244140625,97.47000122070312,962.3,64.0,2.42
2019-04-19,36.2228,36.4,1271.9000244140625,97.47000122070312,966.21,64.0,2.42
2019-04-22,36.2228,36.4,1273.5,97.27999877929688,965.86,65.69999694824219,2.42
2019-04-23,36.2228,36.4,1269.300048828125,97.56999969482422,968.0,66.30000305175781,2.42
2019-04-24,36.2228,36.4,1275.5,98.0999984741211,976.92,65.88999938964844,2.42
2019-04-25,36.2228,36.4,1275.800048828125,98.1999969482422,974.13,65.20999908447266,2.42
2019-04-26,36.25,36.42,1284.9000244140625,98.01000213623048,979.64,63.29999923706055,2.42
2019-04-29,36.25,36.42,1278.5999755859375,97.86000061035156,979.64,63.5,2.42
2019-04-30,36.25,36.42,1282.800048828125,97.4800033569336,979.64,63.90999984741211,2.42
2019-05-01,36.25,36.42,1281.4000244140625,97.69000244140624,979.64,63.59999847412109,2.39
2019-05-02,36.2228,36.4,1269.699951171875,97.83000183105467,978.5,61.810001373291016,2.39
2019-05-03,36.2228,36.4,1279.199951171875,97.5199966430664,974.14,61.93999862670898,2.39
2019-05-06,36.2228,36.4,1281.699951171875,97.5199966430664,957.97,62.25,2.39
2019-05-07,36.2228,36.4,1283.5,97.62999725341795,957.56,61.400001525878906,2.39
2019-05-08,36.2228,36.4,1279.4000244140625,97.62000274658205,951.22,62.119998931884766,2.39
2019-05-09,36.2228,36.4,1283.5,97.37000274658205,947.01,61.70000076293945,2.39
2019-05-10,36.24,36.41,1285.699951171875,97.33000183105467,952.55,61.65999984741211,2.39
2019-05-13,36.2228,36.4,1300.0999755859375,97.31999969482422,958.54,61.040000915527344,2.39
2019-05-14,36.38,36.55,1294.699951171875,97.52999877929688,965.34,61.77999877929688,2.39
2019-05-15,36.34,36.51,1296.300048828125,97.56999969482422,975.64,62.02000045776367,2.39
2019-05-16,36.34,36.51,1285.0,97.83999633789062,975.69,62.869998931884766,2.39
2019-05-17,36.3,36.47,1274.5,98.0,976.48,62.7599983215332,2.39
2019-05-20,36.2228,36.4,1276.0999755859375,97.93000030517578,987.13,63.09999847412109,2.39
2019-05-21,36.2228,36.4,1272.0,98.05999755859376,986.29,62.9900016784668,2.39
2019-05-22,36.2228,36.4,1273.5999755859375,98.11000061035156,983.78,61.41999816894531,2.39
2019-05-23,36.2228,36.4,1284.800048828125,97.8499984741211,982.71,57.90999984741211,2.39
2019-05-24,36.25,36.42,1283.0,97.61000061035156,970.03,58.630001068115234,2.39
2019-05-27,36.28,36.45,1283.0,97.61000061035156,975.14,58.630001068115234,2.39
2019-05-28,36.23,36.4,1276.5,97.95999908447266,972.0,59.13999938964844,2.39
2019-05-29,36.2228,36.4,1280.5999755859375,98.13999938964844,971.54,58.810001373291016,2.39
2019-05-30,36.2228,36.4,1287.0999755859375,98.13999938964844,969.34,56.59000015258789,2.39
2019-05-31,36.33,36.5,1305.800048828125,97.75,959.88,53.5,2.39
2019-06-01,36.33,36.5,1305.800048828125,97.75,959.88,53.5,2.38
2019-06-03,36.64,36.81,1322.699951171875,97.13999938964844,946.47,53.25,2.38
2019-06-04,36.82,37.02,1323.4000244140625,97.06999969482422,951.16,53.47999954223633,2.38
2019-06-05,36.9,37.15,1328.300048828125,97.37000274658205,951.41,51.68000030517578,2.38
2019-06-06,36.95,37.2,1337.5999755859375,97.02999877929688,948.21,52.59000015258789,2.38
2019-06-07,37.0,37.2,1341.199951171875,96.61000061035156,958.28,53.9900016784668,2.38
2019-06-10,37.05,37.25,1324.699951171875,96.76000213623048,962.9,53.2599983215332,2.38
2019-06-11,36.91,37.11,1326.4000244140625,96.69000244140624,962.07,53.27000045776367,2.38
2019-06-12,37.15,37.4,1331.9000244140625,97.0,954.17,51.13999938964844,2.38
2019-06-13,37.2,37.4,1339.199951171875,97.01000213623048,950.08,52.27999877929688,2.38
2019-06-14,37.4,37.8,1340.0999755859375,97.56999969482422,953.61,52.5099983215332,2.38
2019-06-17,37.3,37.5,1338.699951171875,97.55999755859376,946.95,51.93000030517578,2.38
2019-06-18,37.5,37.7,1346.5999755859375,97.63999938964844,944.01,53.900001525878906,2.38
2019-06-19,37.4,37.6,1344.5999755859375,97.12000274658205,949.69,53.7599983215332,2.38
2019-06-20,38.18,38.43,1392.9000244140625,96.62999725341795,959.18,56.650001525878906,2.38
2019-06-21,38.4,38.65,1396.199951171875,96.22000122070312,959.2,57.43000030517578,2.38
2019-06-24,38.6,38.85,1414.300048828125,95.9800033569336,962.85,57.900001525878906,2.38
2019-06-25,39.1,39.4,1414.9000244140625,96.16000366210938,960.13,57.83000183105469,2.38
2019-06-26,38.8,39.05,1411.5999755859375,96.20999908447266,959.13,59.380001068115234,2.38
2019-06-27,38.45,38.7,1408.4000244140625,96.19000244140624,943.11,59.43000030517578,2.38
2019-06-28,38.65,38.9,1409.699951171875,96.12999725341795,949.94,58.470001220703125,2.38
2019-07-01,38.1,38.35,1385.5999755859375,96.83999633789062,965.61,59.09000015258789,2.4
2019-07-02,38.25,38.45,1404.5999755859375,96.7300033569336,961.98,56.25,2.4
2019-07-03,38.85,39.15,1417.699951171875,96.7699966430664,960.39,57.34000015258789,2.4
2019-07-04,38.75,39.0,1417.699951171875,96.7699966430664,973.04,57.34000015258789,2.4
2019-07-05,38.85,39.1,1396.699951171875,97.25,975.34,57.5099983215332,2.4
2019-07-08,38.8,39.05,1397.0,97.37999725341795,966.35,57.65999984741211,2.4
2019-07-09,38.55,38.75,1397.5,97.48999786376952,969.05,57.83000183105469,2.4
2019-07-10,38.7,38.9,1410.0999755859375,97.0999984741211,973.65,60.43000030517578,2.4
2019-07-11,39.05,39.35,1404.300048828125,97.0500030517578,978.63,60.20000076293945,2.4
2019-07-12,38.92,39.15,1409.9000244140625,96.80999755859376,975.4,60.209999084472656,2.4
2019-07-15,39.1,39.3,1411.4000244140625,96.93000030517578,972.53,59.58000183105469,2.4
2019-07-16,39.05,39.25,1409.199951171875,97.4000015258789,982.11,57.619998931884766,2.4
2019-07-17,38.95,39.15,1421.300048828125,97.22000122070312,982.57,56.77999877929688,2.4
2019-07-18,39.17,39.42,1426.0999755859375,96.79000091552734,976.05,55.29999923706055,2.4
2019-07-19,39.6,39.9,1425.0999755859375,97.1500015258789,982.34,55.630001068115234,2.4
2019-07-22,39.5,39.75,1425.300048828125,97.26000213623048,982.04,56.220001220703125,2.4
2019-07-23,39.35,39.6,1420.0999755859375,97.70999908447266,989.46,56.77000045776367,2.4
2019-07-24,39.49,39.74,1422.800048828125,97.7300033569336,988.41,55.880001068115234,2.4
2019-07-25,39.55,39.8,1413.9000244140625,97.81999969482422,994.95,56.02000045776367,2.4
2019-07-26,39.37,39.62,1418.5,98.01000213623048,993.35,56.20000076293945,2.4
2019-07-29,39.4,39.62,1419.5999755859375,98.04000091552734,997.94,56.869998931884766,2.4
2019-07-30,39.53,39.73,1429.699951171875,98.0500030517578,986.02,58.04999923706055,2.4
2019-07-31,39.6,39.8,1426.0999755859375,98.5199966430664,991.66,58.58000183105469,2.4
2019-08-01,39.21,39.44,1420.9000244140625,98.38999938964844,997.39,53.95000076293945,2.13
2019-08-02,39.65,39.9,1445.5999755859375,98.0999984741211,991.1,55.65999984741211,2.13
2019-08-05,40.25,40.55,1464.5999755859375,97.5,973.15,54.68999862670898,2.13
2019-08-06,40.5,40.8,1472.4000244140625,97.62999725341795,964.61,53.630001068115234,2.13
2019-08-07,41.2,41.6,1507.300048828125,97.54000091552734,965.93,51.09000015258789,2.13
2019-08-08,41.85,42.25,1497.699951171875,97.62000274658205,975.24,52.540000915527344,2.13
2019-08-09,41.65,42.05,1496.5999755859375,97.48999786376952,974.34,54.5,2.13
2019-08-12,41.35,41.7,1505.300048828125,97.37999725341795,975.31,54.93000030517578,2.13
2019-08-13,41.85,42.2,1502.199951171875,97.80999755859376,966.83,57.09999847412109,2.13
2019-08-14,41.3,41.65,1515.9000244140625,97.98999786376952,968.91,55.22999954223633,2.13
2019-08-15,41.6,42.0,1519.5999755859375,98.13999938964844,979.38,54.470001220703125,2.13
2019-08-16,41.5,41.85,1512.5,98.13999938964844,980.0,54.869998931884766,2.13
2019-08-19,41.3,41.65,1500.4000244140625,98.3499984741211,981.03,56.209999084472656,2.13
2019-08-20,41.45,41.75,1504.5999755859375,98.19000244140624,984.67,56.34000015258789,2.13
2019-08-21,41.3,41.6,1504.5999755859375,98.3000030517578,994.38,55.68000030517578,2.13
2019-08-22,41.43,41.73,1497.300048828125,98.16999816894533,997.26,55.34999847412109,2.13
2019-08-23,41.45,41.75,1526.5999755859375,97.63999938964844,992.45,54.16999816894531,2.13
2019-08-26,42.4,42.8,1526.300048828125,98.08000183105467,982.88,53.63999938964844,2.13
2019-08-27,42.3,42.7,1541.0,98.0,976.79,54.93000030517578,2.13
2019-08-28,42.4,42.8,1537.800048828125,98.20999908447266,977.26,55.77999877929688,2.13
2019-08-29,42.55,42.9,1526.5,98.51000213623048,978.59,56.709999084472656,2.13
2019-08-30,42.3,42.65,1519.0999755859375,98.91999816894533,984.06,55.09999847412109,2.13
2019-09-01,42.3,42.65,1519.0999755859375,98.91999816894533,984.06,55.09999847412109,2.04
2019-09-03,42.35,42.65,1545.9000244140625,98.9499969482422,979.36,53.93999862670898,2.04
2019-09-04,42.4,42.75,1550.300048828125,98.4499969482422,977.63,56.2599983215332,2.04
2019-09-05,42.55,42.9,1515.4000244140625,98.41000366210938,976.79,56.29999923706055,2.04
2019-09-06,42.1,42.45,1506.199951171875,98.38999938964844,974.08,56.52000045776367,2.04
2019-09-09,41.75,42.1,1502.199951171875,98.27999877929688,974.12,57.84999847412109,2.04
2019-09-10,41.4,41.8,1490.300048828125,98.33000183105467,970.26,57.400001525878906,2.04
2019-09-11,41.3,41.7,1494.4000244140625,98.6500015258789,969.31,55.75,2.04
2019-09-12,41.6,41.95,1498.699951171875,98.30999755859376,976.07,55.09000015258789,2.04
2019-09-13,41.8,42.15,1490.9000244140625,98.26000213623048,987.22,54.84999847412109,2.04
2019-09-16,41.6,41.95,1503.0999755859375,98.6500015258789,989.86,62.900001525878906,2.04
2019-09-17,41.55,41.85,1505.0999755859375,98.26000213623048,996.74,59.34000015258789,2.04
2019-09-18,41.65,41.95,1507.5,98.5999984741211,995.15,58.11000061035156,2.04
2019-09-19,41.65,41.95,1498.4000244140625,98.2699966430664,997.1,58.130001068115234,2.04
2019-09-20,41.65,41.95,1507.300048828125,98.51000213623048,990.36,58.09000015258789,2.04
2019-09-23,41.98,42.28,1523.699951171875,98.5999984741211,987.54,58.63999938964844,2.04
2019-09-24,42.05,42.35,1532.0999755859375,98.33999633789062,988.13,57.290000915527344,2.04
2019-09-25,42.25,42.6,1504.5999755859375,99.04000091552734,987.3,56.4900016784668,2.04
2019-09-26,41.95,42.25,1507.5,99.20999908447266,990.75,56.40999984741211,2.04
2019-09-27,41.7,42.0,1499.0999755859375,99.11000061035156,997.84,55.90999984741211,2.04
2019-09-30,41.5,41.8,1465.699951171875,99.37999725341795,996.56,54.06999969482422,2.04
2019-10-01,40.95,41.25,1482.0,99.12999725341795,999.59,53.619998931884766,1.83
2019-10-02,41.2,41.55,1501.0,99.04000091552734,991.19,52.63999938964844,1.83
2019-10-03,41.65,41.95,1507.0999755859375,98.86000061035156,992.45,52.45000076293945,1.83
2019-10-04,41.75,42.05,1506.199951171875,98.80999755859376,987.59,52.810001373291016,1.83
2019-10-07,41.65,41.95,1497.699951171875,98.98999786376952,983.09,52.75,1.83
2019-10-08,41.6,41.85,1497.199951171875,99.13999938964844,988.22,52.630001068115234,1.83
2019-10-09,41.79,42.04,1506.0999755859375,99.12000274658205,987.83,52.59000015258789,1.83
2019-10-10,41.8,42.05,1494.800048828125,98.70999908447266,987.38,53.54999923706055,1.83
2019-10-11,41.77,42.02,1482.699951171875,98.3000030517578,991.84,54.70000076293945,1.83
2019-10-14,41.56,41.83,1491.699951171875,98.4499969482422,993.57,53.59000015258789,1.83
2019-10-15,41.47,41.74,1477.5999755859375,98.29000091552734,993.05,52.810001373291016,1.83
2019-10-16,41.42,41.69,1488.0,98.01000213623048,994.46,53.36000061035156,1.83
2019-10-17,41.43,41.7,1492.300048828125,97.61000061035156,989.82,53.93000030517578,1.83
2019-10-18,41.48,41.75,1488.199951171875,97.27999877929688,989.2,53.77999877929688,1.83
2019-10-21,41.5,41.77,1482.4000244140625,97.33000183105467,983.56,53.310001373291016,1.83
2019-10-22,41.44,41.72,1481.699951171875,97.52999877929688,987.19,54.15999984741211,1.83
2019-10-23,41.55,41.82,1489.9000244140625,97.47000122070312,987.79,55.970001220703125,1.83
2019-10-24,41.5,41.76,1498.9000244140625,97.62999725341795,993.6,56.22999954223633,1.83
2019-10-25,41.65,41.93,1499.5,97.83000183105467,996.57,56.65999984741211,1.83
2019-10-28,41.72,41.98,1490.0,97.76000213623048,996.48,55.810001373291016,1.83
2019-10-29,41.63,41.91,1487.0,97.69000244140624,995.87,55.540000915527344,1.83
2019-10-30,41.53,41.81,1493.199951171875,97.6500015258789,1000.89,55.060001373291016,1.83
2019-10-31,41.68,41.96,1511.4000244140625,97.3499984741211,998.82,54.18000030517578,1.83
2019-11-01,41.86,42.14,1508.0,97.23999786376952,1015.59,56.20000076293945,1.55
2019-11-04,41.79,42.05,1508.0,97.51000213623048,1022.43,56.540000915527344,1.55
2019-11-05,41.71,41.98,1480.800048828125,97.9800033569336,1024.34,57.22999954223633,1.55
2019-11-06,41.57,41.84,1490.199951171875,97.9499969482422,1024.91,56.34999847412109,1.55
2019-11-07,41.6,41.87,1464.199951171875,98.13999938964844,1024.03,57.150001525878906,1.55
2019-11-08,41.37,41.65,1461.300048828125,98.3499984741211,1022.49,57.2400016784668,1.55
2019-11-11,41.3,41.56,1455.5,98.1999969482422,1016.75,56.86000061035156,1.55
2019-11-12,41.07,41.34,1452.0999755859375,98.30999755859376,1018.33,56.79999923706055,1.55
2019-11-13,41.16,41.42,1461.699951171875,98.37000274658205,1012.77,57.119998931884766,1.55
2019-11-14,41.24,41.5,1471.800048828125,98.16000366210938,1012.3,56.77000045776367,1.55
2019-11-15,41.23,41.48,1467.300048828125,98.0,1010.03,57.720001220703125,1.55
2019-11-18,41.19,41.41,1470.9000244140625,97.79000091552734,1002.91,57.04999923706055,1.55
2019-11-19,41.26,41.48,1473.300048828125,97.86000061035156,1008.35,55.209999084472656,1.55
2019-11-20,41.42,41.64,1473.300048828125,97.93000030517578,1000.56,57.11000061035156,1.55
2019-11-21,41.41,41.63,1463.0999755859375,97.98999786376952,987.89,58.58000183105469,1.55
2019-11-22,41.39,41.62,1463.0999755859375,98.2699966430664,977.78,57.77000045776367,1.55
2019-11-25,41.17,41.4,1456.5999755859375,98.31999969482422,976.35,58.0099983215332,1.55
2019-11-26,41.17,41.4,1459.800048828125,98.25,976.79,58.40999984741211,1.55
2019-11-27,41.17,41.4,1453.4000244140625,98.41000366210938,978.17,58.11000061035156,1.55
2019-11-28,41.1,41.33,1453.4000244140625,98.41000366210938,970.39,58.11000061035156,1.55
2019-11-29,41.17,41.4,1465.5999755859375,98.2699966430664,970.75,55.16999816894531,1.55
2019-12-01,41.17,41.4,1465.5999755859375,98.2699966430664,970.75,55.16999816894531,1.55
2019-12-02,41.13,41.35,1462.300048828125,97.86000061035156,959.31,55.959999084472656,1.55
2019-12-03,41.22,41.44,1478.199951171875,97.73999786376952,953.43,56.09999847412109,1.55
2019-12-04,41.35,41.58,1474.0,97.6500015258789,965.9,58.43000030517578,1.55
2019-12-05,41.36,41.58,1476.9000244140625,97.41000366210938,963.27,58.43000030517578,1.55
2019-12-06,41.33,41.55,1459.0999755859375,97.6999969482422,963.56,59.20000076293945,1.55
2019-12-09,41.2,41.42,1459.300048828125,97.63999938964844,966.06,59.02000045776367,1.55
2019-12-10,41.23,41.45,1462.5999755859375,97.41000366210938,960.3,59.2400016784668,1.55
2019-12-11,41.22,41.44,1469.4000244140625,97.16000366210938,961.78,58.7599983215332,1.55
2019-12-12,41.3,41.53,1466.699951171875,97.4000015258789,968.17,59.18000030517578,1.55
2019-12-13,41.29,41.52,1475.5999755859375,97.16999816894533,966.18,60.06999969482422,1.55
2019-12-16,41.38,41.6,1475.0,97.06999969482422,961.47,60.209999084472656,1.55
2019-12-17,41.41,41.63,1474.5999755859375,97.20999908447266,954.03,60.93999862670898,1.55
2019-12-18,41.42,41.64,1472.5999755859375,97.41000366210938,951.13,60.93000030517578,1.55
2019-12-19,41.36,41.58,1478.199951171875,97.41999816894533,952.26,61.220001220703125,1.55
2019-12-20,41.4,41.63,1474.699951171875,97.70999908447266,956.41,60.43999862670898,1.55
2019-12-23,41.52,41.74,1482.5,97.66000366210938,959.43,60.52000045776367,1.55
2019-12-24,41.67,41.89,1499.0999755859375,97.6500015258789,958.88,61.11000061035156,1.55
2019-12-25,41.85,42.12,1499.0999755859375,97.6500015258789,960.92,61.11000061035156,1.55
2019-12-26,41.9,42.2,1509.300048828125,97.58999633789062,958.59,61.68000030517578,1.55
2019-12-27,42.02,42.37,1513.800048828125,96.91999816894533,963.51,61.720001220703125,1.55
2019-12-30,42.13,42.53,1514.5,96.73999786376952,965.03,61.68000030517578,1.55
2019-12-31,42.25,42.75,1519.5,96.38999938964844,960.99,61.060001373291016,1.55
2020-01-01,42.25,42.75,1519.5,96.38999938964844,960.99,61.060001373291016,1.55
2020-01-02,42.29,42.64,1524.5,96.8499984741211,966.67,61.18000030517578,1.55
2020-01-03,42.71,43.03,1549.199951171875,96.83999633789062,965.14,63.04999923706055,1.55
2020-01-06,43.95,44.45,1566.199951171875,96.66999816894533,955.79,63.27000045776367,1.55
2020-01-07,43.65,44.0,1571.800048828125,96.9800033569336,958.88,62.70000076293945,1.55
2020-01-08,44.0,44.5,1557.4000244140625,97.3000030517578,948.98,59.61000061035156,1.55
2020-01-09,42.95,43.45,1551.699951171875,97.4499969482422,960.15,59.560001373291016,1.55
2020-01-10,42.95,43.35,1557.5,97.36000061035156,968.54,59.040000915527344,1.55
2020-01-13,42.9,43.3,1548.4000244140625,97.3499984741211,965.84,58.08000183105469,1.55
2020-01-14,42.85,43.25,1542.4000244140625,97.37000274658205,967.0,58.22999954223633,1.55
2020-01-15,42.95,43.3,1552.0999755859375,97.2300033569336,967.56,57.810001373291016,1.55
2020-01-16,43.0,43.35,1549.0,97.31999969482422,974.31,58.52000045776367,1.55
2020-01-17,43.1,43.45,1558.800048828125,97.61000061035156,978.96,58.540000915527344,1.55
2020-01-20,43.45,43.85,1558.800048828125,97.61000061035156,978.63,58.540000915527344,1.55
2020-01-21,43.4,43.85,1556.4000244140625,97.52999877929688,986.37,58.34000015258789,1.55
2020-01-22,43.3,43.75,1555.300048828125,97.52999877929688,991.46,56.7400016784668,1.55
2020-01-23,43.3,43.75,1564.5999755859375,97.69000244140624,991.46,55.59000015258789,1.55
2020-01-24,43.3,43.75,1571.0999755859375,97.8499984741211,991.46,54.18999862670898,1.55
2020-01-27,43.3,43.75,1576.800048828125,97.95999908447266,991.46,53.13999938964844,1.55
2020-01-28,43.3,43.75,1569.199951171875,98.0199966430664,991.46,53.47999954223633,1.55
2020-01-29,43.3,43.75,1569.800048828125,97.98999786376952,991.46,53.33000183105469,1.55
2020-01-30,44.2,44.6,1583.5,97.87000274658205,959.58,52.13999938964844,1.55
2020-01-31,44.25,44.65,1582.9000244140625,97.38999938964844,936.62,51.560001373291016,1.55
2020-02-01,44.25,44.65,1582.9000244140625,97.38999938964844,936.62,51.560001373291016,1.58
2020-02-03,43.8,44.5,1577.199951171875,97.8000030517578,928.14,50.11000061035156,1.58
2020-02-04,43.55,43.95,1550.4000244140625,97.95999908447266,929.09,49.61000061035156,1.58
2020-02-05,43.45,43.9,1557.800048828125,98.2699966430664,925.91,50.75,1.58
2020-02-06,43.5,43.95,1565.0999755859375,98.5,938.54,50.95000076293945,1.58
2020-02-07,43.6,44.0,1568.5999755859375,98.68000030517578,940.75,50.31999969482422,1.58
2020-02-10,43.9,44.35,1574.699951171875,98.83000183105467,930.73,49.56999969482422,1.58
2020-02-11,43.85,44.2,1565.5999755859375,98.72000122070312,934.67,49.93999862670898,1.58
2020-02-12,43.85,44.2,1567.4000244140625,99.0500030517578,937.68,51.16999816894531,1.58
2020-02-13,43.95,44.3,1575.0999755859375,99.06999969482422,938.24,51.41999816894531,1.58
2020-02-14,43.9,44.25,1582.699951171875,99.12000274658205,937.45,52.04999923706055,1.58
2020-02-17,44.15,44.45,1582.699951171875,99.12000274658205,934.77,52.04999923706055,1.58
2020-02-18,44.33,44.63,1600.0,99.45999908447266,927.93,52.04999923706055,1.58
2020-02-19,44.7,45.05,1607.5,99.5999984741211,928.76,53.290000915527344,1.58
2020-02-20,44.65,45.0,1616.5999755859375,99.87000274658205,938.13,53.77999877929688,1.58
2020-02-21,45.25,45.65,1644.5999755859375,99.26000213623048,933.09,53.380001068115234,1.58
2020-02-24,47.8,49.0,1672.4000244140625,99.29000091552734,903.34,51.43000030517578,1.58
2020-02-25,46.5,47.4,1646.9000244140625,98.97000122070312,909.67,49.900001525878906,1.58
2020-02-26,46.15,46.95,1640.0,99.0,895.97,48.72999954223633,1.58
2020-02-27,46.0,46.7,1640.0,98.44000244140624,898.44,47.09000015258789,1.58
2020-02-28,45.85,46.5,1564.0999755859375,98.12999725341795,882.19,44.7599983215332,1.58
2020-03-01,45.85,46.5,1564.0999755859375,98.12999725341795,882.19,44.7599983215332,0.65
2020-03-02,46.0,46.45,1592.300048828125,97.36000061035156,884.43,46.75,0.65
2020-03-03,45.9,46.4,1642.0999755859375,97.1500015258789,890.61,47.18000030517578,0.65
2020-03-04,46.35,47.0,1641.0999755859375,97.33999633789062,889.37,46.77999877929688,0.65
2020-03-05,46.45,46.95,1666.4000244140625,96.81999969482422,893.31,45.900001525878906,0.65
2020-03-06,46.8,47.3,1670.800048828125,95.9499969482422,891.44,41.27999877929688,0.65
2020-03-09,47.15,47.85,1674.5,94.9000015258789,835.49,31.1299991607666,0.65
2020-03-10,46.9,47.55,1659.0999755859375,96.41000366210938,837.5,34.36000061035156,0.65
2020-03-11,46.85,47.45,1641.4000244140625,96.51000213623048,811.35,32.97999954223633,0.65
2020-03-12,46.9,47.5,1589.300048828125,97.47000122070312,769.25,31.5,0.65
2020-03-13,46.1,47.0,1515.699951171875,98.75,762.9263,31.729999542236328,0.65
2020-03-16,46.1,47.0,1485.9000244140625,98.08999633789062,762.9263,28.700000762939453,0.65
2020-03-17,46.1,47.0,1524.9000244140625,99.58000183105467,762.9263,26.950000762939453,0.65
2020-03-18,46.1,47.0,1477.300048828125,101.16000366210938,762.9263,22.475900325775147,0.65
2020-03-19,45.8,46.6,1478.5999755859375,102.76000213623048,762.9263,25.21999931335449,0.65
2020-03-20,45.85,46.65,1484.0,102.81999969482422,762.9263,22.475900325775147,0.65
2020-03-23,45.8,46.5,1567.0,102.48999786376952,762.9263,23.36000061035156,0.65
2020-03-24,46.5,47.2,1660.199951171875,101.73999786376952,762.9263,24.01000022888184,0.65
2020-03-25,46.65,47.35,1632.300048828125,101.0500030517578,762.9263,24.489999771118164,0.65
2020-03-26,46.75,47.45,1650.0999755859375,99.41999816894533,762.9263,22.600000381469727,0.65
2020-03-27,46.95,47.75,1623.9000244140625,98.37000274658205,762.9263,22.475900325775147,0.65
2020-03-30,47.25,48.35,1622.0,99.18000030517578,762.9263,22.475900325775147,0.65
2020-03-31,47.0,48.2,1583.4000244140625,99.0500030517578,762.9263,22.475900325775147,0.65
2020-04-01,47.05,48.05,1578.199951171875,99.66999816894533,762.9263,22.475900325775147,0.05
2020-04-02,47.05,48.05,1625.699951171875,100.18000030517578,762.9263,25.31999969482422,0.05
2020-04-03,47.05,48.05,1633.699951171875,100.58000183105467,762.9263,28.34000015258789,0.05
2020-04-06,47.1,48.1,1677.0,100.69000244140624,762.9263,26.07999992370605,0.05
2020-04-07,47.1,48.1,1664.800048828125,99.9800033569336,762.9263,23.6299991607666,0.05
2020-04-08,47.15,48.0,1665.4000244140625,100.12000274658205,762.9263,25.09000015258789,0.05
2020-04-09,47.25,48.1,1736.199951171875,99.5199966430664,762.9263,22.76000022888184,0.05
2020-04-10,47.4,48.25,1736.199951171875,99.5199966430664,762.9263,22.76000022888184,0.05
2020-04-13,47.55,48.4,1744.800048828125,99.3499984741211,765.79,22.475900325775147,0.05
2020-04-14,47.75,48.55,1756.699951171875,98.88999938964844,767.41,22.475900325775147,0.05
2020-04-15,47.5,48.3,1727.199951171875,99.45999908447266,777.22,22.475900325775147,0.05
2020-04-16,47.6,48.35,1720.4000244140625,100.02999877929688,780.7,22.475900325775147,0.05
2020-04-17,47.5,48.25,1689.199951171875,99.77999877929688,789.6,22.475900325775147,0.05
2020-04-20,47.25,48.0,1701.5999755859375,99.95999908447266,794.97,22.475900325775147,0.05
2020-04-21,47.5,48.15,1678.199951171875,100.26000213623048,766.84,22.475900325775147,0.05
2020-04-22,47.5,48.15,1728.699951171875,100.38999938964844,768.92,22.475900325775147,0.05
2020-04-23,47.8,48.45,1733.300048828125,100.43000030517578,773.91,22.475900325775147,0.05
2020-04-24,47.85,48.5,1723.5,100.37999725341795,776.66,22.475900325775147,0.05
2020-04-27,47.9,48.55,1711.9000244140625,100.04000091552734,770.77,22.475900325775147,0.05
2020-04-28,47.95,48.6,1710.5,99.87000274658205,767.21,22.475900325775147,0.05
2020-04-29,47.85,48.5,1703.4000244140625,99.56999969482422,769.11,22.475900325775147,0.05
2020-04-30,47.85,48.5,1684.199951171875,99.0199966430664,769.11,22.475900325775147,0.05
2020-05-01,47.85,48.5,1694.5,98.8000030517578,769.11,22.475900325775147,0.05
2020-05-04,47.9,48.5,1706.9000244140625,99.4800033569336,762.9263,22.475900325775147,0.05
2020-05-05,47.85,48.45,1704.4000244140625,99.70999908447266,764.16,24.559999465942383,0.05
2020-05-06,47.85,48.45,1684.199951171875,100.08999633789062,782.59,23.989999771118164,0.05
2020-05-07,47.8,48.25,1721.800048828125,99.88999938964844,796.54,23.549999237060547,0.05
2020-05-08,47.95,48.4,1709.9000244140625,99.7300033569336,813.73,24.739999771118164,0.05
2020-05-11,47.8,48.25,1695.300048828125,100.23999786376952,828.33,24.13999938964844,0.05
2020-05-12,48.3,48.67,1704.4000244140625,99.93000030517578,835.32,25.780000686645508,0.05
2020-05-13,48.0,48.4,1713.9000244140625,100.23999786376952,834.21,25.290000915527344,0.05
2020-05-14,48.17,48.55,1738.0999755859375,100.47000122070312,832.4,27.559999465942383,0.05
2020-05-15,48.3,48.67,1753.4000244140625,100.4000015258789,827.03,29.43000030517578,0.05
2020-05-18,48.9,49.4,1731.800048828125,99.66999816894533,837.01,31.81999969482422,0.05
2020-05-19,48.58,49.03,1744.199951171875,99.37000274658205,845.92,32.5,0.05
2020-05-20,48.65,49.1,1750.5999755859375,99.12000274658205,852.91,33.4900016784668,0.05
2020-05-21,48.5,48.95,1720.5,99.37000274658205,862.73,33.91999816894531,0.05
2020-05-22,48.5,48.95,1734.5999755859375,99.86000061035156,852.74,33.25,0.05
2020-05-25,48.5,48.9,1734.5999755859375,99.86000061035156,859.04,33.25,0.05
2020-05-26,48.47,48.85,1704.800048828125,98.91000366210938,869.13,34.349998474121094,0.05
2020-05-27,48.32,48.7,1710.300048828125,99.05999755859376,857.48,32.810001373291016,0.05
2020-05-28,48.43,48.8,1713.300048828125,98.37999725341795,861.39,33.709999084472656,0.05
2020-05-29,48.5,48.87,1736.9000244140625,98.33999633789062,864.47,35.4900016784668,0.05
2020-06-01,48.65,49.0,1737.800048828125,97.83000183105467,878.67,35.439998626708984,0.08
2020-06-02,48.62,48.97,1725.199951171875,97.66999816894533,874.8,36.810001373291016,0.08
2020-06-03,48.48,48.83,1697.800048828125,97.27999877929688,881.17,37.290000915527344,0.08
2020-06-04,48.45,48.8,1718.9000244140625,96.68000030517578,883.9,37.40999984741211,0.08
2020-06-05,48.48,48.82,1676.199951171875,96.94000244140624,886.22,39.54999923706055,0.08
2020-06-08,48.35,48.7,1698.300048828125,96.62000274658205,899.92,38.18999862670898,0.08
2020-06-09,48.37,48.72,1714.699951171875,96.31999969482422,899.43,38.93999862670898,0.08
2020-06-10,48.42,48.77,1713.300048828125,95.95999908447266,900.0,39.59999847412109,0.08
2020-06-11,48.45,48.8,1732.0,96.7300033569336,867.37,36.34000015258789,0.08
2020-06-12,48.45,48.8,1729.300048828125,97.31999969482422,863.52,36.2599983215332,0.08
2020-06-15,48.38,48.72,1720.300048828125,96.68000030517578,832.47,37.119998931884766,0.08
2020-06-16,48.32,48.67,1729.5999755859375,96.95999908447266,856.13,38.380001068115234,0.08
2020-06-17,48.25,48.6,1729.199951171875,97.16000366210938,854.44,37.959999084472656,0.08
2020-06-18,48.28,48.61,1724.800048828125,97.41999816894533,855.27,38.84000015258789,0.08
2020-06-19,48.39,48.72,1745.9000244140625,97.62000274658205,868.56,39.75,0.08
2020-06-22,48.55,48.9,1756.699951171875,97.04000091552734,871.28,40.459999084472656,0.08
2020-06-23,48.68,49.03,1772.0999755859375,96.69000244140624,868.2,40.369998931884766,0.08
2020-06-24,48.86,49.24,1765.800048828125,97.1500015258789,859.71,38.0099983215332,0.08
2020-06-25,48.82,49.2,1762.0999755859375,97.43000030517578,854.59,38.720001220703125,0.08
2020-06-26,48.85,49.2,1772.5,97.5,851.98,38.4900016784668,0.08
2020-06-29,48.97,49.32,1774.800048828125,97.54000091552734,829.36,39.70000076293945,0.08
2020-06-30,49.04,49.39,1793.0,97.38999938964844,825.11,39.27000045776367,0.08
2020-07-01,49.45,49.85,1773.199951171875,97.1999969482422,843.49,39.81999969482422,0.09
2020-07-02,49.26,49.64,1784.0,97.31999969482422,842.38,40.650001525878906,0.09
2020-07-03,49.48,49.85,1784.0,97.31999969482422,847.61,40.650001525878906,0.09
2020-07-06,49.64,50.02,1788.5,96.79000091552734,861.16,40.630001068115234,0.09
2020-07-07,49.7,50.15,1804.199951171875,96.87999725341795,863.42,40.619998931884766,0.09
2020-07-08,49.95,50.35,1815.5,96.43000030517578,864.5,40.900001525878906,0.09
2020-07-09,50.4,50.8,1799.199951171875,96.6999969482422,876.46,39.619998931884766,0.09
2020-07-10,50.25,50.7,1798.199951171875,96.6500015258789,871.21,40.54999923706055,0.09
2020-07-13,50.2,50.6,1811.0,96.45999908447266,868.72,40.09999847412109,0.09
2020-07-14,50.17,50.53,1810.5999755859373,96.26000213623048,868.11,40.290000915527344,0.09
2020-07-15,50.3,50.67,1811.4000244140625,96.08000183105467,869.91,41.20000076293945,0.09
2020-07-16,50.32,50.69,1798.699951171875,96.3499984741211,876.83,40.75,0.09
2020-07-17,50.32,50.69,1808.300048828125,95.94000244140624,872.02,40.59000015258789,0.09
2020-07-20,50.55,50.93,1815.9000244140625,95.83000183105467,861.4,40.810001373291016,0.09
2020-07-21,51.05,51.5,1842.4000244140625,95.12000274658205,861.69,41.959999084472656,0.09
2020-07-22,52.1,53.05,1864.0999755859373,94.97000122070312,855.08,41.900001525878906,0.09
2020-07-23,53.5,54.8,1889.0999755859373,94.69000244140624,856.75,41.06999969482422,0.09
2020-07-24,53.7,55.3,1897.300048828125,94.44000244140624,829.16,41.290000915527344,0.09
2020-07-27,55.45,56.9,1931.0,93.66999816894533,785.17,41.59999847412109,0.09
2020-07-28,55.9,57.4,1944.699951171875,93.76000213623048,813.36,41.040000915527344,0.09
2020-07-29,56.3,57.7,1953.5,93.26000213623048,790.84,41.27000045776367,0.09
2020-07-30,56.55,57.8,1942.300048828125,93.0199966430664,801.13,39.91999816894531,0.09
2020-07-31,56.68,57.98,1962.800048828125,93.48999786376952,798.39,40.27000045776367,0.09
2020-08-01,56.68,57.98,1962.800048828125,93.48999786376952,798.39,40.27000045776367,0.1
2020-08-03,56.75,57.9,1966.0,93.5,814.65,41.0099983215332,0.1
2020-08-04,56.83,57.98,2001.199951171875,93.37999725341795,827.57,41.70000076293945,0.1
2020-08-05,57.9,59.1,2031.0999755859373,92.83000183105467,837.8,42.18999862670898,0.1
2020-08-06,59.6,61.4,2051.5,92.79000091552734,840.04,41.95000076293945,0.1
2020-08-07,60.75,62.4,2010.0999755859373,93.44000244140624,841.46,41.220001220703125,0.1
2020-08-10,56.65,58.28,2024.4000244140625,93.58000183105467,843.2,41.93999862670898,0.1
2020-08-11,53.58,55.48,1932.5999755859373,93.62999725341795,843.08,41.61000061035156,0.1
2020-08-12,52.56,56.38,1934.9000244140625,93.44000244140624,846.92,42.66999816894531,0.1
2020-08-13,53.18,55.78,1956.699951171875,93.33999633789062,855.05,42.2400016784668,0.1
2020-08-14,54.43,56.17,1937.0,93.0999984741211,850.74,42.0099983215332,0.1
2020-08-17,55.1,56.5,1985.0,92.8499984741211,850.15,42.88999938964844,0.1
2020-08-18,56.5,58.15,1999.4000244140625,92.2699966430664,846.43,42.88999938964844,0.1
2020-08-19,55.55,56.95,1958.699951171875,92.88999938964844,851.21,42.93000030517578,0.1
2020-08-20,55.05,56.45,1933.800048828125,92.79000091552734,848.21,42.58000183105469,0.1
2020-08-21,55.35,56.75,1934.5999755859373,93.25,854.78,42.34000015258789,0.1
2020-08-24,55.45,56.55,1927.699951171875,93.3000030517578,868.68,42.619998931884766,0.1
2020-08-25,55.1,56.15,1911.800048828125,93.0199966430664,874.12,43.34999847412109,0.1
2020-08-26,54.95,56.0,1940.699951171875,93.01000213623048,873.47,43.38999938964844,0.1
2020-08-27,55.3,56.3,1921.5999755859373,93.01000213623048,874.71,43.040000915527344,0.1
2020-08-28,55.8,56.75,1964.5999755859373,92.37000274658205,878.98,42.970001220703125,0.1
2020-08-31,56.45,57.4,1967.5999755859373,92.13999938964844,881.65,42.61000061035156,0.1
2020-09-01,56.75,57.7,1968.199951171875,92.33999633789062,891.73,42.7599983215332,0.09
2020-09-02,56.75,57.7,1934.4000244140625,92.8499984741211,891.73,41.5099983215332,0.09
2020-09-03,55.85,56.8,1927.5999755859373,92.73999786376952,903.97,41.369998931884766,0.09
2020-09-04,55.85,56.8,1923.9000244140625,92.72000122070312,901.54,39.77000045776367,0.09
2020-09-07,55.65,56.5,1923.9000244140625,92.72000122070312,888.25,39.77000045776367,0.09
2020-09-08,55.6,56.4,1933.0,93.4800033569336,890.14,36.7599983215332,0.09
2020-09-09,55.7,56.45,1944.699951171875,93.26000213623048,889.32,38.04999923706055,0.09
2020-09-10,56.05,56.75,1954.199951171875,93.33999633789062,888.82,37.29999923706055,0.09
2020-09-11,55.95,56.65,1937.800048828125,93.33000183105467,888.97,37.33000183105469,0.09
2020-09-14,55.95,56.5,1953.0999755859373,93.06999969482422,894.57,37.2599983215332,0.09
2020-09-15,56.15,56.7,1956.300048828125,93.0500030517578,896.26,38.27999877929688,0.09
2020-09-16,56.25,56.75,1960.199951171875,93.20999908447266,897.47,40.15999984741211,0.09
2020-09-17,56.05,56.5,1940.0,92.97000122070312,894.04,40.970001220703125,0.09
2020-09-18,56.1,56.55,1952.0999755859373,92.93000030517578,900.95,41.11000061035156,0.09
2020-09-21,56.1,56.55,1901.199951171875,93.54000091552734,907.94,39.310001373291016,0.09
2020-09-22,55.7,56.15,1898.5999755859373,93.98999786376952,906.19,39.59999847412109,0.09
2020-09-23,55.4,55.85,1859.9000244140625,94.38999938964844,912.5,39.93000030517578,0.09
2020-09-24,54.45,55.0,1868.300048828125,94.3499984741211,908.58,40.310001373291016,0.09
2020-09-25,55.15,55.65,1857.699951171875,94.58000183105467,908.27,40.25,0.09
2020-09-28,54.65,55.3,1872.800048828125,94.26000213623048,912.5,40.59999847412109,0.09
2020-09-29,55.05,55.55,1894.300048828125,93.88999938964844,903.98,39.290000915527344,0.09
2020-09-30,55.1,55.6,1887.5,93.88999938964844,905.21,40.220001220703125,0.09
2020-10-01,55.55,56.05,1908.4000244140625,93.70999908447266,914.09,38.720001220703125,0.09
2020-10-02,56.05,56.55,1900.199951171875,93.83999633789062,909.91,37.04999923706055,0.09
2020-10-05,55.85,56.35,1912.5,93.51000213623048,914.68,39.220001220703125,0.09
2020-10-06,55.85,56.35,1901.0999755859373,93.83000183105467,915.67,40.66999816894531,0.09
2020-10-07,55.7,56.2,1883.5999755859373,93.62999725341795,919.72,39.95000076293945,0.09
2020-10-08,55.65,56.15,1888.5999755859373,93.61000061035156,918.84,41.18999862670898,0.09
2020-10-09,55.8,56.3,1919.5,93.05999755859376,924.0,40.59999847412109,0.09
2020-10-12,55.9,56.4,1922.5,93.06999969482422,925.83,39.43000030517578,0.09
2020-10-13,56.0,56.5,1888.5,93.52999877929688,929.86,40.20000076293945,0.09
2020-10-14,55.8,56.3,1901.300048828125,93.37999725341795,940.18,41.040000915527344,0.09
2020-10-15,55.7,56.2,1903.199951171875,93.86000061035156,942.76,40.959999084472656,0.09
2020-10-16,55.85,56.3,1900.800048828125,93.68000030517578,943.3,40.880001068115234,0.09
2020-10-19,55.9,56.4,1906.4000244140625,93.43000030517578,943.69,40.83000183105469,0.09
2020-10-20,55.9,56.4,1910.4000244140625,93.06999969482422,944.42,41.459999084472656,0.09
2020-10-21,55.95,56.45,1924.5999755859373,92.61000061035156,939.03,40.02999877929688,0.09
2020-10-22,55.95,56.45,1901.0999755859373,92.9499969482422,949.9,40.63999938964844,0.09
2020-10-23,55.9,56.4,1902.0,92.7699966430664,961.26,39.84999847412109,0.09
2020-10-26,55.85,56.35,1902.699951171875,93.0500030517578,950.8,38.560001373291016,0.09
2020-10-27,55.9,56.35,1908.800048828125,92.94000244140624,946.47,39.56999969482422,0.09
2020-10-28,55.95,56.4,1876.199951171875,93.41000366210938,921.05,37.38999938964844,0.09
2020-10-29,55.8,56.3,1865.5999755859373,93.95999908447266,919.08,36.16999816894531,0.09
2020-10-30,55.85,56.35,1877.4000244140625,94.04000091552734,925.47,35.790000915527344,0.09
2020-11-01,55.85,56.35,1877.4000244140625,94.04000091552734,925.47,35.790000915527344,0.09
2020-11-02,56.1,56.6,1890.4000244140625,94.0500030517578,933.68,36.810001373291016,0.09
2020-11-03,56.2,56.7,1908.5,93.5500030517578,935.41,37.65999984741211,0.09
2020-11-04,55.85,56.35,1894.5999755859373,93.41000366210938,939.76,39.150001525878906,0.09
2020-11-05,56.05,56.55,1945.300048828125,92.52999877929688,937.75,38.790000915527344,0.09
2020-11-06,56.25,56.75,1950.300048828125,92.2300033569336,938.29,37.13999938964844,0.09
2020-11-09,56.5,57.0,1853.199951171875,92.7300033569336,951.99,40.290000915527344,0.09
2020-11-10,55.85,56.35,1875.4000244140625,92.75,951.9,41.36000061035156,0.09
2020-11-11,55.93,56.43,1860.699951171875,93.04000091552734,952.22,41.45000076293945,0.09
2020-11-12,55.85,56.35,1872.5999755859373,92.95999908447266,959.28,41.119998931884766,0.09
2020-11-13,55.85,56.35,1885.699951171875,92.76000213623048,966.29,40.130001068115234,0.09
2020-11-16,55.9,56.4,1887.300048828125,92.56999969482422,950.79,41.34000015258789,0.09
2020-11-17,55.8,56.3,1884.5,92.41999816894533,968.9,41.43000030517578,0.09
2020-11-18,55.8,56.3,1873.5,92.31999969482422,973.53,41.81999969482422,0.09
2020-11-19,55.65,56.1,1861.0999755859373,92.29000091552734,983.26,41.7400016784668,0.09
2020-11-20,55.7,56.15,1872.5999755859373,92.38999938964844,990.0,42.150001525878906,0.09
2020-11-23,55.62,56.07,1837.800048828125,92.51000213623048,994.19,43.060001373291016,0.09
2020-11-24,55.0,55.45,1804.800048828125,92.2300033569336,995.76,44.90999984741211,0.09
2020-11-25,54.25,54.8,1805.699951171875,91.98999786376952,999.94,45.709999084472656,0.09
2020-11-26,54.5,55.0,1805.699951171875,91.98999786376952,1005.97,45.709999084472656,0.09
2020-11-27,54.4,54.9,1781.9000244140625,91.79000091552734,1010.22,45.52999877929688,0.09
2020-11-30,53.2,53.75,1775.699951171875,91.87000274658205,1003.08,45.34000015258789,0.09
2020-12-01,53.7,54.3,1814.0999755859373,91.30999755859376,1008.87,44.54999923706055,0.09
2020-12-02,54.45,55.1,1825.699951171875,91.12000274658205,1014.32,45.27999877929688,0.09
2020-12-03,54.85,55.5,1836.800048828125,90.70999908447266,1019.8,45.63999938964844,0.09
2020-12-04,54.7,55.35,1835.9000244140625,90.6999969482422,1021.49,46.2599983215332,0.09
2020-12-07,54.65,55.2,1861.800048828125,90.79000091552734,1029.98,45.7599983215332,0.09
2020-12-08,54.95,55.5,1870.800048828125,90.97000122070312,1029.26,45.59999847412109,0.09
2020-12-09,54.75,55.3,1834.5999755859373,91.08999633789062,1039.13,45.52000045776367,0.09
2020-12-10,54.45,55.05,1833.5999755859373,90.79000091552734,1030.91,46.77999877929688,0.09
2020-12-11,54.75,55.25,1839.800048828125,90.9800033569336,1045.96,46.56999969482422,0.09
2020-12-14,54.6,55.1,1828.699951171875,90.70999908447266,1064.09,46.9900016784668,0.09
2020-12-15,54.75,55.25,1852.300048828125,90.47000122070312,1055.27,47.619998931884766,0.09
2020-12-16,54.9,55.4,1856.0999755859373,90.4499969482422,1066.99,47.81999969482422,0.09
2020-12-17,55.05,55.55,1887.199951171875,89.81999969482422,1051.77,48.36000061035156,0.09
2020-12-18,55.0,55.5,1885.699951171875,90.0199966430664,1067.46,49.09999847412109,0.09
2020-12-21,55.25,55.8,1879.199951171875,90.04000091552734,1081.08,47.7400016784668,0.09
2020-12-22,55.05,55.55,1866.5999755859373,90.6500015258789,1083.45,47.02000045776367,0.09
2020-12-23,55.1,55.6,1874.699951171875,90.41000366210938,1078.9,48.119998931884766,0.09
2020-12-24,55.3,55.8,1879.9000244140625,90.33000183105467,1067.52,48.22999954223633,0.09
2020-12-25,55.3,55.8,1879.9000244140625,90.33000183105467,1084.42,48.22999954223633,0.09
2020-12-28,55.25,55.75,1877.199951171875,90.33999633789062,1091.33,47.619998931884766,0.09
2020-12-29,55.4,55.9,1879.699951171875,90.01000213623047,1099.49,48.0,0.09
2020-12-30,55.4,55.9,1891.0,89.62999725341797,1097.54,48.400001525878906,0.09
2020-12-31,55.55,56.1,1893.0999755859373,89.94000244140625,1103.87,48.52000045776367,0.09
2021-01-01,55.55,56.1,1893.0999755859373,89.94000244140625,1103.87,48.52000045776367,0.09
2021-01-04,56.25,56.8,1944.699951171875,89.87999725341797,1120.47,47.619998931884766,0.09
2021-01-05,56.6,57.15,1952.699951171875,89.5980980682373,1132.55,49.93000030517578,0.09
2021-01-06,56.75,57.3,1906.9000244140625,89.5980980682373,1143.21,50.630001068115234,0.09
2021-01-07,56.3,56.8,1912.300048828125,89.83000183105469,1156.49,50.83000183105469,0.09
2021-01-08,55.75,56.35,1834.0999755859373,90.0999984741211,1167.69,52.2400016784668,0.09
2021-01-11,55.85,56.45,1849.5999755859373,90.54000091552734,1184.89,52.25,0.09
2021-01-12,56.05,56.65,1842.9000244140625,90.05000305175781,1192.28,53.209999084472656,0.09
2021-01-13,55.9,56.5,1853.5999755859373,90.31999969482422,1186.05,52.90999984741211,0.09
2021-01-14,55.85,56.45,1850.300048828125,90.23999786376952,1187.4,53.56999969482422,0.09
2021-01-15,56.05,56.6,1829.300048828125,90.77999877929688,1194.2,52.36000061035156,0.09
2021-01-18,55.9,56.45,1829.300048828125,90.77999877929688,1191.94,52.36000061035156,0.09
2021-01-19,55.85,56.4,1839.5,90.5,1131.0,52.97999954223633,0.09
2021-01-20,56.05,56.6,1865.9000244140625,90.47000122070312,1134.68,53.2400016784668,0.09
2021-01-21,56.0,56.55,1865.300048828125,90.12999725341795,1164.21,53.130001068115234,0.09
2021-01-22,55.9,56.45,1855.699951171875,90.23999786376952,1166.78,52.27000045776367,0.09
2021-01-25,56.0,56.55,1854.9000244140625,90.38999938964844,1166.05,52.77000045776367,0.09
2021-01-26,56.1,56.6,1850.699951171875,90.16999816894533,1136.12,52.61000061035156,0.09
2021-01-27,56.15,56.65,1844.9000244140625,90.6500015258789,1097.17,52.84999847412109,0.09
2021-01-28,56.15,56.65,1837.9000244140625,90.45999908447266,1023.94,52.34000015258789,0.09
2021-01-29,56.25,56.75,1847.300048828125,90.58000183105467,1056.61,52.20000076293945,0.09
2021-02-01,56.6,57.1,1860.800048828125,91.0199966430664,1035.51,53.54999923706055,0.08
2021-02-02,56.35,56.85,1830.5,91.1999969482422,1075.53,54.7599983215332,0.08
2021-02-03,56.35,56.85,1832.199951171875,91.12000274658205,1111.29,55.68999862670898,0.08
2021-02-04,56.25,56.75,1788.9000244140625,91.52999877929688,1112.19,56.22999954223633,0.08
2021-02-05,56.35,56.9,1810.9000244140625,91.04000091552734,1126.91,56.84999847412109,0.08
2021-02-08,56.5,57.05,1831.9000244140625,90.93000030517578,1083.18,57.970001220703125,0.08
2021-02-09,56.75,57.35,1835.300048828125,90.44000244140624,1114.93,58.36000061035156,0.08
2021-02-10,56.75,57.35,1840.5999755859373,90.37000274658205,1114.93,58.68000030517578,0.08
2021-02-11,56.75,57.35,1824.9000244140625,90.41999816894533,1114.93,58.2400016784668,0.08
2021-02-12,56.75,57.35,1821.5999755859373,90.4800033569336,1114.93,59.470001220703125,0.08
2021-02-16,56.75,57.35,1797.199951171875,90.51000213623048,1114.93,60.04999923706055,0.08
2021-02-17,56.35,56.9,1771.0999755859375,90.9499969482422,1155.78,61.13999938964844,0.08
2021-02-18,56.05,56.5,1773.4000244140625,90.58999633789062,1174.38,60.52000045776367,0.08
2021-02-19,55.75,56.3,1775.800048828125,90.36000061035156,1173.5,59.2400016784668,0.08
2021-02-22,55.8,56.3,1806.699951171875,90.01000213623047,1175.04,61.4900016784668,0.08
2021-02-23,56.1,56.6,1804.4000244140625,90.16999816894533,1177.64,61.66999816894531,0.08
2021-02-24,56.05,56.5,1796.4000244140625,90.18000030517578,1162.01,63.220001220703125,0.08
2021-02-25,56.05,56.45,1774.4000244140625,90.12999725341795,1165.43,63.52999877929688,0.08
2021-02-26,55.95,56.35,1728.0999755859375,90.93000030517578,1168.47,61.5,0.08
2021-03-01,55.85,56.25,1722.5,91.04000091552734,1186.17,60.63999938964844,0.07
2021-03-02,55.7,56.1,1733.0999755859375,90.79000091552734,1186.61,59.75,0.07
2021-03-03,55.6,56.0,1715.300048828125,90.9499969482422,1186.95,61.27999877929688,0.07
2021-03-04,55.6,56.0,1700.199951171875,91.62999725341795,1168.52,63.83000183105469,0.07
2021-03-05,55.1,55.5,1698.0,91.9800033569336,1168.69,66.08999633789062,0.07
2021-03-08,55.1,55.5,1677.699951171875,92.30999755859376,1168.27,65.05000305175781,0.07
2021-03-09,54.7,55.15,1716.5999755859375,91.95999908447266,1161.97,64.01000213623047,0.07
2021-03-10,54.98,55.38,1721.5,91.79000091552734,1170.08,64.44000244140625,0.07
2021-03-11,55.5,55.8,1722.300048828125,91.41999816894533,1181.73,66.0199966430664,0.07
2021-03-12,55.2,55.6,1719.5,91.68000030517578,1181.56,65.61000061035156,0.07
2021-03-15,55.3,55.7,1728.9000244140625,91.83000183105467,1184.56,65.38999938964844,0.07
2021-03-16,55.25,55.65,1730.5999755859375,91.87000274658205,1179.9,64.80000305175781,0.07
2021-03-17,55.25,55.65,1726.800048828125,91.4000015258789,1186.09,64.5999984741211,0.07
2021-03-18,55.1,55.5,1732.199951171875,91.8499984741211,1200.94,60.0,0.07
2021-03-19,55.1,55.5,1741.4000244140625,91.91999816894533,1194.05,61.41999816894531,0.07
2021-03-22,55.05,55.45,1737.800048828125,91.8000030517578,1194.43,61.54999923706055,0.07
2021-03-23,55.2,55.6,1724.699951171875,92.33999633789062,1183.45,57.7599983215332,0.07
2021-03-24,55.1,55.5,1732.9000244140625,92.52999877929688,1161.81,61.18000030517578,0.07
2021-03-25,55.08,55.48,1724.9000244140625,92.87999725341795,1163.1,58.560001373291016,0.07
2021-03-26,54.9,55.3,1732.199951171875,92.7699966430664,1162.21,60.970001220703125,0.07
2021-03-29,54.77,55.17,1712.0999755859375,92.94000244140624,1175.68,61.560001373291016,0.07
2021-03-30,54.45,54.85,1683.9000244140625,93.3000030517578,1186.36,60.54999923706055,0.07
2021-03-31,54.1,54.5,1713.800048828125,93.2300033569336,1191.44,59.15999984741211,0.07
2021-04-01,54.5,54.9,1726.5,92.93000030517578,1216.1,61.45000076293945,0.07
2021-04-02,54.95,55.35,1726.5,92.93000030517578,1224.45,61.45000076293945,0.07
2021-04-05,54.7,55.1,1727.0,92.5999984741211,1236.05,58.650001525878906,0.07
2021-04-06,54.85,55.25,1741.5,92.33999633789062,1239.96,59.33000183105469,0.07
2021-04-07,54.85,55.25,1740.0999755859375,92.45999908447266,1242.38,59.77000045776367,0.07
2021-04-08,54.85,55.25,1756.800048828125,92.05999755859376,1234.89,59.59999847412109,0.07
2021-04-09,54.85,55.25,1743.300048828125,92.16000366210938,1231.66,59.31999969482422,0.07
2021-04-12,54.85,55.25,1731.199951171875,92.13999938964844,1252.45,59.70000076293945,0.07
2021-04-13,54.8,55.2,1746.199951171875,91.8499984741211,1248.33,60.18000030517578,0.07
2021-04-14,54.9,55.3,1734.9000244140625,91.69000244140624,1255.87,63.150001525878906,0.07
2021-04-15,54.93,55.3,1765.4000244140625,91.66999816894533,1247.25,63.459999084472656,0.07
2021-04-16,55.08,55.45,1779.0,91.55999755859376,1238.71,63.130001068115234,0.07
2021-04-19,55.08,55.45,1769.4000244140625,91.06999969482422,1260.58,63.380001068115234,0.07
2021-04-20,55.08,55.45,1777.300048828125,91.23999786376952,1268.28,62.43999862670898,0.07
2021-04-21,55.08,55.45,1792.300048828125,91.16000366210938,1268.28,61.34999847412109,0.07
2021-04-22,55.08,55.45,1781.199951171875,91.33000183105467,1227.82,61.43000030517578,0.07
2021-04-23,55.4,55.75,1777.0,90.86000061035156,1248.53,62.13999938964844,0.07
2021-04-26,55.15,55.5,1779.199951171875,90.80999755859376,1215.77,61.90999984741211,0.07
2021-04-27,55.3,55.65,1778.0,90.91000366210938,1219.75,62.93999862670898,0.07
2021-04-28,55.3,55.65,1773.199951171875,90.61000061035156,1229.55,63.86000061035156,0.07
2021-04-29,55.3,55.65,1768.0999755859375,90.61000061035156,1239.39,65.01000213623047,0.07
2021-04-30,55.3,55.65,1767.300048828125,91.27999877929688,1239.39,63.58000183105469,0.07
2021-05-01,55.3,55.65,1767.300048828125,91.27999877929688,1239.39,63.58000183105469,0.06
2021-05-03,55.37,55.75,1791.4000244140625,90.9499969482422,1239.39,64.48999786376953,0.06
2021-05-04,55.3,55.65,1775.800048828125,91.29000091552734,1242.2,65.69000244140625,0.06
2021-05-05,55.31,55.66,1784.0999755859375,91.30999755859376,1256.43,65.62999725341797,0.06
2021-05-06,55.35,55.7,1815.5,90.9499969482422,1250.57,64.70999908447266,0.06
2021-05-07,55.62,55.97,1831.0999755859373,90.2300033569336,1241.81,64.9000015258789,0.06
2021-05-10,55.9,56.3,1837.5,90.20999908447266,1259.58,64.91999816894531,0.06
2021-05-11,55.88,56.23,1835.9000244140625,90.13999938964844,1256.04,65.27999877929688,0.06
2021-05-12,55.78,56.13,1822.5999755859373,90.70999908447266,1269.09,66.08000183105469,0.06
2021-05-13,55.72,56.07,1823.800048828125,90.75,1261.99,63.81999969482422,0.06
2021-05-14,55.9,56.25,1837.9000244140625,90.31999969482422,1266.36,65.37000274658203,0.06
2021-05-17,56.02,56.37,1867.5,90.22000122070312,1258.7,66.2699966430664,0.06
2021-05-18,56.08,56.43,1867.800048828125,89.75,1252.68,65.48999786376953,0.06
2021-05-19,55.9,56.25,1881.300048828125,90.19000244140624,1262.49,63.36000061035156,0.06
2021-05-20,55.98,56.33,1881.800048828125,89.80999755859375,1278.22,62.04999923706055,0.06
2021-05-21,56.08,56.43,1876.699951171875,90.0199966430664,1283.93,63.58000183105469,0.06
2021-05-24,56.05,56.4,1884.5999755859373,89.83000183105469,1297.98,66.05000305175781,0.06
2021-05-25,56.07,56.42,1898.0999755859373,89.63999938964844,1308.58,66.06999969482422,0.06
2021-05-26,56.15,56.55,1901.300048828125,90.04000091552734,1316.7,66.20999908447266,0.06
2021-05-27,56.14,56.54,1895.699951171875,89.97000122070312,1303.57,66.8499984741211,0.06
2021-05-28,56.3,56.7,1902.5,90.02999877929688,1320.46,66.31999969482422,0.06
2021-05-31,56.6,57.4,1902.5,90.02999877929688,1328.05,66.31999969482422,0.06
2021-06-01,56.95,57.65,1902.9000244140625,89.83000183105469,1337.78,67.72000122070312,0.08
2021-06-02,56.95,57.55,1907.5,89.9000015258789,1340.78,68.83000183105469,0.08
2021-06-03,56.75,57.35,1871.199951171875,90.5,1364.28,68.80999755859375,0.08
2021-06-04,56.6,57.25,1889.800048828125,90.13999938964844,1374.05,69.62000274658203,0.08
2021-06-07,56.6,57.2,1896.800048828125,89.94999694824219,1358.78,69.2300033569336,0.08
2021-06-08,56.75,57.35,1892.199951171875,90.08000183105467,1319.88,70.05000305175781,0.08
2021-06-09,56.65,57.25,1893.199951171875,90.12000274658205,1332.9,69.95999908447266,0.08
2021-06-10,56.7,57.3,1894.199951171875,90.08000183105467,1323.58,70.29000091552734,0.08
2021-06-11,56.9,57.5,1877.4000244140625,90.55999755859376,1351.74,70.91000366210938,0.08
2021-06-14,56.55,57.15,1864.0,90.5199966430664,1361.72,70.87999725341797,0.08
2021-06-15,56.6,57.2,1854.5,90.54000091552734,1367.36,72.12000274658203,0.08
2021-06-16,56.65,57.25,1859.5,91.12999725341795,1356.52,72.1500015258789,0.08
2021-06-17,56.25,56.85,1773.800048828125,91.88999938964844,1359.92,71.04000091552734,0.08
2021-06-18,56.2,56.8,1767.9000244140625,92.2300033569336,1377.77,71.63999938964844,0.08
2021-06-21,56.35,56.95,1781.800048828125,91.86000061035156,1372.63,73.66000366210938,0.08
2021-06-22,56.45,57.0,1776.300048828125,91.7300033569336,1379.97,73.05999755859375,0.08
2021-06-23,56.55,57.1,1782.300048828125,91.8000030517578,1376.87,73.08000183105469,0.08
2021-06-24,56.5,57.05,1775.5999755859375,91.81999969482422,1379.72,73.30000305175781,0.08
2021-06-25,56.5,57.05,1776.5999755859375,91.80999755859376,1390.12,74.05000305175781,0.08
2021-06-28,56.5,57.0,1779.5999755859375,91.87999725341795,1405.81,72.91000366210938,0.08
2021-06-29,56.4,56.9,1762.800048828125,92.0500030517578,1410.04,72.9800033569336,0.08
2021-06-30,56.25,56.85,1770.800048828125,92.44000244140624,1408.55,73.47000122070312,0.08
2021-07-01,56.3,56.9,1775.9000244140625,92.5999984741211,1417.08,75.2300033569336,0.1
2021-07-02,56.6,57.15,1782.5999755859375,92.2300033569336,1420.27,75.16000366210938,0.1
2021-07-05,56.75,57.35,1782.5999755859375,92.2300033569336,1411.13,75.16000366210938,0.1
2021-07-06,56.8,57.4,1793.5,92.5500030517578,1354.79,73.37000274658203,0.1
2021-07-07,56.85,57.45,1801.5,92.63999938964844,1388.55,72.19999694824219,0.1
2021-07-08,56.9,57.55,1799.5999755859375,92.36000061035156,1374.68,72.94000244140625,0.1
2021-07-09,56.8,57.5,1810.0,92.12999725341795,1347.14,74.55999755859375,0.1
2021-07-12,56.6,57.35,1805.5,92.2300033569336,1296.3,74.0999984741211,0.1
2021-07-13,56.6,57.35,1809.4000244140625,92.75,1297.54,75.25,0.1
2021-07-14,56.65,57.4,1824.300048828125,92.41000366210938,1279.91,73.12999725341797,0.1
2021-07-15,56.85,57.6,1828.4000244140625,92.62000274658205,1293.92,71.6500015258789,0.1
2021-07-16,56.75,57.5,1814.5,92.69000244140624,1299.31,71.80999755859375,0.1
2021-07-19,56.9,57.55,1808.699951171875,92.88999938964844,1243.51,66.41999816894531,0.1
2021-07-20,56.9,57.55,1810.9000244140625,92.97000122070312,1273.29,67.41999816894531,0.1
2021-07-21,56.8,57.45,1802.9000244140625,92.75,1270.79,70.30000305175781,0.1
2021-07-22,56.8,57.45,1805.0,92.81999969482422,1293.67,71.91000366210938,0.1
2021-07-23,56.85,57.5,1801.4000244140625,92.91000366210938,1268.83,72.06999969482422,0.1
2021-07-26,56.8,57.45,1798.699951171875,92.6500015258789,1272.71,71.91000366210938,0.1
2021-07-27,56.6,57.3,1799.5,92.43000030517578,1276.93,71.6500015258789,0.1
2021-07-28,56.5,57.2,1799.5,92.31999969482422,1277.07,72.38999938964844,0.1
2021-07-29,56.65,57.35,1831.199951171875,91.86000061035156,1293.6,73.62000274658203,0.1
2021-07-30,56.7,57.4,1812.5999755859373,92.16999816894533,1310.05,73.94999694824219,0.1
2021-08-01,56.7,57.4,1812.5999755859373,92.16999816894533,1310.05,73.94999694824219,0.09
2021-08-02,56.5,57.2,1818.0999755859373,92.0500030517578,1314.22,71.26000213623047,0.09
2021-08-03,56.6,57.3,1810.0999755859373,92.08000183105467,1332.44,70.55999755859375,0.09
2021-08-04,56.65,57.35,1810.5,92.2699966430664,1334.74,68.1500015258789,0.09
2021-08-05,56.55,57.25,1805.0999755859373,92.23999786376952,1345.55,69.08999633789062,0.09
2021-08-06,56.55,57.25,1760.0,92.8000030517578,1341.45,68.27999877929688,0.09
2021-08-09,56.2,56.9,1723.4000244140625,92.9499969482422,1359.86,66.4800033569336,0.09
2021-08-10,56.25,56.95,1728.800048828125,93.05999755859376,1362.43,68.29000091552734,0.09
2021-08-11,56.2,56.9,1750.4000244140625,92.91000366210938,1357.79,69.25,0.09
2021-08-12,56.4,57.1,1749.0,93.04000091552734,1353.05,69.08999633789062,0.09
2021-08-13,56.4,57.1,1775.199951171875,92.5199966430664,1357.05,68.44000244140625,0.09
2021-08-16,56.4,57.1,1786.9000244140625,92.62999725341795,1370.96,67.29000091552734,0.09
2021-08-17,56.65,57.35,1785.0,93.12999725341795,1363.09,66.58999633789062,0.09
2021-08-18,56.65,57.35,1781.5999755859375,93.13999938964844,1360.94,65.45999908447266,0.09
2021-08-19,56.55,57.25,1780.199951171875,93.56999969482422,1374.85,63.68999862670898,0.09
2021-08-20,56.45,57.15,1781.0,93.5,1329.43,62.31999969482422,0.09
2021-08-23,56.4,57.1,1803.199951171875,92.95999908447266,1298.86,65.63999938964844,0.09
2021-08-24,56.5,57.2,1805.5999755859373,92.88999938964844,1298.74,67.54000091552734,0.09
2021-08-25,56.45,57.15,1788.199951171875,92.83000183105467,1309.55,68.36000061035156,0.09
2021-08-26,56.3,57.0,1792.199951171875,93.05999755859376,1301.12,67.41999816894531,0.09
2021-08-27,56.4,57.1,1816.5999755859373,92.69000244140624,1313.2,68.73999786376953,0.09
2021-08-30,56.6,57.3,1809.0,92.6500015258789,1328.14,69.20999908447266,0.09
2021-08-31,56.7,57.4,1815.0,92.62999725341795,1331.47,68.5,0.09
2021-09-01,56.7,57.4,1813.0999755859373,92.4499969482422,1334.65,68.58999633789062,0.08
2021-09-02,56.7,57.4,1808.699951171875,92.2300033569336,1334.65,69.98999786376953,0.08
2021-09-03,56.65,57.35,1830.9000244140625,92.04000091552734,1334.65,69.29000091552734,0.08
2021-09-06,56.65,57.35,1830.9000244140625,92.04000091552734,1346.39,69.29000091552734,0.08
2021-09-07,56.65,57.35,1795.9000244140625,92.5199966430664,1341.9,68.3499984741211,0.08
2021-09-08,56.5,57.2,1790.699951171875,92.6500015258789,1333.61,69.30000305175781,0.08
2021-09-09,56.55,57.25,1797.4000244140625,92.4800033569336,1343.98,68.13999938964844,0.08
2021-09-10,56.6,57.3,1789.5999755859375,92.58000183105467,1345.31,69.72000122070312,0.08
2021-09-13,56.6,57.3,1792.0,92.62000274658205,1341.43,70.44999694824219,0.08
2021-09-14,56.55,57.25,1804.699951171875,92.6500015258789,1339.7,70.45999908447266,0.08
2021-09-15,56.65,57.35,1792.4000244140625,92.48999786376952,1345.83,72.61000061035156,0.08
2021-09-16,56.5,57.2,1754.5999755859375,92.86000061035156,1345.87,72.61000061035156,0.08
2021-09-17,56.0,56.65,1749.4000244140625,93.1999969482422,1352.64,71.97000122070312,0.08
2021-09-20,56.15,56.8,1761.800048828125,93.23999786376952,1350.48,70.29000091552734,0.08
2021-09-21,56.45,57.1,1776.0,93.1999969482422,1339.84,70.55999755859375,0.08
2021-09-22,56.5,57.15,1776.699951171875,93.45999908447266,1350.68,72.2300033569336,0.08
2021-09-23,56.7,57.35,1747.699951171875,93.0999984741211,1352.76,73.30000305175781,0.08
2021-09-24,56.4,57.05,1749.699951171875,93.33000183105467,1351.17,73.9800033569336,0.08
2021-09-27,56.35,57.0,1750.0,93.37999725341795,1324.99,75.44999694824219,0.08
2021-09-28,56.45,57.1,1735.800048828125,93.7699966430664,1339.31,75.29000091552734,0.08
2021-09-29,56.35,56.95,1721.5,94.33999633789062,1339.21,74.83000183105469,0.08
2021-09-30,56.25,56.85,1755.300048828125,94.25,1342.06,75.02999877929688,0.08
2021-10-01,56.6,57.2,1757.0,94.04000091552734,1334.89,75.87999725341797,0.08
2021-10-04,56.7,57.4,1766.199951171875,93.80999755859376,1339.54,77.62000274658203,0.08
2021-10-05,56.75,57.45,1759.5999755859375,93.9800033569336,1354.63,78.93000030517578,0.08
2021-10-06,56.75,57.45,1760.5,94.2699966430664,1362.82,77.43000030517578,0.08
2021-10-07,57.15,57.85,1757.9000244140625,94.22000122070312,1365.99,78.30000305175781,0.08
2021-10-08,57.15,57.85,1756.300048828125,94.06999969482422,1372.73,79.3499984741211,0.08
2021-10-11,57.25,57.95,1754.5999755859375,94.31999969482422,1394.09,80.5199966430664,0.08
2021-10-12,57.35,58.05,1758.300048828125,94.5199966430664,1394.8,80.63999938964844,0.08
2021-10-13,57.35,58.05,1793.699951171875,94.08000183105467,1391.91,80.44000244140625,0.08
2021-10-14,57.3,58.0,1796.699951171875,93.95999908447266,1391.85,81.30999755859375,0.08
2021-10-15,57.1,57.8,1767.199951171875,93.94000244140624,1392.7,82.27999877929688,0.08
2021-10-18,57.1,57.8,1764.800048828125,93.9499969482422,1395.53,82.44000244140625,0.08
2021-10-19,57.3,58.0,1769.699951171875,93.79000091552734,1395.33,82.95999908447266,0.08
2021-10-20,57.35,58.05,1784.0999755859375,93.55999755859376,1393.8,83.87000274658203,0.08
2021-10-21,57.4,58.1,1781.199951171875,93.7699966430664,1384.77,82.5,0.08
2021-10-22,57.5,58.2,1795.5,93.61000061035156,1389.24,83.76000213623047,0.08
2021-10-25,57.55,58.25,1806.0,93.80999755859376,1385.4,83.76000213623047,0.08
2021-10-26,57.9,58.6,1792.699951171875,93.9499969482422,1391.63,84.6500015258789,0.08
2021-10-27,58.0,58.7,1797.9000244140625,93.86000061035156,1423.02,82.66000366210938,0.08
2021-10-28,57.8,58.5,1801.5999755859373,93.3499984741211,1438.01,82.80999755859375,0.08
2021-10-29,57.8,58.5,1783.0,94.12000274658205,1444.27,83.56999969482422,0.08
2021-11-01,57.6,58.3,1795.0999755859375,93.87999725341795,1438.97,84.05000305175781,0.08
2021-11-02,57.85,58.55,1788.699951171875,94.08999633789062,1452.46,83.91000366210938,0.08
2021-11-03,57.9,58.6,1763.5999755859375,93.86000061035156,1444.3,80.86000061035156,0.08
2021-11-04,57.8,58.5,1793.0,94.3499984741211,1448.34,78.80999755859375,0.08
2021-11-05,58.05,58.75,1816.4000244140625,94.31999969482422,1456.51,81.2699966430664,0.08
2021-11-08,58.3,59.0,1827.4000244140625,94.0500030517578,1467.57,81.93000030517578,0.08
2021-11-09,58.6,59.3,1830.199951171875,93.95999908447266,1461.5,84.1500015258789,0.08
2021-11-10,58.7,59.4,1847.5999755859373,94.8499984741211,1465.02,81.33999633789062,0.08
2021-11-11,59.3,60.0,1863.199951171875,95.18000030517578,1462.35,81.58999633789062,0.08
2021-11-12,60.0,60.7,1867.9000244140625,95.12999725341795,1473.37,80.79000091552734,0.08
2021-11-15,60.1,60.8,1866.0999755859373,95.41000366210938,1476.57,80.87999725341797,0.08
2021-11-16,61.1,61.8,1853.5999755859373,95.91999816894533,1466.45,80.76000213623047,0.08
2021-11-17,61.1,61.8,1869.699951171875,95.83000183105467,1475.85,78.36000061035156,0.08
2021-11-18,61.0,61.75,1861.0,95.54000091552734,1469.83,79.01000213623047,0.08
2021-11-19,60.1,60.8,1851.199951171875,96.06999969482422,1452.35,76.0999984741211,0.08
2021-11-22,59.3,60.0,1806.0,96.5,1447.25,76.75,0.08
2021-11-23,59.25,60.05,1783.5,96.48999786376952,1463.63,78.5,0.08
2021-11-24,59.4,60.1,1784.0999755859375,96.83999633789062,1488.87,78.38999938964844,0.08
2021-11-25,59.45,60.15,1784.0999755859375,96.83999633789062,1500.81,78.38999938964844,0.08
2021-11-26,60.25,61.05,1785.300048828125,96.08999633789062,1493.03,68.1500015258789,0.08
2021-11-29,59.95,60.65,1782.300048828125,96.33999633789062,1484.84,69.94999694824219,0.08
2021-11-30,60.0,60.7,1773.5999755859375,95.98999786376952,1478.44,66.18000030517578,0.08
2021-12-01,59.95,60.65,1781.5999755859375,96.0500030517578,1485.19,65.56999969482422,0.08
2021-12-02,60.0,60.7,1760.699951171875,96.12999725341795,1482.05,66.5,0.08
2021-12-03,60.15,60.85,1782.0,96.12000274658205,1443.32,66.26000213623047,0.08
2021-12-06,60.8,61.5,1777.5,96.29000091552734,1413.58,69.48999786376953,0.08
2021-12-07,60.65,61.35,1782.5999755859375,96.37000274658205,1446.77,72.05000305175781,0.08
2021-12-08,60.4,61.1,1783.4000244140625,95.88999938964844,1452.87,72.36000061035156,0.08
2021-12-09,60.55,61.25,1774.5999755859375,96.2699966430664,1467.98,70.94000244140625,0.08
2021-12-10,60.55,61.25,1782.9000244140625,96.0500030517578,1463.54,71.66999816894531,0.08
2021-12-13,60.85,61.55,1786.300048828125,96.31999969482422,1476.21,71.29000091552734,0.08
2021-12-14,60.9,61.6,1770.4000244140625,96.56999969482422,1476.02,70.7300033569336,0.08
2021-12-15,60.7,61.4,1762.5999755859375,96.51000213623048,1475.5,70.87000274658203,0.08
2021-12-16,60.85,61.55,1796.5999755859375,96.04000091552734,1476.61,72.37999725341797,0.08
2021-12-17,61.05,61.75,1803.800048828125,96.56999969482422,1479.79,70.86000061035156,0.08
2021-12-20,61.0,61.7,1793.699951171875,96.5500030517578,1477.33,68.2300033569336,0.08
2021-12-21,60.85,61.55,1787.9000244140625,96.48999786376952,1478.74,71.12000274658203,0.08
2021-12-22,60.85,61.55,1801.5999755859373,96.08000183105467,1477.67,72.76000213623047,0.08
2021-12-23,60.9,61.6,1811.199951171875,96.0199966430664,1456.96,73.79000091552734,0.08
2021-12-24,60.85,61.55,1811.199951171875,96.0199966430664,1477.03,73.79000091552734,0.08
2021-12-27,60.85,61.55,1808.0999755859373,96.08999633789062,1488.88,75.56999969482422,0.08
2021-12-28,60.8,61.5,1810.199951171875,96.1999969482422,1494.39,75.9800033569336,0.08
2021-12-29,60.6,61.3,1805.0999755859373,95.93000030517578,1485.82,76.55999755859375,0.08
2021-12-30,60.6,61.3,1812.699951171875,95.97000122070312,1485.97,76.98999786376953,0.08
2021-12-31,60.95,61.65,1827.5,95.66999816894533,1498.28,75.20999908447266,0.08
2022-01-01,60.95,61.65,1827.5,95.66999816894533,1498.28,75.20999908447266,0.08
2022-01-03,60.85,61.6,1799.4000244140625,96.23999786376952,1498.28,76.08000183105469,0.08
2022-01-04,60.9,61.6,1814.0,96.29000091552734,1525.58,76.98999786376953,0.08
2022-01-05,61.0,61.7,1824.5999755859373,96.19000244140624,1522.5,77.8499984741211,0.08
2022-01-06,60.75,61.45,1788.699951171875,96.25,1528.57,79.45999908447266,0.08
2022-01-07,60.9,61.6,1797.0,95.73999786376952,1528.48,78.9000015258789,0.08
2022-01-10,60.9,61.5,1798.4000244140625,95.98999786376952,1503.71,78.2300033569336,0.08
2022-01-11,61.0,61.65,1818.5999755859373,95.62000274658205,1492.31,81.22000122070312,0.08
2022-01-12,60.95,61.6,1827.199951171875,95.0,1510.51,82.63999938964844,0.08
2022-01-13,61.05,61.7,1821.199951171875,94.79000091552734,1496.05,82.12000274658203,0.08
2022-01-14,61.05,61.7,1816.5,95.16999816894533,1496.02,83.81999969482422,0.08
2022-01-17,61.1,61.7,1816.5,95.16999816894533,1452.84,83.81999969482422,0.08
2022-01-18,61.1,61.7,1812.300048828125,95.7300033569336,1438.94,85.43000030517578,0.08
2022-01-19,61.15,61.75,1843.0999755859373,95.51000213623048,1442.79,86.95999908447266,0.08
2022-01-20,61.1,61.7,1842.5,95.73999786376952,1465.3,86.9000015258789,0.08
2022-01-21,61.15,61.75,1831.800048828125,95.63999938964844,1472.89,85.13999938964844,0.08
2022-01-24,61.5,62.1,1841.699951171875,95.91999816894533,1439.71,83.30999755859375,0.08
2022-01-25,61.9,62.55,1852.699951171875,95.9499969482422,1479.58,85.5999984741211,0.08
2022-01-26,61.8,62.45,1829.9000244140625,96.48999786376952,1481.58,87.3499984741211,0.08
2022-01-27,61.95,62.55,1793.300048828125,97.26000213623048,1470.76,86.61000061035156,0.08
2022-01-28,61.8,62.5,1784.9000244140625,97.2699966430664,1478.96,86.81999969482422,0.08
2022-01-31,61.8,62.5,1795.0,96.54000091552734,1478.96,88.1500015258789,0.08
2022-02-01,61.8,62.5,1800.300048828125,96.38999938964844,1478.96,88.19999694824219,0.08
2022-02-02,61.8,62.5,1809.199951171875,95.94000244140624,1478.96,88.26000213623047,0.08
2022-02-03,61.8,62.5,1803.0,95.37999725341795,1478.96,90.2699966430664,0.08
2022-02-04,61.8,62.5,1806.5999755859373,95.4800033569336,1478.96,92.30999755859376,0.08
2022-02-07,62.8,63.45,1820.5999755859373,95.4000015258789,1497.66,91.31999969482422,0.08
2022-02-08,61.8,62.5,1826.5999755859373,95.63999938964844,1500.99,89.36000061035156,0.08
2022-02-09,61.35,62.15,1835.199951171875,95.48999786376952,1505.38,89.66000366210938,0.08
2022-02-10,61.2,62.2,1836.199951171875,95.5500030517578,1506.79,89.87999725341797,0.08
2022-02-11,61.65,62.35,1840.800048828125,96.08000183105467,1501.71,93.0999984741211,0.08
2022-02-14,62.25,62.95,1868.0,96.37000274658205,1471.96,95.45999908447266,0.08
2022-02-15,62.25,62.95,1854.800048828125,95.98999786376952,1492.75,92.06999969482422,0.08
2022-02-16,62.2,62.9,1870.199951171875,95.6999969482422,1492.1,93.66000366210938,0.08
2022-02-17,62.55,63.15,1900.699951171875,95.8000030517578,1507.99,91.76000213623048,0.08
2022-02-18,62.55,63.2,1898.5999755859373,96.04000091552734,1504.84,91.06999969482422,0.08
2022-02-21,62.8,63.4,1898.5999755859373,96.04000091552734,1510.84,91.06999969482422,0.08
2022-02-22,63.0,63.6,1906.0999755859373,96.02999877929688,1503.47,92.3499984741211,0.08
2022-02-23,63.3,63.9,1909.199951171875,96.19000244140624,1512.3,92.0999984741211,0.08
2022-02-24,64.95,65.65,1925.0999755859373,97.13999938964844,1494.85,92.80999755859376,0.08
2022-02-25,64.8,65.8,1886.5,96.62000274658205,1498.89,91.58999633789062,0.08
2022-02-28,65.15,65.95,1899.4000244140625,96.70999908447266,1490.13,95.72000122070312,0.08
2022-03-01,65.65,66.4,1942.4000244140625,97.41000366210938,1498.78,103.41000366210938,0.2
2022-03-02,66.6,67.4,1920.9000244140625,97.38999938964844,1485.52,110.5999984741211,0.2
2022-03-03,66.6,67.35,1934.4000244140625,97.79000091552734,1505.0,107.66999816894533,0.2
2022-03-04,66.95,67.7,1965.0999755859373,98.6500015258789,1505.33,113.71910202026369,0.2
2022-03-07,71.7,73.5,1993.9000244140625,99.29000091552734,1499.05,113.71910202026369,0.2
2022-03-08,70.2,72.0,2040.0999755859373,99.05999755859376,1473.71,113.71910202026369,0.2
2022-03-09,68.4,70.2,1985.9000244140625,97.97000122070312,1473.74,108.6999969482422,0.2
2022-03-10,67.8,69.6,1998.0999755859373,98.51000213623048,1479.08,106.0199966430664,0.2
2022-03-11,68.4,70.2,1982.699951171875,99.12000274658205,1466.54,109.33000183105467,0.2
2022-03-14,67.3,69.0,1959.5999755859373,99.05999755859376,1446.25,103.01000213623048,0.2
2022-03-15,67.4,68.7,1928.5,99.06999969482422,1452.74,96.44000244140624,0.2
2022-03-16,67.0,68.2,1908.0,98.37999725341795,1459.33,95.04000091552734,0.2
2022-03-17,67.7,68.7,1942.0999755859373,98.01000213623048,1461.34,102.9800033569336,0.2
2022-03-18,68.1,69.1,1928.199951171875,98.2300033569336,1469.1,104.6999969482422,0.2
2022-03-21,67.7,68.7,1928.5999755859373,98.5,1494.95,112.12000274658205,0.2
2022-03-22,67.85,68.75,1920.699951171875,98.48999786376952,1503.78,111.76000213623048,0.2
2022-03-23,68.1,68.8,1936.5999755859373,98.62000274658205,1502.34,113.71910202026369,0.2
2022-03-24,68.2,68.9,1961.5999755859373,98.79000091552734,1498.26,112.33999633789062,0.2
2022-03-25,68.55,69.25,1953.800048828125,98.80999755859376,1498.5,113.71910202026369,0.2
2022-03-28,68.6,69.3,1939.5999755859373,99.08999633789062,1483.18,105.95999908447266,0.2
2022-03-29,68.4,69.1,1912.0,98.4000015258789,1497.76,104.23999786376952,0.2
2022-03-30,68.0,68.7,1933.5,97.79000091552734,1490.51,107.81999969482422,0.2
2022-03-31,68.15,68.85,1949.199951171875,98.30999755859376,1492.15,100.27999877929688,0.2
2022-04-01,68.4,69.1,1919.0999755859373,98.62999725341795,1516.44,99.2699966430664,0.33
2022-04-04,68.3,69.0,1929.199951171875,98.98999786376952,1524.7,103.27999877929688,0.33
2022-04-05,68.2,68.85,1922.9000244140625,99.47000122070312,1520.03,101.95999908447266,0.33
2022-04-06,68.15,68.8,1918.4000244140625,99.5999984741211,1522.9,96.2300033569336,0.33
2022-04-07,68.2,68.85,1933.800048828125,99.75,1502.35,96.02999877929688,0.33
2022-04-08,68.4,69.05,1941.5999755859373,99.8000030517578,1482.0,98.26000213623048,0.33
2022-04-11,68.4,69.05,1944.300048828125,99.93000030517578,1482.0,94.29000091552734,0.33
2022-04-12,68.85,69.5,1972.0999755859373,100.29000091552734,1455.25,100.5999984741211,0.33
2022-04-13,69.2,69.8,1981.0,99.87999725341795,1477.2,104.25,0.33
2022-04-14,68.95,69.55,1970.9000244140625,100.31999969482422,1472.12,106.9499969482422,0.33
2022-04-15,69.1,69.7,1970.9000244140625,100.31999969482422,1458.56,106.9499969482422,0.33
2022-04-18,70.35,71.0,1982.9000244140625,100.77999877929688,1432.6,108.20999908447266,0.33
2022-04-19,70.05,70.75,1955.699951171875,100.95999908447266,1406.45,102.55999755859376,0.33
2022-04-20,69.5,70.2,1952.300048828125,100.38999938964844,1384.72,102.75,0.33
2022-04-21,69.7,70.4,1944.9000244140625,100.58000183105467,1370.21,103.79000091552734,0.33
2022-04-22,69.8,70.5,1931.0,101.22000122070312,1379.23,102.06999969482422,0.33
2022-04-25,69.55,70.25,1893.199951171875,101.75,1310.92,98.54000091552734,0.33
2022-04-26,69.45,70.15,1901.4000244140625,102.3000030517578,1341.34,101.6999969482422,0.33
2022-04-27,69.35,70.05,1885.9000244140625,102.9499969482422,1353.77,102.0199966430664,0.33
2022-04-28,69.2,69.9,1888.699951171875,103.62000274658205,1350.99,105.36000061035156,0.33
2022-04-29,69.65,70.35,1909.300048828125,102.95999908447266,1366.8,104.69000244140624,0.33
2022-05-01,69.65,70.35,1909.300048828125,102.95999908447266,1366.8,104.69000244140624,0.77
2022-05-02,69.65,70.35,1861.800048828125,103.73999786376952,1366.8,105.16999816894533,0.77
2022-05-03,69.2,69.95,1868.800048828125,103.47000122070312,1366.8,102.41000366210938,0.77
2022-05-04,69.4,70.1,1867.0,102.58999633789062,1348.68,107.80999755859376,0.77
2022-05-05,69.65,70.35,1874.0,103.75,1360.68,108.26000213623048,0.77
2022-05-06,69.75,70.45,1881.199951171875,103.66000366210938,1329.26,109.7699966430664,0.77
2022-05-09,69.6,70.3,1857.0999755859373,103.6500015258789,1269.62,103.08999633789062,0.77
2022-05-10,69.45,70.15,1839.9000244140625,103.91999816894533,1293.56,99.76000213623048,0.77
2022-05-11,69.5,70.2,1852.5999755859373,103.8499984741211,1301.53,105.70999908447266,0.77
2022-05-12,69.7,70.3,1823.800048828125,104.8499984741211,1238.84,106.12999725341795,0.77
2022-05-13,68.8,69.8,1807.4000244140625,104.55999755859376,1182.77,110.48999786376952,0.77
2022-05-16,68.25,69.25,1813.5,104.19000244140624,1171.95,113.71910202026369,0.77
2022-05-17,68.25,69.25,1818.199951171875,103.36000061035156,1228.37,112.4000015258789,0.77
2022-05-18,68.25,69.25,1815.9000244140625,103.80999755859376,1240.76,109.58999633789062,0.77
2022-05-19,68.25,69.25,1841.199951171875,102.72000122070312,1241.64,112.20999908447266,0.77
2022-05-20,68.9,69.8,1841.800048828125,103.1500015258789,1240.71,113.2300033569336,0.77
2022-05-23,69.05,69.95,1847.800048828125,102.08000183105467,1218.81,110.29000091552734,0.77
2022-05-24,69.0,69.9,1865.0999755859373,101.86000061035156,1233.38,109.7699966430664,0.77
2022-05-25,68.1,69.1,1846.199951171875,102.05999755859376,1268.43,110.33000183105467,0.77
2022-05-26,68.3,69.3,1847.4000244140625,101.83000183105467,1268.57,113.71910202026369,0.77
2022-05-27,68.55,69.55,1851.300048828125,101.66999816894533,1285.45,113.71910202026369,0.77
2022-05-30,68.3,69.3,1851.300048828125,101.66999816894533,1293.92,113.71910202026369,0.77
2022-05-31,68.3,69.3,1842.699951171875,101.75,1292.68,113.71910202026369,0.77
2022-06-01,68.3,69.3,1843.300048828125,102.5500030517578,1299.52,113.71910202026369,1.21
2022-06-02,68.55,69.45,1866.5,101.7699966430664,1288.62,113.71910202026369,1.21
2022-06-03,68.8,69.7,1845.4000244140625,102.13999938964844,1287.98,113.71910202026369,1.21
2022-06-06,68.6,69.5,1839.199951171875,102.44000244140624,1290.01,113.71910202026369,1.21
2022-06-07,68.7,69.6,1847.5,102.31999969482422,1291.35,113.71910202026369,1.21
2022-06-08,68.7,69.6,1851.9000244140625,102.54000091552734,1307.91,113.71910202026369,1.21
2022-06-09,68.8,69.7,1848.800048828125,103.22000122070312,1307.8,113.71910202026369,1.21
2022-06-10,68.55,69.45,1871.5,104.1500015258789,1284.08,113.71910202026369,1.21
2022-06-13,67.75,68.65,1828.0,105.08000183105467,1227.04,113.71910202026369,1.21
2022-06-14,67.6,68.4,1809.5,105.5199966430664,1230.31,113.71910202026369,1.21
2022-06-15,67.65,68.45,1815.300048828125,105.16000366210938,1213.93,113.71910202026369,1.21
2022-06-16,67.8,68.6,1845.699951171875,103.62999725341795,1236.63,113.71910202026369,1.21
2022-06-17,67.95,68.75,1835.5999755859373,104.6999969482422,1217.3,109.55999755859376,1.21
2022-06-20,67.85,68.65,1835.5999755859373,104.6999969482422,1180.4,109.55999755859376,1.21
2022-06-21,67.85,68.65,1834.5999755859373,104.44000244140624,1172.47,110.6500015258789,1.21
2022-06-22,67.75,68.55,1834.300048828125,104.1999969482422,1169.27,106.19000244140624,1.21
2022-06-23,67.9,68.7,1825.699951171875,104.43000030517578,1188.88,104.2699966430664,1.21
2022-06-24,67.8,68.6,1826.5,104.19000244140624,1185.48,107.62000274658205,1.21
2022-06-27,67.8,68.6,1820.9000244140625,103.94000244140624,1202.82,109.56999969482422,1.21
2022-06-28,67.8,68.6,1817.5,104.51000213623048,1218.1,111.76000213623048,1.21
2022-06-29,67.8,68.6,1813.699951171875,105.11000061035156,1218.09,109.77999877929688,1.21
2022-06-30,67.8,68.6,1804.0999755859373,104.69000244140624,1197.6,105.76000213623048,1.21
2022-07-01,67.8,68.6,1798.9000244140625,105.13999938964844,1198.9,108.43000030517578,1.68
2022-07-04,67.8,68.6,1798.9000244140625,105.13999938964844,1195.53,108.43000030517578,1.68
2022-07-05,67.8,68.6,1761.800048828125,106.5,1181.29,99.5,1.68
2022-07-06,67.8,68.6,1734.9000244140625,107.0999984741211,1149.61,98.52999877929688,1.68
2022-07-07,67.85,68.45,1737.9000244140625,107.12999725341795,1166.48,102.7300033569336,1.68
2022-07-08,68.0,68.6,1740.5999755859375,107.01000213623048,1171.31,104.79000091552734,1.68
2022-07-11,67.6,68.2,1730.0,108.0199966430664,1155.29,104.08999633789062,1.68
2022-07-12,67.65,68.25,1723.300048828125,108.06999969482422,1174.82,95.83999633789062,1.68
2022-07-13,67.6,68.2,1734.199951171875,107.95999908447266,1173.92,96.3000030517578,1.68
2022-07-14,67.6,68.2,1704.5,108.54000091552734,1182.17,95.77999877929688,1.68
2022-07-15,67.35,67.95,1702.4000244140625,108.05999755859376,1179.25,97.58999633789062,1.68
2022-07-18,63.5,64.5,1709.199951171875,107.37000274658205,1176.49,102.5999984741211,1.68
2022-07-19,63.3,65.3,1710.0,106.68000030517578,1178.33,104.22000122070312,1.68
2022-07-20,64.7,66.5,1699.5,107.08000183105467,1194.14,102.26000213623048,1.68
2022-07-21,63.2,65.2,1712.699951171875,106.91000366210938,1198.47,96.3499984741211,1.68
2022-07-22,64.9,66.4,1727.0999755859375,106.7300033569336,1194.76,94.6999969482422,1.68
2022-07-25,65.3,66.5,1719.0,106.4800033569336,1188.5,96.6999969482422,1.68
2022-07-26,65.0,66.0,1717.699951171875,107.19000244140624,1185.07,94.9800033569336,1.68
2022-07-27,65.1,66.1,1719.0999755859375,106.4499969482422,1191.04,97.26000213623048,1.68
2022-07-28,65.0,66.0,1750.300048828125,106.3499984741211,1208.12,96.41999816894533,1.68
2022-07-29,65.7,66.7,1762.9000244140625,105.9000015258789,1206.33,98.62000274658205,1.68
2022-08-01,66.8,67.8,1769.0,105.4499969482422,1231.35,93.88999938964844,2.33
2022-08-02,67.4,68.4,1771.0999755859375,106.23999786376952,1241.62,94.41999816894533,2.33
2022-08-03,66.0,67.0,1758.0,106.51000213623048,1249.76,90.66000366210938,2.33
2022-08-04,66.4,67.4,1788.5,105.69000244140624,1254.15,88.54000091552734,2.33
2022-08-05,66.6,67.6,1772.9000244140625,106.62000274658205,1252.74,89.01000213623047,2.33
2022-08-08,66.3,67.3,1786.800048828125,106.44000244140624,1256.75,90.76000213623048,2.33
2022-08-09,66.2,67.2,1794.0,106.37000274658205,1258.85,90.5,2.33
2022-08-10,66.0,67.0,1795.5999755859375,105.1999969482422,1256.5,91.93000030517578,2.33
2022-08-11,66.2,67.2,1789.699951171875,105.08999633789062,1252.07,94.33999633789062,2.33
2022-08-12,66.3,67.3,1798.5999755859375,105.62999725341795,1262.33,92.08999633789062,2.33
2022-08-15,66.1,67.1,1781.4000244140625,106.5500030517578,1274.2,89.41000366210938,2.33
2022-08-16,66.0,67.0,1773.199951171875,106.5,1274.69,86.52999877929688,2.33
2022-08-17,66.2,67.2,1760.300048828125,106.56999969482422,1275.28,88.11000061035156,2.33
2022-08-18,66.2,67.2,1755.300048828125,107.4800033569336,1273.66,90.5,2.33
2022-08-19,66.2,67.2,1747.5999755859375,108.16999816894533,1269.18,90.7699966430664,2.33
2022-08-22,66.0,67.0,1734.0,109.0500030517578,1260.43,90.2300033569336,2.33
2022-08-23,66.25,67.05,1746.800048828125,108.62000274658205,1270.81,93.73999786376952,2.33
2022-08-24,66.3,67.1,1747.800048828125,108.68000030517578,1277.16,94.88999938964844,2.33
2022-08-25,66.05,66.85,1757.699951171875,108.47000122070312,1288.88,92.5199966430664,2.33
2022-08-26,66.1,66.9,1736.0999755859375,108.8000030517578,1282.57,93.05999755859376,2.33
2022-08-29,65.75,66.55,1736.5999755859375,108.83999633789062,1270.8,97.01000213623048,2.33
2022-08-30,65.9,66.7,1723.199951171875,108.7699966430664,1279.39,91.63999938964844,2.33
2022-08-31,65.85,66.65,1712.800048828125,108.6999969482422,1280.51,89.55000305175781,2.33
2022-09-01,65.85,66.65,1696.5999755859375,109.69000244140624,1280.51,86.61000061035156,2.56
2022-09-02,65.85,66.65,1709.800048828125,109.52999877929688,1280.51,86.87000274658203,2.56
2022-09-05,65.9,66.7,1709.800048828125,109.52999877929688,1277.35,86.87000274658203,2.56
2022-09-06,66.0,66.8,1700.4000244140625,110.20999908447266,1277.4,86.87999725341797,2.56
2022-09-07,66.0,66.8,1715.300048828125,109.83999633789062,1243.17,81.94000244140625,2.56
2022-09-08,66.15,66.95,1708.0,109.70999908447266,1234.6,83.54000091552734,2.56
2022-09-09,66.2,67.0,1716.199951171875,109.0,1248.78,86.79000091552734,2.56
2022-09-12,66.2,67.0,1728.0999755859375,108.33000183105467,1249.62,87.77999877929688,2.56
2022-09-13,66.25,67.05,1705.0,109.81999969482422,1248.4,87.30999755859375,2.56
2022-09-14,66.1,66.9,1696.5,109.66000366210938,1240.77,88.4800033569336,2.56
2022-09-15,65.95,66.75,1665.4000244140625,109.73999786376952,1245.66,85.0999984741211,2.56
2022-09-16,65.75,66.55,1671.699951171875,109.76000213623048,1234.03,85.11000061035156,2.56
2022-09-19,65.75,66.55,1666.199951171875,109.73999786376952,1205.43,85.7300033569336,2.56
2022-09-20,65.85,66.65,1659.699951171875,110.22000122070312,1218.93,84.44999694824219,2.56
2022-09-21,65.95,66.75,1664.5999755859375,110.63999938964844,1210.55,82.94000244140625,2.56
2022-09-22,65.8,66.6,1670.800048828125,111.3499984741211,1214.7,83.48999786376953,2.56
2022-09-23,65.8,66.6,1645.300048828125,111.69059967041017,1203.28,78.73999786376953,2.56
2022-09-26,65.6,66.4,1623.300048828125,111.69059967041017,1174.35,76.70999908447266,2.56
2022-09-27,64.6,65.6,1626.699951171875,111.69059967041017,1166.54,78.5,2.56
2022-09-28,64.2,65.2,1660.4000244140625,111.69059967041017,1143.62,82.1500015258789,2.56
2022-09-29,64.55,65.55,1658.5,111.69059967041017,1126.07,81.2300033569336,2.56
2022-09-30,65.4,66.4,1662.4000244140625,111.69059967041017,1132.11,79.48999786376953,2.56
2022-10-01,65.4,66.4,1662.4000244140625,111.69059967041017,1132.11,79.48999786376953,3.08
2022-10-03,65.2,66.2,1692.9000244140625,111.69059967041017,1086.44,83.62999725341797,3.08
2022-10-04,65.4,66.4,1721.0999755859375,110.06999969482422,1078.14,86.5199966430664,3.08
2022-10-05,65.4,66.4,1711.4000244140625,111.06999969482422,1104.26,87.76000213623047,3.08
2022-10-06,64.7,65.7,1711.699951171875,111.69059967041017,1074.52,88.44999694824219,3.08
2022-10-07,64.9,65.9,1700.5,111.69059967041017,1035.91,92.63999938964844,3.08
2022-10-10,66.2,67.2,1667.300048828125,111.69059967041017,1042.48,91.12999725341795,3.08
2022-10-11,65.9,66.9,1678.699951171875,111.69059967041017,1006.2,89.3499984741211,3.08
2022-10-12,65.9,66.9,1670.300048828125,111.69059967041017,1034.81,87.2699966430664,3.08
2022-10-13,66.0,67.0,1670.0,111.69059967041017,1050.99,89.11000061035156,3.08
2022-10-14,66.2,67.2,1641.699951171875,111.69059967041017,1061.85,85.61000061035156,3.08
2022-10-17,66.0,67.0,1657.0,111.69059967041017,1051.58,85.45999908447266,3.08
2022-10-18,66.1,67.1,1649.0,111.69059967041017,1063.66,82.81999969482422,3.08
2022-10-19,66.0,67.0,1627.5,111.69059967041017,1060.07,85.55000305175781,3.08
2022-10-20,66.2,67.2,1630.800048828125,111.69059967041017,1058.45,85.9800033569336,3.08
2022-10-21,66.3,67.3,1651.0,111.69059967041017,1019.82,85.05000305175781,3.08
2022-10-24,66.3,67.3,1648.699951171875,111.69059967041017,986.15,84.58000183105469,3.08
2022-10-25,66.2,67.2,1652.800048828125,110.9499969482422,997.7,85.31999969482422,3.08
2022-10-26,66.4,67.4,1664.0,109.6999969482422,993.36,87.91000366210938,3.08
2022-10-27,66.2,67.2,1660.699951171875,110.58999633789062,1028.01,89.08000183105469,3.08
2022-10-28,66.1,67.1,1639.5999755859375,110.66999816894533,1027.36,87.9000015258789,3.08
2022-10-31,66.0,67.0,1635.9000244140625,111.52999877929688,1027.94,86.52999877929688,3.08
2022-11-01,66.1,67.1,1645.0,111.4800033569336,1033.75,88.37000274658203,3.78
2022-11-02,66.2,67.2,1645.699951171875,111.3499984741211,1023.19,90.0,3.78
2022-11-03,66.0,67.0,1627.300048828125,111.69059967041017,1019.81,88.16999816894531,3.78
2022-11-04,66.3,67.3,1672.5,110.87999725341795,997.15,92.61000061035156,3.78
2022-11-07,66.3,67.3,1676.5,110.12000274658205,975.19,91.79000091552734,3.78
2022-11-08,66.2,67.2,1712.0999755859375,109.62000274658205,981.65,88.91000366210938,3.78
2022-11-09,66.5,67.5,1710.0999755859375,110.5500030517578,985.59,85.83000183105469,3.78
2022-11-10,66.3,67.3,1750.300048828125,108.20999908447266,947.24,86.47000122070312,3.78
2022-11-11,66.6,67.6,1766.0,106.29000091552734,954.53,88.95999908447266,3.78
2022-11-14,66.5,67.5,1773.5999755859375,106.66000366210938,941.04,85.87000274658203,3.78
2022-11-15,66.7,67.7,1773.800048828125,106.4000015258789,911.9,86.91999816894531,3.78
2022-11-16,66.7,67.7,1773.0,106.27999877929688,942.9,85.58999633789062,3.78
2022-11-17,66.7,67.7,1760.800048828125,106.69000244140624,969.26,81.63999938964844,3.78
2022-11-18,66.6,67.6,1751.9000244140625,106.93000030517578,969.33,80.08000183105469,3.78
2022-11-21,66.5,67.5,1737.4000244140625,107.83999633789062,960.65,79.7300033569336,3.78
2022-11-22,66.5,67.5,1738.300048828125,107.22000122070312,952.12,80.94999694824219,3.78
2022-11-23,66.5,67.5,1744.9000244140625,106.08000183105467,946.0,77.94000244140625,3.78
2022-11-24,66.6,67.6,1744.9000244140625,106.08000183105467,947.71,77.94000244140625,3.78
2022-11-25,66.7,67.7,1753.300048828125,105.95999908447266,971.46,76.27999877929688,3.78
2022-11-28,66.65,67.45,1740.0999755859375,106.68000030517578,1005.69,77.23999786376953,3.78
2022-11-29,66.5,67.3,1748.4000244140625,106.81999969482422,1032.16,78.19999694824219,3.78
2022-11-30,66.5,67.3,1746.0,105.9499969482422,1048.42,80.55000305175781,3.78
2022-12-01,66.35,67.15,1801.0999755859375,104.7300033569336,1036.28,81.22000122070312,4.1
2022-12-02,66.2,67.0,1795.9000244140625,104.5500030517578,1080.01,79.9800033569336,4.1
2022-12-05,66.25,67.05,1767.4000244140625,105.29000091552734,1093.67,76.93000030517578,4.1
2022-12-06,66.35,67.15,1769.300048828125,105.58000183105467,1048.69,74.25,4.1
2022-12-07,66.1,66.9,1785.5,105.0999984741211,1041.02,72.01000213623047,4.1
2022-12-08,66.35,67.15,1788.699951171875,104.7699966430664,1050.53,71.45999908447266,4.1
2022-12-09,66.3,67.1,1798.0999755859375,104.80999755859376,1051.81,71.0199966430664,4.1
2022-12-12,66.4,67.2,1780.5,105.12999725341795,1032.07,73.16999816894531,4.1
2022-12-13,66.1,66.9,1813.9000244140625,103.9800033569336,1047.45,75.38999938964844,4.1
2022-12-14,66.2,67.0,1807.5,103.7699966430664,1050.43,77.27999877929688,4.1
2022-12-15,66.0,66.8,1777.199951171875,104.55999755859376,1055.32,76.11000061035156,4.1
2022-12-16,66.1,66.9,1790.0,104.6999969482422,1052.48,74.29000091552734,4.1
2022-12-19,66.2,67.0,1787.699951171875,104.72000122070312,1038.4,75.19000244140625,4.1
2022-12-20,66.4,67.2,1815.9000244140625,103.97000122070312,1023.13,76.08999633789062,4.1
2022-12-21,66.0,66.8,1815.9000244140625,104.16000366210938,1018.88,78.29000091552734,4.1
2022-12-22,66.1,66.9,1787.0,104.43000030517578,1022.61,77.48999786376953,4.1
2022-12-23,66.1,66.9,1795.9000244140625,104.30999755859376,1020.34,79.55999755859375,4.1
2022-12-26,66.1,66.9,1795.9000244140625,104.30999755859376,985.21,79.55999755859375,4.1
2022-12-27,65.8,66.6,1814.800048828125,104.18000030517578,1004.57,79.52999877929688,4.1
2022-12-28,65.9,66.7,1807.9000244140625,104.45999908447266,1015.66,78.95999908447266,4.1
2022-12-29,65.9,66.7,1819.5,103.83999633789062,1009.29,78.4000015258789,4.1
2022-12-30,65.9,66.7,1819.699951171875,103.5199966430664,1007.09,80.26000213623047,4.1
2023-01-01,65.9,66.7,1819.699951171875,103.5199966430664,1007.09,80.26000213623047,4.33
2023-01-03,66.3,67.1,1839.699951171875,104.5199966430664,1043.9,76.93000030517578,4.33
2023-01-04,66.5,67.3,1852.800048828125,104.25,1046.35,72.83999633789062,4.33
2023-01-05,66.2,67.0,1834.800048828125,105.04000091552734,1055.82,73.66999816894531,4.33
2023-01-06,66.3,67.1,1864.199951171875,103.87999725341795,1051.44,73.7699966430664,4.33
2023-01-09,66.0,66.8,1872.699951171875,103.0,1054.21,74.62999725341797,4.33
2023-01-10,66.1,66.9,1871.5999755859373,103.23999786376952,1053.35,75.12000274658203,4.33
2023-01-11,66.15,66.95,1874.5999755859373,103.19000244140624,1055.76,77.41000366210938,4.33
2023-01-12,66.2,67.0,1895.5,102.25,1056.39,78.38999938964844,4.33
2023-01-13,66.5,67.3,1918.4000244140625,102.1999969482422,1060.17,79.86000061035156,4.33
2023-01-16,66.4,67.2,1918.4000244140625,102.1999969482422,1066.68,79.86000061035156,4.33
2023-01-17,66.7,67.5,1907.199951171875,102.38999938964844,1088.29,80.18000030517578,4.33
2023-01-18,66.8,67.6,1904.4000244140625,102.36000061035156,1098.28,79.4800033569336,4.33
2023-01-19,66.9,67.9,1922.0999755859373,102.05999755859376,1108.08,80.33000183105469,4.33
2023-01-20,66.9,67.9,1926.4000244140625,102.01000213623048,1108.08,81.30999755859375,4.33
2023-01-23,66.9,67.9,1927.0999755859373,102.13999938964844,1108.08,81.62000274658203,4.33
2023-01-24,66.9,67.9,1933.9000244140625,101.91999816894533,1108.08,80.12999725341797,4.33
2023-01-25,66.9,67.9,1941.199951171875,101.63999938964844,1108.08,80.1500015258789,4.33
2023-01-26,66.9,67.9,1929.0999755859373,101.83999633789062,1108.08,81.01000213623047,4.33
2023-01-27,67.5,68.5,1928.5999755859373,101.93000030517578,1117.1,79.68000030517578,4.33
2023-01-30,66.4,67.4,1922.9000244140625,102.27999877929688,1102.57,77.9000015258789,4.33
2023-01-31,66.2,67.6,1929.5,102.0999984741211,1111.18,78.87000274658203,4.33
2023-02-01,66.6,67.4,1927.800048828125,101.22000122070312,1075.97,76.41000366210938,4.57
2023-02-02,67.0,67.8,1916.300048828125,101.75,1077.59,75.87999725341797,4.57
2023-02-03,66.7,67.5,1862.9000244140625,102.91999816894533,1077.15,73.38999938964844,4.57
2023-02-06,66.4,67.2,1866.199951171875,103.62000274658205,1089.29,74.11000061035156,4.57
2023-02-07,66.55,67.35,1871.699951171875,103.43000030517578,1065.84,77.13999938964844,4.57
2023-02-08,66.7,67.5,1877.4000244140625,103.41000366210938,1072.22,78.47000122070312,4.57
2023-02-09,66.55,67.35,1866.199951171875,103.22000122070312,1064.03,78.05999755859375,4.57
2023-02-10,66.5,67.3,1862.800048828125,103.62999725341795,1055.3,79.72000122070312,4.57
2023-02-13,66.45,67.25,1851.9000244140625,103.3499984741211,1043.7,80.13999938964844,4.57
2023-02-14,66.6,67.4,1854.0,103.2300033569336,1038.64,79.05999755859375,4.57
2023-02-15,66.4,67.2,1834.199951171875,103.91999816894533,1048.2,78.58999633789062,4.57
2023-02-16,66.35,67.15,1842.0,103.86000061035156,1058.29,78.48999786376953,4.57
2023-02-17,66.25,67.05,1840.4000244140625,103.86000061035156,1059.31,76.33999633789062,4.57
2023-02-20,66.3,67.1,1840.4000244140625,103.86000061035156,1086.69,76.33999633789062,4.57
2023-02-21,66.2,67.0,1833.0,104.18000030517578,1082.23,76.16000366210938,4.57
2023-02-22,66.3,67.1,1832.0,104.58999633789062,1054.28,73.94999694824219,4.57
2023-02-23,66.3,67.0,1818.0,104.5999984741211,1053.66,75.38999938964844,4.57
2023-02-24,66.3,67.0,1808.800048828125,105.20999908447266,1039.56,76.31999969482422,4.57
2023-02-27,66.05,66.75,1817.0,104.66999816894533,1021.25,75.68000030517578,4.57
2023-02-28,66.1,66.8,1828.9000244140625,104.87000274658205,1024.68,77.05000305175781,4.57
2023-03-01,66.1,66.8,1837.699951171875,104.4800033569336,1040.55,77.69000244140625,4.65
2023-03-02,66.15,66.85,1833.5,105.02999877929688,1037.61,78.16000366210938,4.65
2023-03-03,66.1,66.8,1847.699951171875,104.5199966430664,1024.77,79.68000030517578,4.65
2023-03-06,66.15,66.85,1847.9000244140625,104.3499984741211,1027.18,80.45999908447266,4.65
2023-03-07,66.0,66.7,1813.9000244140625,105.62000274658205,1037.84,77.58000183105469,4.65
2023-03-08,65.85,66.55,1812.699951171875,105.66000366210938,1049.18,76.66000366210938,4.65
2023-03-09,65.85,66.55,1829.300048828125,105.30999755859376,1055.95,75.72000122070312,4.65
2023-03-10,65.85,66.55,1862.0,104.58000183105467,1053.0,76.68000030517578,4.65
2023-03-13,66.3,67.0,1911.699951171875,103.5999984741211,1052.8,74.80000305175781,4.65
2023-03-14,66.15,66.85,1906.199951171875,103.5999984741211,1040.13,71.33000183105469,4.65
2023-03-15,65.95,66.65,1926.5999755859373,104.6500015258789,1062.19,67.61000061035156,4.65
2023-03-16,66.3,67.0,1919.0,104.41999816894533,1047.4,68.3499984741211,4.65
2023-03-17,66.45,67.15,1969.800048828125,103.70999908447266,1045.14,66.73999786376953,4.65
2023-03-20,66.9,67.6,1979.199951171875,103.27999877929688,1023.1,67.63999938964844,4.65
2023-03-21,66.6,67.3,1938.0,103.26000213623048,1032.43,69.33000183105469,4.65
2023-03-22,66.45,67.15,1946.800048828125,102.3499984741211,1040.54,70.9000015258789,4.65
2023-03-23,66.6,67.5,1993.800048828125,102.52999877929688,1045.1,69.95999908447266,4.65
2023-03-24,66.6,67.5,1982.0999755859373,103.12000274658205,1046.79,69.26000213623047,4.65
2023-03-27,66.65,67.35,1952.4000244140625,102.86000061035156,1052.25,72.80999755859375,4.65
2023-03-28,66.45,67.15,1972.4000244140625,102.43000030517578,1054.29,73.19999694824219,4.65
2023-03-29,66.45,67.15,1966.0999755859373,102.63999938964844,1056.33,72.97000122070312,4.65
2023-03-30,66.4,67.0,1980.300048828125,102.13999938964844,1059.44,74.37000274658203,4.65
2023-03-31,66.45,67.05,1969.0,102.51000213623048,1064.64,75.66999816894531,4.65
2023-04-01,66.45,67.05,1969.0,102.51000213623048,1064.64,75.66999816894531,4.83
2023-04-03,66.45,67.05,1983.9000244140625,102.08999633789062,1079.28,80.41999816894531,4.83
2023-04-04,66.45,67.05,2022.199951171875,101.58999633789062,1078.45,80.70999908447266,4.83
2023-04-05,66.55,67.15,2020.9000244140625,101.8499984741211,1080.86,80.61000061035156,4.83
2023-04-06,66.5,67.1,2011.9000244140625,101.81999969482422,1070.91,80.69999694824219,4.83
2023-04-07,66.45,67.05,2011.9000244140625,101.81999969482422,1069.71,80.69999694824219,4.83
2023-04-10,66.45,67.05,1989.0999755859373,102.58000183105467,1065.35,79.73999786376953,4.83
2023-04-11,66.4,67.0,2004.800048828125,102.1999969482422,1069.46,81.52999877929688,4.83
2023-04-12,66.4,67.0,2010.9000244140625,101.5,1069.45,83.26000213623047,4.83
2023-04-13,66.5,67.1,2041.300048828125,101.01000213623048,1064.3,82.16000366210938,4.83
2023-04-14,66.5,67.1,2002.199951171875,101.5500030517578,1052.89,82.5199966430664,4.83
2023-04-17,66.6,67.2,1994.199951171875,102.0999984741211,1053.81,80.83000183105469,4.83
2023-04-18,66.5,67.1,2007.4000244140625,101.75,1055.02,80.86000061035156,4.83
2023-04-19,66.35,66.95,1995.199951171875,101.97000122070312,1048.98,79.16000366210938,4.83
2023-04-20,66.4,67.0,2007.5999755859373,101.83999633789062,1049.25,77.29000091552734,4.83
2023-04-21,66.35,66.95,1979.5,101.81999969482422,1042.91,77.87000274658203,4.83
2023-04-24,66.4,67.0,1989.0999755859373,101.3499984741211,1041.36,78.76000213623047,4.83
2023-04-25,66.45,67.05,1994.0,101.86000061035156,1034.85,77.06999969482422,4.83
2023-04-26,66.55,67.15,1985.699951171875,101.47000122070312,1040.8,74.30000305175781,4.83
2023-04-27,66.55,67.15,1989.9000244140625,101.5,1039.63,74.76000213623047,4.83
2023-04-28,66.6,67.2,1990.0999755859373,101.66999816894533,1049.12,76.77999877929688,4.83
2023-05-01,66.6,67.2,1983.4000244140625,102.1500015258789,1049.12,75.66000366210938,5.06
2023-05-02,66.6,67.2,2014.300048828125,101.95999908447266,1049.12,71.66000366210938,5.06
2023-05-03,66.55,67.15,2028.5999755859373,101.33999633789062,1049.12,68.5999984741211,5.06
2023-05-04,66.6,67.2,2048.0,101.4000015258789,1040.61,68.55999755859375,5.06
2023-05-05,66.5,67.1,2017.4000244140625,101.20999908447266,1040.31,71.33999633789062,5.06
2023-05-08,66.5,67.1,2026.300048828125,101.37000274658205,1053.44,73.16000366210938,5.06
2023-05-09,66.6,67.2,2036.199951171875,101.63999938964844,1053.77,73.70999908447266,5.06
2023-05-10,66.5,67.1,2030.5,101.4800033569336,1058.26,72.55999755859375,5.06
2023-05-11,66.65,67.25,2014.699951171875,102.05999755859376,1057.12,70.87000274658203,5.06
2023-05-12,66.55,67.15,2014.5,102.68000030517578,1066.9,70.04000091552734,5.06
2023-05-15,66.65,67.25,2018.0,102.43000030517578,1065.71,71.11000061035156,5.06
2023-05-16,66.55,67.15,1988.4000244140625,102.55999755859376,1065.91,70.86000061035156,5.06
2023-05-17,66.5,67.1,1980.699951171875,102.87999725341795,1060.44,72.83000183105469,5.06
2023-05-18,66.55,67.15,1956.5,103.58000183105467,1068.31,71.86000061035156,5.06
2023-05-19,66.65,67.25,1978.699951171875,103.1999969482422,1067.07,71.55000305175781,5.06
2023-05-22,66.6,67.2,1974.800048828125,103.1999969482422,1070.64,71.98999786376953,5.06
2023-05-23,66.55,67.15,1972.4000244140625,103.48999786376952,1065.85,72.91000366210938,5.06
2023-05-24,66.5,67.1,1962.800048828125,103.88999938964844,1061.79,74.33999633789062,5.06
2023-05-25,66.5,67.1,1943.0999755859373,104.20999908447266,1064.63,71.83000183105469,5.06
2023-05-26,66.45,67.05,1944.0999755859373,104.20999908447266,1063.76,72.66999816894531,5.06
2023-05-29,66.4,67.0,1944.0999755859373,104.20999908447266,1074.98,72.66999816894531,5.06
2023-05-30,66.4,67.0,1958.0,104.16999816894533,1078.05,69.45999908447266,5.06
2023-05-31,66.45,67.05,1963.9000244140625,104.31999969482422,1075.17,68.08999633789062,5.06
2023-06-01,66.4,67.0,1978.0,103.55999755859376,1078.39,70.0999984741211,5.08
2023-06-02,66.45,67.05,1952.4000244140625,104.0199966430664,1090.84,71.73999786376953,5.08
2023-06-05,66.55,67.15,1958.0,104.0,1097.82,72.1500015258789,5.08
2023-06-06,66.4,67.0,1965.5,104.12999725341795,1108.31,71.73999786376953,5.08
2023-06-07,66.45,67.05,1942.699951171875,104.0999984741211,1109.54,72.52999877929688,5.08
2023-06-08,66.4,67.0,1963.5999755859373,103.33999633789062,1101.32,71.29000091552734,5.08
2023-06-09,66.5,67.1,1962.199951171875,103.55999755859376,1107.53,70.16999816894531,5.08
2023-06-12,66.5,67.1,1955.300048828125,103.62999725341795,1116.02,67.12000274658203,5.08
2023-06-13,66.5,67.1,1944.5999755859373,103.33999633789062,1122.46,69.41999816894531,5.08
2023-06-14,66.55,67.15,1955.300048828125,103.01000213623048,1117.42,68.2699966430664,5.08
2023-06-15,66.55,67.15,1957.800048828125,102.12000274658205,1116.97,70.62000274658203,5.08
2023-06-16,66.55,67.15,1958.4000244140625,102.3000030517578,1115.22,71.77999877929688,5.08
2023-06-19,66.45,67.05,1958.4000244140625,102.3000030517578,1105.4,71.77999877929688,5.08
2023-06-20,66.5,67.1,1935.5,102.54000091552734,1111.72,70.5,5.08
2023-06-21,66.4,67.0,1933.300048828125,102.06999969482422,1118.46,72.52999877929688,5.08
2023-06-22,66.45,67.05,1912.699951171875,102.38999938964844,1125.3,69.51000213623047,5.08
2023-06-23,66.45,67.05,1919.0999755859373,102.9000015258789,1129.38,69.16000366210938,5.08
2023-06-26,66.4,67.0,1923.699951171875,102.69000244140624,1132.03,69.37000274658203,5.08
2023-06-27,66.35,66.95,1914.0,102.48999786376952,1134.33,67.69999694824219,5.08
2023-06-28,66.4,67.0,1912.300048828125,102.91000366210938,1138.35,69.55999755859375,5.08
2023-06-29,66.45,67.05,1909.199951171875,103.33999633789062,1125.39,69.86000061035156,5.08
2023-06-30,66.35,66.95,1921.0999755859373,102.91000366210938,1120.18,70.63999938964844,5.08
2023-07-01,66.35,66.95,1921.0999755859373,102.91000366210938,1120.18,70.63999938964844,5.12
2023-07-03,66.4,67.0,1921.699951171875,102.98999786376952,1125.5,69.79000091552734,5.12
2023-07-04,66.5,67.1,1921.699951171875,102.98999786376952,1132.0,69.79000091552734,5.12
2023-07-05,66.35,66.95,1919.5999755859373,103.37000274658205,1134.62,71.79000091552734,5.12
2023-07-06,66.45,67.05,1908.699951171875,103.16999816894533,1126.22,71.80000305175781,5.12
2023-07-07,66.45,67.05,1926.199951171875,102.2699966430664,1138.07,73.86000061035156,5.12
2023-07-10,66.5,67.1,1925.0,101.97000122070312,1149.02,72.98999786376953,5.12
2023-07-11,66.6,67.2,1931.300048828125,101.7300033569336,1151.77,74.83000183105469,5.12
2023-07-12,66.6,67.2,1956.199951171875,100.5199966430664,1154.2,75.75,5.12
2023-07-13,66.75,67.35,1959.199951171875,99.7699966430664,1165.42,76.88999938964844,5.12
2023-07-14,66.65,67.25,1960.0999755859373,99.91000366210938,1168.4,75.41999816894531,5.12
2023-07-17,66.6,67.2,1952.4000244140625,99.83999633789062,1173.13,74.1500015258789,5.12
2023-07-18,66.6,67.2,1977.199951171875,99.94000244140624,1174.09,75.75,5.12
2023-07-19,66.6,67.2,1977.5,100.27999877929688,1172.98,75.3499984741211,5.12
2023-07-20,66.6,67.2,1968.300048828125,100.87999725341795,1172.81,75.62999725341797,5.12
2023-07-21,66.45,67.05,1964.300048828125,101.06999969482422,1185.9,77.06999969482422,5.12
2023-07-24,66.6,67.2,1960.300048828125,101.3499984741211,1190.72,78.73999786376953,5.12
2023-07-25,66.65,67.25,1962.0999755859373,101.3499984741211,1195.9,79.62999725341797,5.12
2023-07-26,66.6,67.2,1968.9000244140625,100.88999938964844,1200.84,78.77999877929688,5.12
2023-07-27,66.75,67.35,1945.4000244140625,101.7699966430664,1197.33,80.08999633789062,5.12
2023-07-28,66.65,67.25,1960.4000244140625,101.62000274658205,1207.67,80.58000183105469,5.12
2023-07-31,66.65,67.25,1970.5,101.86000061035156,1222.9,81.80000305175781,5.12
2023-08-01,66.75,67.35,1940.699951171875,102.3000030517578,1217.56,81.37000274658203,5.33
2023-08-02,66.6,67.2,1937.4000244140625,102.58999633789062,1220.43,79.48999786376953,5.33
2023-08-03,66.6,67.2,1932.0,102.54000091552734,1210.95,81.55000305175781,5.33
2023-08-04,66.6,67.2,1939.5999755859373,102.0199966430664,1225.98,82.81999969482422,5.33
2023-08-07,66.8,67.4,1933.5,102.0500030517578,1241.42,81.94000244140625,5.33
2023-08-08,66.7,67.3,1924.0999755859373,102.52999877929688,1242.23,82.91999816894531,5.33
2023-08-09,66.65,67.25,1915.4000244140625,102.48999786376952,1233.99,84.4000015258789,5.33
2023-08-10,66.7,67.3,1914.4000244140625,102.5199966430664,1220.61,82.81999969482422,5.33
2023-08-11,66.9,67.5,1912.9000244140625,102.83999633789062,1232.21,83.19000244140625,5.33
2023-08-14,66.9,67.5,1910.5999755859373,103.19000244140624,1236.84,82.51000213623047,5.33
2023-08-15,67.0,67.6,1902.5,103.20999908447266,1234.05,80.98999786376953,5.33
2023-08-16,66.95,67.55,1896.0999755859373,103.41999816894533,1243.26,79.37999725341797,5.33
2023-08-17,67.0,67.6,1884.0999755859373,103.44000244140624,1233.48,80.38999938964844,5.33
2023-08-18,67.05,67.65,1886.0999755859373,103.37999725341795,1177.99,81.25,5.33
2023-08-21,66.95,67.55,1893.300048828125,103.33000183105467,1179.76,80.72000122070312,5.33
2023-08-22,67.05,67.65,1896.4000244140625,103.55999755859376,1180.49,80.3499984741211,5.33
2023-08-23,67.3,67.9,1918.5,103.36000061035156,1172.56,78.88999938964844,5.33
2023-08-24,67.35,67.95,1918.199951171875,103.9800033569336,1189.39,79.05000305175781,5.33
2023-08-25,67.35,67.95,1911.0999755859373,104.08000183105467,1183.37,79.83000183105469,5.33
2023-08-28,67.5,68.1,1917.9000244140625,104.05999755859376,1201.72,80.0999984741211,5.33
2023-08-29,67.55,68.15,1936.5,103.5500030517578,1204.43,81.16000366210938,5.33
2023-08-30,67.5,68.1,1944.300048828125,103.16000366210938,1213.16,81.62999725341797,5.33
2023-08-31,67.65,68.25,1938.199951171875,103.62000274658205,1224.05,83.62999725341797,5.33
2023-09-01,67.55,68.25,1939.800048828125,104.23999786376952,1224.05,85.55000305175781,5.33
2023-09-05,67.75,68.35,1926.199951171875,104.80999755859376,1234.98,86.69000244140625,5.33
2023-09-06,67.8,68.4,1918.0999755859373,104.86000061035156,1245.5,87.54000091552734,5.33
2023-09-07,68.05,68.65,1917.5,105.05999755859376,1243.14,86.87000274658203,5.33
2023-09-08,68.05,68.75,1918.4000244140625,105.08999633789062,1241.48,87.51000213623047,5.33
2023-09-11,68.2,68.9,1923.300048828125,104.56999969482422,1223.63,87.29000091552734,5.33
2023-09-12,68.05,68.75,1911.300048828125,104.70999908447266,1245.44,88.83999633789062,5.33
2023-09-13,67.95,68.65,1909.0999755859373,104.7699966430664,1238.39,88.5199966430664,5.33
2023-09-14,67.8,68.5,1910.0,105.41000366210938,1223.81,90.16000366210938,5.33
2023-09-15,68.0,68.7,1923.699951171875,105.31999969482422,1227.36,90.7699966430664,5.33
2023-09-18,68.35,69.05,1931.5,105.1999969482422,1211.81,91.4800033569336,5.33
2023-09-19,68.45,69.15,1932.0,105.1999969482422,1211.5,91.1999969482422,5.33
2023-09-20,68.5,69.2,1945.5999755859373,105.16000366210938,1226.11,90.27999877929688,5.33
2023-09-21,68.35,69.05,1919.199951171875,105.36000061035156,1212.74,89.62999725341797,5.33
2023-09-22,68.35,69.05,1925.4000244140625,105.58000183105467,1193.05,90.02999877929688,5.33
2023-09-25,68.25,68.95,1916.5999755859373,106.0,1153.2,89.68000030517578,5.33
2023-09-26,68.1,68.8,1900.4000244140625,106.2300033569336,1137.96,90.38999938964844,5.33
2023-09-27,68.1,68.8,1871.5999755859373,106.66999816894533,1153.85,93.68000030517578,5.33
2023-09-28,68.15,68.85,1860.4000244140625,106.22000122070312,1152.43,91.70999908447266,5.33
2023-09-29,68.1,68.8,1848.0999755859373,106.16999816894533,1154.15,90.79000091552734,5.33
2023-10-01,68.1,68.8,1848.0999755859373,106.16999816894533,1154.15,90.79000091552734,5.33
2023-10-02,68.3,69.0,1830.0,106.9000015258789,1155.25,88.81999969482422,5.33
2023-10-03,68.2,68.9,1824.5999755859373,107.0,1118.1,89.2300033569336,5.33
2023-10-04,68.25,68.95,1818.5,106.8000030517578,1128.67,84.22000122070312,5.33
2023-10-05,68.3,69.0,1816.5999755859373,106.33000183105467,1113.89,82.30999755859375,5.33
2023-10-06,68.4,69.1,1830.199951171875,106.04000091552734,1128.54,82.79000091552734,5.33
2023-10-09,68.9,69.6,1849.5,106.08000183105467,1137.36,86.37999725341797,5.33
2023-10-10,69.05,69.75,1861.0,105.83000183105467,1143.69,85.97000122070312,5.33
2023-10-11,69.15,69.85,1872.800048828125,105.81999969482422,1150.81,83.48999786376953,5.33
2023-10-12,69.55,70.25,1869.300048828125,106.56999969482422,1151.61,82.91000366210938,5.33
2023-10-13,69.45,70.15,1927.4000244140625,106.6500015258789,1154.73,87.69000244140625,5.33
2023-10-16,69.7,70.4,1921.0999755859373,106.23999786376952,1141.42,86.66000366210938,5.33
2023-10-17,69.5,70.2,1922.699951171875,106.25,1121.65,86.66000366210938,5.33
2023-10-18,69.5,70.2,1955.300048828125,106.56999969482422,1103.4,88.31999969482422,5.33
2023-10-19,69.75,70.45,1968.4000244140625,106.25,1087.85,89.37000274658203,5.33
2023-10-20,70.25,70.95,1982.5,106.16000366210938,1108.03,88.75,5.33
2023-10-23,70.1,70.8,1976.300048828125,105.54000091552734,1093.53,85.48999786376953,5.33
2023-10-24,69.85,70.55,1975.0,106.2699966430664,1105.9,83.73999786376953,5.33
2023-10-25,69.85,70.55,1984.0999755859373,106.52999877929688,1101.66,85.38999938964844,5.33
2023-10-26,69.85,70.55,1987.199951171875,106.5999984741211,1055.45,83.20999908447266,5.33
2023-10-27,69.85,70.55,1988.5999755859373,106.55999755859376,1060.62,85.54000091552734,5.33
2023-10-30,69.85,70.55,1996.199951171875,106.12000274658205,1042.4,82.30999755859375,5.33
2023-10-31,70.1,70.8,1985.199951171875,106.66000366210938,1028.19,81.0199966430664,5.33
2023-11-01,70.05,70.75,1978.800048828125,106.87999725341795,1039.66,80.44000244140625,5.33
2023-11-02,69.95,70.65,1985.5999755859373,106.12000274658205,1075.47,82.45999908447266,5.33
2023-11-03,69.65,70.35,1991.5,105.0199966430664,1076.78,80.51000213623047,5.33
2023-11-06,68.5,69.8,1981.5999755859373,105.22000122070312,1089.66,80.81999969482422,5.33
2023-11-07,68.9,69.9,1966.800048828125,105.54000091552734,1080.29,77.37000274658203,5.33
2023-11-08,69.3,70.3,1951.5,105.58999633789062,1113.43,75.33000183105469,5.33
2023-11-09,69.1,70.1,1964.199951171875,105.91000366210938,1113.89,75.73999786376953,5.33
2023-11-10,69.3,70.3,1932.5999755859373,105.86000061035156,1101.68,77.16999816894531,5.33
2023-11-13,69.5,70.3,1945.5,105.66000366210938,1100.07,78.26000213623047,5.33
2023-11-14,69.55,70.35,1961.800048828125,104.11000061035156,1109.73,78.26000213623047,5.33
2023-11-15,69.8,70.6,1960.0999755859373,104.38999938964844,1122.5,76.66000366210938,5.33
2023-11-16,69.75,70.55,1983.9000244140625,104.37000274658205,1125.53,72.9000015258789,5.33
2023-11-17,70.0,70.8,1981.5999755859373,103.81999969482422,1101.19,75.88999938964844,5.33
2023-11-20,70.15,70.85,1977.699951171875,103.47000122070312,1103.66,77.5999984741211,5.33
2023-11-21,70.5,71.2,1999.300048828125,103.58999633789062,1110.46,77.7699966430664,5.33
2023-11-22,71.1,71.8,1991.4000244140625,103.91999816894533,1113.82,77.0999984741211,5.33
2023-11-23,70.8,71.6,1991.4000244140625,103.91999816894533,1088.49,77.0999984741211,5.33
2023-11-24,71.0,71.8,2002.199951171875,103.4000015258789,1095.61,75.54000091552734,5.33
2023-11-27,71.7,72.5,2011.800048828125,103.1999969482422,1088.06,74.86000061035156,5.33
2023-11-28,72.5,73.5,2039.699951171875,102.75,1095.43,76.41000366210938,5.33
2023-11-29,72.4,73.6,2047.0999755859373,102.7699966430664,1102.8,77.86000061035156,5.33
2023-11-30,72.4,73.6,2038.0999755859373,103.5,1094.13,75.95999908447266,5.33
2023-12-01,72.3,73.5,2071.0,103.2699966430664,1102.16,74.06999969482422,5.33
2023-12-04,73.0,74.2,2024.0999755859373,103.63999938964844,1120.49,73.04000091552734,5.33
2023-12-05,73.2,74.4,2018.5,104.0500030517578,1115.97,72.31999969482422,5.33
2023-12-06,73.0,74.2,2030.5,104.1500015258789,1126.43,69.37999725341797,5.33
2023-12-07,72.9,74.1,2029.9000244140625,103.54000091552734,1121.49,69.33999633789062,5.33
2023-12-08,73.1,74.1,1998.300048828125,104.01000213623048,1124.44,71.2300033569336,5.33
2023-12-11,72.75,73.75,1978.0,104.0999984741211,1125.5,71.31999969482422,5.33
2023-12-12,72.6,73.6,1977.800048828125,103.87000274658205,1127.63,68.61000061035156,5.33
2023-12-13,72.8,73.8,1982.300048828125,102.87000274658205,1114.2,69.47000122070312,5.33
2023-12-14,73.3,74.3,2030.199951171875,101.95999908447266,1110.13,71.58000183105469,5.33
2023-12-15,73.5,74.5,2021.0999755859373,102.5500030517578,1102.3,71.43000030517578,5.33
2023-12-18,73.4,74.4,2026.300048828125,102.51000213623048,1091.88,72.47000122070312,5.33
2023-12-19,73.9,74.9,2038.4000244140625,102.16999816894533,1096.3,73.44000244140625,5.33
2023-12-20,74.6,75.6,2034.5,102.41000366210938,1100.76,74.22000122070312,5.33
2023-12-21,74.8,75.8,2039.0999755859373,101.83999633789062,1102.43,73.88999938964844,5.33
2023-12-22,75.8,76.8,2057.10009765625,101.6999969482422,1103.06,73.55999755859375,5.33
2023-12-25,77.4,78.4,2057.10009765625,101.6999969482422,1117.66,73.55999755859375,5.33
2023-12-26,77.4,79.2,2058.199951171875,101.47000122070312,1122.25,75.56999969482422,5.33
2023-12-27,77.8,79.5,2081.89990234375,100.98999786376952,1121.99,74.11000061035156,5.33
2023-12-28,74.5,77.5,2073.89990234375,101.2300033569336,1128.93,71.7699966430664,5.33
2023-12-29,73.0,76.0,2062.39990234375,101.33000183105467,1129.93,71.6500015258789,5.33
2024-01-01,73.0,76.0,2062.39990234375,101.33000183105467,1129.93,71.6500015258789,5.33
2024-01-02,72.0,75.0,2064.39990234375,102.1999969482422,1131.72,70.37999725341797,5.33
2024-01-03,72.5,75.5,2034.199951171875,102.45999908447266,1144.17,72.69999694824219,5.33
2024-01-04,72.0,75.0,2042.300048828125,102.41999816894533,1150.72,72.19000244140625,5.33
2024-01-05,72.0,75.0,2042.4000244140625,102.41000366210938,1154.68,73.80999755859375,5.33
2024-01-08,71.0,74.0,2026.5999755859373,102.20999908447266,1160.19,70.7699966430664,5.33
2024-01-09,71.5,74.5,2026.4000244140625,102.56999969482422,1158.59,72.23999786376953,5.33
2024-01-10,71.5,74.5,2021.699951171875,102.36000061035156,1161.54,71.37000274658203,5.33
2024-01-11,72.8,75.3,2014.300048828125,102.29000091552734,1162.22,72.0199966430664,5.33
2024-01-12,73.5,76.0,2046.699951171875,102.4000015258789,1154.7,72.68000030517578,5.33
2024-01-15,74.0,76.5,2046.699951171875,102.4000015258789,1154.12,72.68000030517578,5.33
2024-01-16,74.0,76.5,2026.0,103.36000061035156,1163.12,72.4000015258789,5.33
2024-01-17,73.7,76.2,2002.5999755859373,103.4499969482422,1162.53,72.55999755859375,5.33
2024-01-18,74.0,76.5,2018.5999755859373,103.54000091552734,1169.06,74.08000183105469,5.33
2024-01-19,74.3,76.8,2026.5,103.29000091552734,1181.5,73.41000366210938,5.33
2024-01-22,73.5,76.0,2019.800048828125,103.33000183105467,1182.86,75.19000244140625,5.33
2024-01-23,74.0,76.5,2023.699951171875,103.62000274658205,1177.5,74.37000274658203,5.33
2024-01-24,74.2,76.7,2013.9000244140625,103.23999786376952,1172.97,75.08999633789062,5.33
2024-01-25,74.0,76.5,2016.9000244140625,103.56999969482422,1170.37,77.36000061035156,5.33
2024-01-26,74.3,76.8,2016.800048828125,103.47000122070312,1175.67,78.01000213623047,5.33
2024-01-29,74.3,76.8,2025.199951171875,103.61000061035156,1175.69,76.77999877929688,5.33
2024-01-30,74.9,77.4,2031.5,103.4000015258789,1179.65,77.81999969482422,5.33
2024-01-31,75.4,77.9,2048.39990234375,103.2699966430664,1164.31,75.8499984741211,5.33
2024-02-01,76.0,78.3,2053.0,103.0500030517578,1173.02,73.81999969482422,5.33
2024-02-02,76.2,78.5,2036.0999755859373,103.91999816894533,1172.55,72.27999877929688,5.33
2024-02-05,76.2,78.4,2025.699951171875,104.4499969482422,1186.06,72.77999877929688,5.33
2024-02-06,76.3,78.5,2034.5,104.18000030517578,1188.48,73.30999755859375,5.33
2024-02-07,76.7,78.9,2035.199951171875,104.04000091552734,1198.53,73.86000061035156,5.33
2024-02-08,76.7,78.9,2032.199951171875,104.1500015258789,1198.53,76.22000122070312,5.33
2024-02-09,76.7,78.9,2023.300048828125,104.08000183105467,1198.53,76.83999633789062,5.33
2024-02-12,76.7,78.9,2018.199951171875,104.16999816894533,1198.53,76.91999816894531,5.33
2024-02-13,76.7,78.9,1992.9000244140625,104.95999908447266,1198.53,77.87000274658203,5.33
2024-02-14,76.7,78.9,1990.300048828125,104.72000122070312,1198.53,76.63999938964844,5.33
2024-02-15,76.5,78.8,2002.0999755859373,104.3000030517578,1202.5,78.02999877929688,5.33
2024-02-16,76.2,78.4,2011.5,104.27999877929688,1209.7,79.19000244140625,5.33
2024-02-19,75.0,78.0,2011.5,104.27999877929688,1224.97,79.19000244140625,5.33
2024-02-20,75.9,78.2,2027.5,104.08000183105467,1230.06,78.18000030517578,5.33
2024-02-21,75.8,78.0,2022.300048828125,104.01000213623048,1230.04,77.91000366210938,5.33
2024-02-22,76.5,78.7,2019.699951171875,103.95999908447266,1227.31,78.61000061035156,5.33
2024-02-23,76.3,78.5,2038.5999755859373,103.94000244140624,1212.0,76.48999786376953,5.33
2024-02-26,76.8,79.0,2028.5,103.83000183105467,1224.17,77.58000183105469,5.33
2024-02-27,76.9,78.9,2034.0,103.83000183105467,1237.46,78.87000274658203,5.33
2024-02-28,77.3,79.3,2033.0,103.9800033569336,1254.55,78.54000091552734,5.33
2024-02-29,77.5,79.5,2045.699951171875,104.16000366210938,1252.73,78.26000213623047,5.33
2024-03-01,77.8,79.8,2086.89990234375,103.86000061035156,1258.28,79.97000122070312,5.33
2024-03-04,78.4,80.4,2117.699951171875,103.83000183105467,1261.41,78.73999786376953,5.33
2024-03-05,78.8,80.8,2133.5,103.8000030517578,1269.98,78.1500015258789,5.33
2024-03-06,79.0,81.0,2150.300048828125,103.37000274658205,1262.73,79.12999725341797,5.33
2024-03-07,79.8,81.8,2158.0,102.81999969482422,1268.46,78.93000030517578,5.33
2024-03-08,79.9,81.9,2178.60009765625,102.73999786376952,1247.35,78.01000213623047,5.33
2024-03-11,80.2,82.2,2182.5,102.87000274658205,1235.49,77.93000030517578,5.33
2024-03-12,80.5,82.5,2160.39990234375,102.95999908447266,1245.0,77.55999755859375,5.33
2024-03-13,78.2,80.7,2175.39990234375,102.79000091552734,1270.51,79.72000122070312,5.33
2024-03-14,79.5,81.5,2163.0,103.36000061035156,1264.26,81.26000213623047,5.33
2024-03-15,79.7,81.7,2157.300048828125,103.43000030517578,1263.78,81.04000091552734,5.33
2024-03-18,79.4,81.4,2160.699951171875,103.58000183105467,1243.56,82.72000122070312,5.33
2024-03-19,79.5,81.5,2156.300048828125,103.80999755859376,1242.46,83.47000122070312,5.33
2024-03-20,79.4,81.4,2157.89990234375,103.41000366210938,1260.08,81.68000030517578,5.33
2024-03-21,78.8,80.8,2182.39990234375,104.0,1276.42,81.06999969482422,5.33
2024-03-22,78.0,80.0,2158.10009765625,104.43000030517578,1281.8,80.62999725341797,5.33
2024-03-25,77.9,79.9,2174.800048828125,104.2300033569336,1267.86,81.94999694824219,5.33
2024-03-26,78.3,80.3,2175.60009765625,104.29000091552734,1282.21,81.62000274658203,5.33
2024-03-27,78.9,80.9,2190.60009765625,104.3499984741211,1283.09,81.3499984741211,5.33
2024-03-28,79.0,81.0,2217.39990234375,104.5500030517578,1290.18,83.16999816894531,5.33
2024-03-29,79.0,81.0,2217.39990234375,104.5500030517578,1284.09,83.16999816894531,5.33
2024-04-01,78.6,81.1,2236.5,105.0199966430664,1281.52,83.70999908447266,5.33
2024-04-02,79.3,81.3,2261.0,104.81999969482422,1287.04,85.1500015258789,5.33
2024-04-03,79.1,81.1,2294.39990234375,104.25,1271.47,85.43000030517578,5.33
2024-04-04,79.3,81.3,2288.800048828125,104.12000274658205,1268.25,86.58999633789062,5.33
2024-04-05,79.5,81.5,2325.699951171875,104.3000030517578,1255.11,86.91000366210938,5.33
2024-04-08,80.4,82.4,2331.699951171875,104.13999938964844,1250.35,86.43000030517578,5.33
2024-04-09,82.8,84.8,2343.5,104.1500015258789,1262.82,85.2300033569336,5.33
2024-04-10,82.4,84.4,2329.60009765625,105.25,1258.56,86.20999908447266,5.33
2024-04-11,82.2,84.2,2354.800048828125,105.27999877929688,1258.2,85.0199966430664,5.33
2024-04-12,82.5,84.5,2356.199951171875,106.04000091552734,1276.6,85.66000366210938,5.33
2024-04-15,82.1,84.1,2365.800048828125,106.20999908447266,1216.61,85.41000366210938,5.33
2024-04-16,81.7,83.7,2390.800048828125,106.26000213623048,1215.68,85.36000061035156,5.33
2024-04-17,82.1,84.1,2371.699951171875,105.9499969482422,1193.01,82.69000244140625,5.33
2024-04-18,82.1,84.1,2382.300048828125,106.1500015258789,1193.01,82.7300033569336,5.33
2024-04-19,81.8,83.8,2398.39990234375,106.1500015258789,1174.85,83.13999938964844,5.33
2024-04-22,81.0,83.5,2332.199951171875,106.08000183105467,1190.22,82.8499984741211,5.33
2024-04-23,81.0,83.3,2327.699951171875,105.69000244140624,1177.4,83.36000061035156,5.33
2024-04-24,82.5,84.5,2324.5,105.86000061035156,1205.61,82.80999755859375,5.33
2024-04-25,82.0,84.3,2329.800048828125,105.5999984741211,1204.97,83.56999969482422,5.33
2024-04-26,83.0,85.2,2334.800048828125,105.94000244140624,1209.52,83.8499984741211,5.33
2024-04-29,83.0,85.2,2345.39990234375,105.58000183105467,1209.52,82.62999725341797,5.33
2024-04-30,83.0,85.2,2291.39990234375,106.22000122070312,1209.52,81.93000030517578,5.33
2024-05-01,83.0,85.2,2299.89990234375,105.76000213623048,1209.52,79.0,5.33
2024-05-02,82.9,85.1,2299.199951171875,105.3000030517578,1216.36,78.94999694824219,5.33
2024-05-03,83.5,85.8,2299.0,105.02999877929688,1221.03,78.11000061035156,5.33
2024-05-06,84.3,86.5,2321.60009765625,105.0500030517578,1241.58,78.4800033569336,5.33
2024-05-07,85.3,87.5,2315.199951171875,105.41000366210938,1248.63,78.37999725341797,5.33
2024-05-08,85.2,87.5,2313.60009765625,105.5500030517578,1250.46,78.98999786376953,5.33
2024-05-09,86.8,89.1,2332.10009765625,105.2300033569336,1248.64,79.26000213623047,5.33
2024-05-10,90.1,92.4,2367.300048828125,105.30999755859376,1244.7,78.26000213623047,5.33
2024-05-13,87.5,90.0,2336.10009765625,105.22000122070312,1240.18,79.12000274658203,5.33
2024-05-14,86.0,89.0,2353.39990234375,105.01000213623048,1243.28,78.0199966430664,5.33
2024-05-15,87.7,90.2,2388.699951171875,104.3499984741211,1254.39,78.62999725341797,5.33
2024-05-16,87.5,90.0,2380.0,104.45999908447266,1268.78,79.2300033569336,5.33
2024-05-17,87.5,90.0,2412.199951171875,104.4499969482422,1273.11,80.05999755859375,5.33
2024-05-20,89.0,91.0,2433.89990234375,104.56999969482422,1277.58,79.80000305175781,5.33
2024-05-21,88.7,90.7,2421.699951171875,104.66000366210938,1277.14,79.26000213623047,5.33
2024-05-22,88.9,90.9,2389.199951171875,104.94000244140624,1266.91,77.56999969482422,5.33
2024-05-23,88.0,90.0,2335.0,105.11000061035156,1281.03,76.87000274658203,5.33
2024-05-24,87.5,89.5,2332.5,104.72000122070312,1261.93,77.72000122070312,5.33
2024-05-27,87.9,89.9,2332.5,104.72000122070312,1267.68,77.72000122070312,5.33
2024-05-28,88.5,90.5,2355.199951171875,104.61000061035156,1281.73,79.83000183105469,5.33
2024-05-29,88.3,90.3,2340.300048828125,105.0999984741211,1272.64,79.2300033569336,5.33
2024-05-30,86.3,88.8,2342.89990234375,104.72000122070312,1266.32,77.91000366210938,5.33
2024-05-31,84.0,87.5,2322.89990234375,104.66999816894533,1261.72,76.98999786376953,5.33
2024-06-01,84.0,87.5,2322.89990234375,104.66999816894533,1261.72,76.98999786376953,5.33
2024-06-03,77.98,79.98,2346.60009765625,104.13999938964844,1280.0,74.22000122070312,5.33
2024-06-04,77.48,78.98,2325.5,104.11000061035156,1283.52,73.25,5.33
2024-06-05,76.78,77.98,2354.10009765625,104.2699966430664,1284.35,74.06999969482422,5.33
2024-06-06,74.98,76.98,2370.300048828125,104.0999984741211,1283.56,75.55000305175781,5.33
2024-06-07,74.98,76.98,2305.199951171875,104.88999938964844,1287.58,75.52999877929688,5.33
2024-06-10,74.98,76.98,2307.699951171875,105.1500015258789,1290.67,77.73999786376953,5.33
2024-06-11,74.98,76.98,2307.5,105.2300033569336,1284.41,77.9000015258789,5.33
2024-06-12,74.98,76.98,2336.0,104.6500015258789,1300.19,78.5,5.33
2024-06-13,74.98,76.98,2300.199951171875,105.1999969482422,1301.51,78.62000274658203,5.33
2024-06-14,74.98,76.98,2331.39990234375,105.5500030517578,1279.91,78.44999694824219,5.33
2024-06-17,74.98,76.98,2312.39990234375,105.31999969482422,1274.77,80.33000183105469,5.33
2024-06-18,74.98,76.98,2330.39990234375,105.26000213623048,1279.5,81.56999969482422,5.33
2024-06-19,74.98,76.98,2330.39990234375,105.26000213623048,1279.79,81.56999969482422,5.33
2024-06-20,74.98,76.98,2353.800048828125,105.58999633789062,1282.3,82.16999816894531,5.33
2024-06-21,74.98,76.98,2316.39990234375,105.8000030517578,1282.02,80.7300033569336,5.33
2024-06-24,74.98,76.98,2330.0,105.47000122070312,1254.12,81.62999725341797,5.33
2024-06-25,74.98,76.98,2316.60009765625,105.61000061035156,1256.56,80.83000183105469,5.33
2024-06-26,74.98,76.98,2299.199951171875,106.0500030517578,1261.24,80.9000015258789,5.33
2024-06-27,74.98,76.98,2324.5,105.91000366210938,1259.09,81.73999786376953,5.33
2024-06-28,74.98,76.98,2327.699951171875,105.87000274658205,1245.32,81.54000091552734,5.33
2024-07-01,74.98,76.98,2327.60009765625,105.9000015258789,1254.56,83.37999725341797,5.33
2024-07-02,74.98,76.98,2323.0,105.72000122070312,1269.79,82.80999755859375,5.33
2024-07-03,74.98,76.98,2359.800048828125,105.4000015258789,1276.85,83.87999725341797,5.33
2024-07-04,74.98,76.98,2359.800048828125,105.4000015258789,1279.89,83.87999725341797,5.33
2024-07-05,74.98,76.98,2388.5,104.87999725341795,1283.04,83.16000366210938,5.33
2024-07-08,74.98,76.98,2355.199951171875,105.01000213623048,1283.56,82.33000183105469,5.33
2024-07-09,74.98,76.98,2360.10009765625,105.12000274658205,1293.71,81.41000366210938,5.33
2024-07-10,74.98,76.98,2372.199951171875,105.0500030517578,1285.94,82.0999984741211,5.33
2024-07-11,74.98,76.98,2415.0,104.44000244140624,1283.8,82.62000274658203,5.33
2024-07-12,75.48,76.98,2414.0,104.08999633789062,1280.75,82.20999908447266,5.33
2024-07-15,75.48,76.98,2422.89990234375,104.19000244140624,1279.82,81.91000366210938,5.33
2024-07-16,75.48,76.98,2462.39990234375,104.2699966430664,1281.18,80.76000213623047,5.33
2024-07-17,75.98,76.98,2454.800048828125,103.75,1268.66,82.8499984741211,5.33
2024-07-18,78.5,80.0,2451.800048828125,104.16999816894533,1274.44,82.81999969482422,5.33
2024-07-19,78.5,80.0,2395.5,104.4000015258789,1264.78,80.12999725341797,5.33
2024-07-22,78.0,80.0,2392.0,104.30999755859376,1254.64,79.77999877929688,5.33
2024-07-23,77.5,79.5,2404.60009765625,104.4499969482422,1231.81,76.95999908447266,5.33
2024-07-24,77.5,79.5,2413.300048828125,104.38999938964844,1238.47,77.58999633789062,5.33
2024-07-25,77.5,79.5,2351.89990234375,104.36000061035156,1233.19,78.27999877929688,5.33
2024-07-26,77.5,79.5,2380.0,104.31999969482422,1242.11,77.16000366210938,5.33
2024-07-29,77.5,79.5,2377.300048828125,104.55999755859376,1246.6,75.80999755859375,5.33
2024-07-30,77.0,79.0,2405.0,104.5500030517578,1245.06,74.7300033569336,5.33
2024-07-31,77.0,79.0,2426.5,104.0999984741211,1251.51,77.91000366210938,5.33
2024-08-01,77.8,79.8,2435.0,104.41999816894533,1226.96,76.30999755859375,5.33
2024-08-02,78.3,79.8,2425.699951171875,103.20999908447266,1236.6,73.5199966430664,5.33
2024-08-05,78.3,79.8,2401.699951171875,102.69000244140624,1188.07,72.94000244140625,5.33
2024-08-06,77.0,79.0,2389.10009765625,102.97000122070312,1210.28,73.19999694824219,5.33
2024-08-07,77.0,79.0,2390.5,103.1999969482422,1215.88,75.2300033569336,5.33
2024-08-08,77.0,79.0,2422.199951171875,103.20999908447266,1208.32,76.19000244140625,5.33
2024-08-09,76.5,78.5,2432.10009765625,103.13999938964844,1223.64,76.83999633789062,5.33
2024-08-12,76.5,78.5,2462.39990234375,103.13999938964844,1230.28,80.05999755859375,5.33
2024-08-13,78.0,80.0,2466.699951171875,102.55999755859376,1230.42,78.3499984741211,5.33
2024-08-14,78.0,80.0,2439.39990234375,102.56999969482422,1230.36,76.9800033569336,5.33
2024-08-15,78.0,80.0,2453.10009765625,102.9800033569336,1223.56,78.16000366210938,5.33
2024-08-16,78.0,80.0,2498.60009765625,102.45999908447266,1252.23,76.6500015258789,5.33
2024-08-19,78.0,80.0,2501.800048828125,101.88999938964844,1261.62,74.37000274658203,5.33
2024-08-20,79.0,81.0,2511.300048828125,101.44000244140624,1272.55,74.04000091552734,5.33
2024-08-21,79.0,81.0,2508.39990234375,101.04000091552734,1284.05,71.93000030517578,5.33
2024-08-22,79.0,81.0,2478.89990234375,101.51000213623048,1282.78,73.01000213623047,5.33
2024-08-23,79.0,81.0,2508.39990234375,100.72000122070312,1285.32,74.83000183105469,5.33
2024-08-26,79.0,81.0,2517.699951171875,100.8499984741211,1280.02,77.41999816894531,5.33
2024-08-27,79.0,81.0,2516.0,100.5500030517578,1280.56,75.52999877929688,5.33
2024-08-28,79.0,81.0,2501.0,101.08999633789062,1281.44,74.5199966430664,5.33
2024-08-29,79.0,81.0,2525.699951171875,101.33999633789062,1281.47,75.91000366210938,5.33
2024-08-30,79.0,81.0,2493.800048828125,101.6999969482422,1283.87,73.55000305175781,5.33
2024-09-01,79.0,81.0,2493.800048828125,101.6999969482422,1283.87,73.55000305175781,5.13
2024-09-03,79.0,81.0,2489.89990234375,101.83000183105467,1283.87,70.33999633789062,5.13
2024-09-04,79.0,81.0,2493.39990234375,101.36000061035156,1275.8,69.19999694824219,5.13
2024-09-05,78.5,80.5,2511.39990234375,101.11000061035156,1268.21,69.1500015258789,5.13
2024-09-06,78.5,80.5,2493.5,101.18000030517578,1273.96,67.66999816894531,5.13
2024-09-09,78.5,80.5,2501.800048828125,101.5500030517578,1267.73,68.70999908447266,5.13
2024-09-10,78.5,80.5,2512.300048828125,101.62999725341795,1255.23,65.75,5.13
2024-09-11,78.5,80.5,2512.10009765625,101.68000030517578,1253.27,67.30999755859375,5.13
2024-09-12,78.5,80.5,2551.199951171875,101.37000274658205,1256.35,68.97000122070312,5.13
2024-09-13,78.5,80.5,2581.300048828125,101.11000061035156,1251.71,68.6500015258789,5.13
2024-09-16,78.5,80.5,2580.39990234375,100.76000213623048,1239.26,70.08999633789062,5.13
2024-09-17,80.0,82.0,2564.300048828125,100.88999938964844,1258.95,71.19000244140625,5.13
2024-09-18,80.0,82.0,2570.699951171875,100.5999984741211,1264.9,70.91000366210938,5.13
2024-09-19,79.8,81.8,2588.0,100.61000061035156,1271.27,71.94999694824219,5.13
2024-09-20,80.0,82.0,2619.89990234375,100.72000122070312,1272.04,71.91999816894531,5.13
2024-09-23,80.0,82.0,2626.5,100.91999816894533,1268.48,70.37000274658203,5.13
2024-09-24,81.5,83.5,2651.199951171875,100.37000274658205,1276.99,71.55999755859375,5.13
2024-09-25,81.5,83.5,2659.199951171875,100.91999816894533,1287.48,69.69000244140625,5.13
2024-09-26,81.5,83.5,2669.89990234375,100.55999755859376,1291.49,67.66999816894531,5.13
2024-09-27,81.5,83.5,2644.300048828125,100.41999816894533,1290.92,68.18000030517578,5.13
2024-09-30,81.5,83.5,2636.10009765625,100.77999877929688,1287.94,68.16999816894531,5.13
2024-10-01,82.0,84.0,2667.300048828125,101.19000244140624,1292.2,69.83000183105469,4.83
2024-10-02,82.0,84.0,2647.10009765625,101.68000030517578,1287.84,70.0999984741211,4.83
2024-10-03,82.0,84.0,2657.10009765625,101.98999786376952,1278.1,73.70999908447266,4.83
2024-10-04,82.0,84.0,2645.800048828125,102.5199966430664,1270.6,74.37999725341797,4.83
2024-10-07,82.0,84.0,2644.800048828125,102.54000091552734,1269.93,77.13999938964844,4.83
2024-10-08,83.0,85.0,2615.0,102.5500030517578,1271.98,73.56999969482422,4.83
2024-10-09,83.0,85.0,2606.0,102.93000030517578,1281.85,73.23999786376953,4.83
2024-10-10,82.5,84.5,2620.60009765625,102.98999786376952,1286.36,75.8499984741211,4.83
2024-10-11,82.5,84.5,2657.60009765625,102.88999938964844,1288.39,75.55999755859375,4.83
2024-10-14,83.0,85.0,2647.800048828125,103.3000030517578,1286.34,73.83000183105469,4.83
2024-10-15,83.0,85.0,2661.39990234375,103.26000213623048,1281.08,70.58000183105469,4.83
2024-10-16,84.0,86.0,2674.0,103.58999633789062,1279.48,70.38999938964844,4.83
2024-10-17,84.0,86.0,2691.0,103.83000183105467,1286.52,70.66999816894531,4.83
2024-10-18,84.0,86.0,2713.699951171875,103.48999786376952,1285.46,69.22000122070312,4.83
2024-10-21,86.0,88.0,2723.10009765625,104.01000213623048,1279.77,70.55999755859375,4.83
2024-10-22,87.0,89.0,2744.199951171875,104.08000183105467,1269.89,72.08999633789062,4.83
2024-10-23,87.0,89.0,2714.39990234375,104.43000030517578,1270.9,70.7699966430664,4.83
2024-10-24,87.0,89.0,2734.89990234375,104.05999755859376,1257.41,70.19000244140625,4.83
2024-10-25,87.0,89.0,2740.89990234375,104.26000213623048,1252.72,71.77999877929688,4.83
2024-10-28,87.0,89.0,2742.89990234375,104.31999969482422,1254.77,67.37999725341797,4.83
2024-10-29,87.0,89.0,2768.39990234375,104.27999877929688,1261.78,67.20999908447266,4.83
2024-10-30,88.0,90.0,2788.5,103.98999786376952,1258.63,68.61000061035156,4.83
2024-10-31,88.0,90.0,2738.300048828125,103.9800033569336,1264.48,69.26000213623047,4.83
2024-11-01,87.5,89.5,2738.60009765625,104.27999877929688,1254.89,69.48999786376953,4.64
2024-11-04,87.0,89.0,2736.10009765625,103.88999938964844,1244.71,71.47000122070312,4.64
2024-11-05,87.0,89.0,2740.300048828125,103.41999816894533,1245.76,71.98999786376953,4.64
2024-11-06,87.0,89.0,2667.60009765625,105.08999633789062,1261.28,71.69000244140625,4.64
2024-11-07,81.0,85.5,2698.39990234375,104.51000213623048,1259.75,72.36000061035156,4.64
2024-11-08,82.0,86.0,2687.5,105.0,1252.56,70.37999725341797,4.64
2024-11-11,81.9,85.4,2611.199951171875,105.54000091552734,1250.32,68.04000091552734,4.64
2024-11-12,80.5,84.0,2600.0,106.0199966430664,1244.82,68.12000274658203,4.64
2024-11-13,80.5,84.0,2580.800048828125,106.4800033569336,1246.04,68.43000030517578,4.64
2024-11-14,80.0,83.5,2568.199951171875,106.66999816894533,1231.89,68.69999694824219,4.64
2024-11-15,80.0,83.5,2565.699951171875,106.69000244140624,1218.57,67.0199966430664,4.64
2024-11-18,81.0,84.0,2610.60009765625,106.27999877929688,1217.12,69.16000366210938,4.64
2024-11-19,82.0,85.0,2627.10009765625,106.20999908447266,1205.15,69.38999938964844,4.64
2024-11-20,82.7,85.7,2648.199951171875,106.68000030517578,1216.54,68.87000274658203,4.64
2024-11-21,83.7,86.2,2672.10009765625,106.97000122070312,1228.33,70.0999984741211,4.64
2024-11-22,85.0,87.0,2709.89990234375,107.48999786376952,1228.1,71.23999786376953,4.64
2024-11-25,84.6,86.6,2616.800048828125,106.81999969482422,1234.7,68.94000244140625,4.64
2024-11-26,82.7,85.2,2620.300048828125,107.01000213623048,1242.13,68.7699966430664,4.64
2024-11-27,82.8,85.3,2639.89990234375,106.08000183105467,1241.97,68.72000122070312,4.64
2024-11-28,82.9,85.4,2639.89990234375,106.08000183105467,1242.11,68.72000122070312,4.64
2024-11-29,83.3,85.8,2657.0,105.73999786376952,1250.46,68.0,4.64
2024-12-01,83.3,85.8,2657.0,105.73999786376952,1250.46,68.0,4.48
2024-12-02,82.8,85.3,2634.89990234375,106.4499969482422,1251.21,68.0999984741211,4.48
2024-12-03,83.0,85.5,2644.699951171875,106.37000274658205,1249.83,69.94000244140625,4.48
2024-12-04,83.0,85.5,2653.800048828125,106.33999633789062,1240.41,68.54000091552734,4.48
2024-12-05,83.0,85.5,2626.60009765625,105.70999908447266,1267.53,68.30000305175781,4.48
2024-12-06,82.7,85.2,2638.60009765625,105.97000122070312,1270.14,67.19999694824219,4.48
2024-12-09,82.7,85.2,2664.89990234375,106.1500015258789,1273.84,68.37000274658203,4.48
2024-12-10,82.7,85.2,2697.60009765625,106.4000015258789,1272.07,68.58999633789062,4.48
2024-12-11,84.4,86.9,2733.800048828125,106.70999908447266,1268.86,70.29000091552734,4.48
2024-12-12,84.8,87.3,2687.5,106.95999908447266,1267.35,70.0199966430664,4.48
2024-12-13,83.8,86.3,2656.0,107.0,1262.57,71.29000091552734,4.48
2024-12-16,82.6,85.1,2651.39990234375,106.86000061035156,1263.79,70.70999908447266,4.48
2024-12-17,82.6,85.1,2644.39990234375,106.95999908447266,1261.72,70.08000183105469,4.48
2024-12-18,83.1,85.1,2636.5,108.02999877929688,1266.0,70.58000183105469,4.48
2024-12-19,82.1,84.1,2592.199951171875,108.41000366210938,1254.67,69.91000366210938,4.48
2024-12-20,81.8,83.8,2628.699951171875,107.62000274658205,1257.5,69.45999908447266,4.48
2024-12-23,82.5,84.5,2612.300048828125,108.04000091552734,1262.76,69.23999786376953,4.48
2024-12-24,82.3,84.3,2620.0,108.26000213623048,1260.36,70.0999984741211,4.48
2024-12-25,82.3,84.3,2620.0,108.26000213623048,1274.04,70.0999984741211,4.48
2024-12-26,82.5,84.5,2638.800048828125,108.12999725341795,1272.87,69.62000274658203,4.48
2024-12-27,82.7,84.7,2617.199951171875,108.0,1275.14,70.5999984741211,4.48
2024-12-30,82.5,84.5,2606.10009765625,108.12999725341795,1272.02,70.98999786376953,4.48
2024-12-31,82.2,84.2,2629.199951171875,108.48999786376952,1266.78,71.72000122070312,4.48
2025-01-01,82.2,84.2,2629.199951171875,108.48999786376952,1266.78,71.72000122070312,4.33
2025-01-02,83.5,85.0,2658.89990234375,109.38999938964844,1269.71,73.12999725341797,4.33
2025-01-03,84.0,85.5,2645.0,108.9499969482422,1254.59,73.95999908447266,4.33
2025-01-06,83.5,85.0,2638.39990234375,108.26000213623048,1246.35,73.55999755859375,4.33
2025-01-07,83.8,85.3,2656.699951171875,108.54000091552734,1246.95,74.25,4.33
2025-01-08,84.0,85.5,2664.5,109.08999633789062,1251.02,73.31999969482422,4.33
2025-01-09,84.5,86.0,2683.800048828125,109.18000030517578,1245.77,73.91999816894531,4.33
2025-01-10,84.7,86.2,2708.5,109.6500015258789,1230.48,76.56999969482422,4.33
2025-01-13,84.8,86.8,2673.5,109.95999908447266,1235.65,78.81999969482422,4.33
2025-01-14,84.4,86.4,2677.5,109.2699966430664,1229.07,77.5,4.33
2025-01-15,84.6,86.6,2712.5,109.08999633789062,1236.18,80.04000091552734,4.33
2025-01-16,85.0,87.0,2746.39990234375,108.95999908447266,1242.36,78.68000030517578,4.33
2025-01-17,85.3,87.3,2744.300048828125,109.3499984741211,1249.11,77.87999725341797,4.33
2025-01-20,84.9,86.9,2744.300048828125,109.3499984741211,1249.55,77.87999725341797,4.33
2025-01-21,85.5,87.5,2755.0,108.05999755859376,1246.09,75.88999938964844,4.33
2025-01-22,86.2,88.2,2767.60009765625,108.16999816894533,1242.53,75.44000244140625,4.33
2025-01-23,86.1,88.1,2763.10009765625,108.0500030517578,1259.63,74.62000274658203,4.33
2025-01-24,86.9,88.9,2777.300048828125,107.44000244140624,1265.05,74.66000366210938,4.33
2025-01-27,86.9,88.9,2737.5,107.33999633789062,1265.05,73.16999816894531,4.33
2025-01-28,86.9,88.9,2766.800048828125,107.87000274658205,1265.05,73.7699966430664,4.33
2025-01-29,86.9,88.9,2769.10009765625,108.0,1265.05,72.62000274658203,4.33
2025-01-30,86.9,88.9,2823.0,107.8000030517578,1265.05,72.7300033569336,4.33
2025-01-31,86.9,88.9,2812.5,108.37000274658205,1265.05,72.52999877929688,4.33
2025-02-01,86.9,88.9,2812.5,108.37000274658205,1265.05,72.52999877929688,4.33
2025-02-03,87.8,89.8,2833.89990234375,108.98999786376952,1253.03,73.16000366210938,4.33
2025-02-04,87.6,90.1,2853.300048828125,107.95999908447266,1264.68,72.69999694824219,4.33
2025-02-05,88.0,91.0,2871.60009765625,107.58000183105467,1269.61,71.02999877929688,4.33
2025-02-06,86.4,89.6,2856.0,107.69000244140624,1271.48,70.61000061035156,4.33
2025-02-07,86.8,90.3,2867.300048828125,108.04000091552734,1275.2,71.0,4.33
2025-02-10,88.3,91.3,2914.300048828125,108.31999969482422,1263.26,72.31999969482422,4.33
2025-02-11,88.0,90.5,2912.5,107.95999908447266,1268.45,73.31999969482422,4.33
2025-02-12,86.7,90.2,2909.0,107.94000244140624,1266.91,71.37000274658203,4.33
2025-02-13,87.7,90.7,2925.89990234375,107.30999755859376,1270.35,71.29000091552734,4.33
2025-02-14,88.3,91.3,2883.60009765625,106.56999969482422,1276.08,70.73999786376953,4.33
2025-02-17,87.6,90.6,2883.60009765625,106.56999969482422,1272.72,70.73999786376953,4.33
2025-02-18,88.6,91.1,2931.60009765625,107.0500030517578,1278.14,71.8499984741211,4.33
2025-02-19,89.6,91.9,2919.39990234375,107.16999816894533,1288.56,72.25,4.33
2025-02-20,90.0,92.3,2940.0,106.33999633789062,1292.98,72.56999969482422,4.33
2025-02-21,89.4,91.7,2937.60009765625,106.61000061035156,1296.75,70.4000015258789,4.33
2025-02-24,89.7,92.0,2947.89990234375,106.5999984741211,1304.56,70.69999694824219,4.33
2025-02-25,89.7,92.0,2904.5,106.30999755859376,1303.16,68.93000030517578,4.33
2025-02-26,89.0,91.3,2916.800048828125,106.41999816894533,1302.96,68.62000274658203,4.33
2025-02-27,88.9,91.2,2883.199951171875,107.23999786376952,1307.8,70.3499984741211,4.33
2025-02-28,88.5,90.5,2836.800048828125,107.61000061035156,1305.36,69.76000213623047,4.33
2025-03-01,88.5,90.5,2836.800048828125,107.61000061035156,1305.36,69.76000213623047,4.33
2025-03-03,89.0,91.0,2890.199951171875,106.75,1309.37,68.37000274658203,4.33
2025-03-04,90.7,92.7,2909.60009765625,105.73999786376952,1311.91,68.26000213623047,4.33
2025-03-05,90.7,92.7,2915.300048828125,105.73999786376952,1304.71,66.30999755859375,4.33
2025-03-06,90.7,92.7,2916.60009765625,104.05999755859376,1318.22,66.36000061035156,4.33
2025-03-07,91.1,93.1,2904.699951171875,103.83999633789062,1326.05,67.04000091552734,4.33
2025-03-10,90.9,92.9,2891.0,103.91000366210938,1330.28,66.02999877929688,4.33
2025-03-11,91.0,93.0,2912.89990234375,103.44000244140624,1332.54,66.25,4.33
2025-03-12,91.8,93.5,2939.10009765625,103.61000061035156,1334.41,67.68000030517578,4.33
2025-03-13,92.9,94.4,2984.300048828125,103.83000183105467,1326.27,66.55000305175781,4.33
2025-03-14,94.3,95.8,2994.5,103.72000122070312,1326.15,67.18000030517578,4.33
2025-03-17,94.8,96.1,3000.0,103.37000274658205,1336.26,67.58000183105469,4.33
2025-03-18,96.7,98.2,3035.10009765625,103.23999786376952,1330.97,66.9000015258789,4.33
2025-03-19,98.0,99.5,3035.89990234375,103.43000030517578,1324.63,67.16000366210938,4.33
2025-03-20,98.6,100.4,3040.0,103.8499984741211,1323.93,68.26000213623047,4.33
2025-03-21,94.7,97.7,3018.199951171875,104.08999633789062,1321.88,68.27999877929688,4.33
2025-03-24,95.1,97.6,3013.10009765625,104.26000213623048,1330.32,69.11000061035156,4.33
2025-03-25,95.9,97.9,3023.699951171875,104.18000030517578,1331.92,69.0,4.33
2025-03-26,96.7,98.4,3020.89990234375,104.5500030517578,1326.09,69.6500015258789,4.33
2025-03-27,97.4,98.9,3060.199951171875,104.06999969482422,1323.81,69.91999816894531,4.33
2025-03-28,98.2,100.2,3086.5,104.04000091552734,1317.46,69.36000061035156,4.33
2025-03-31,99.5,101.8,3122.800048828125,104.20999908447266,1306.86,71.4800033569336,4.33
2025-04-01,99.4,102.1,3118.89990234375,104.26000213623048,1317.33,71.19999694824219,4.33
2025-04-02,99.1,101.8,3139.89990234375,103.80999755859376,1317.83,71.70999908447266,4.33
2025-04-03,99.5,102.2,3097.0,102.06999969482422,1229.84,66.94999694824219,4.33
2025-04-04,98.8,101.3,3012.0,103.0199966430664,1210.67,61.9900016784668,4.33
2025-04-07,98.8,101.3,2951.300048828125,103.26000213623048,1210.67,60.70000076293945,4.33
2025-04-08,97.7,100.2,2968.39990234375,102.95999908447266,1132.79,59.58000183105469,4.33
2025-04-09,99.7,101.9,3056.5,102.9000015258789,1094.3,62.34999847412109,4.33
2025-04-10,100.6,103.6,3155.199951171875,100.87000274658205,1168.34,60.06999969482422,4.33
2025-04-11,102.2,105.2,3222.199951171875,99.77999877929688,1222.46,61.5,4.33
2025-04-14,105.0,107.5,3204.800048828125,99.63999938964844,1241.44,61.52999877929688,4.33
2025-04-15,105.5,108.0,3218.699951171875,100.22000122070312,1227.79,61.33000183105469,4.33
2025-04-16,113.0,115.5,3326.60009765625,99.37999725341795,1210.3,62.470001220703125,4.33
2025-04-17,115.5,118.0,3308.699951171875,99.37999725341795,1217.25,64.68000030517578,4.33
2025-04-18,117.0,120.0,3308.699951171875,99.37999725341795,1219.12,64.68000030517578,4.33
2025-04-21,116.0,118.0,3406.199951171875,98.27999877929688,1207.07,63.08000183105469,4.33
2025-04-22,122.0,124.0,3400.800048828125,98.91999816894533,1197.13,64.30999755859375,4.33
2025-04-23,116.5,119.5,3276.300048828125,99.83999633789062,1211.0,62.27000045776367,4.33
2025-04-24,118.5,121.0,3332.0,99.29000091552734,1223.35,62.790000915527344,4.33
2025-04-25,118.5,120.5,3282.39990234375,99.47000122070312,1229.23,63.02000045776367,4.33
2025-04-28,117.5,119.5,3332.5,99.01000213623048,1226.8,62.04999923706055,4.33
2025-04-29,119.3,121.3,3318.800048828125,99.23999786376952,1226.3,60.41999816894531,4.33
2025-04-30,119.3,121.3,3305.0,99.47000122070312,1226.3,58.209999084472656,4.33
2025-05-01,119.3,121.3,3210.0,100.25,1226.3,59.2400016784668,4.33
2025-05-02,119.3,121.3,3231.89990234375,100.0,1226.3,58.290000915527344,4.33
2025-05-05,117.8,119.8,3311.300048828125,99.83000183105467,1240.05,57.130001068115234,4.33
2025-05-06,120.2,122.2,3411.39990234375,99.23999786376952,1241.95,59.09000015258789,4.33
2025-05-07,120.2,122.2,3381.39990234375,99.61000061035156,1250.37,58.06999969482422,4.33
2025-05-08,118.5,120.5,3296.60009765625,100.63999938964844,1269.8,59.90999984741211,4.33
2025-05-09,119.5,121.5,3335.39990234375,100.33999633789062,1267.3,61.02000045776367,4.33
2025-05-12,117.2,119.2,3220.0,101.79000091552734,1283.26,61.95000076293945,4.33
2025-05-13,118.5,120.5,3240.300048828125,101.0,1293.43,63.66999816894531,4.33
2025-05-14,118.0,120.0,3181.39990234375,101.04000091552734,1309.73,63.150001525878906,4.33
2025-05-15,115.5,118.2,3220.699951171875,100.87999725341795,1313.2,61.619998931884766,4.33
2025-05-16,115.7,118.7,3182.0,101.08999633789062,1301.39,62.4900016784668,4.33
2025-05-19,116.8,119.3,3228.89990234375,100.43000030517578,1296.29,62.68999862670898,4.33
2025-05-20,116.8,119.3,3280.300048828125,100.12000274658205,1315.15,62.560001373291016,4.33
2025-05-21,118.5,121.0,3309.300048828125,99.55999755859376,1323.05,61.56999969482422,4.33
2025-05-22,118.5,120.5,3292.300048828125,99.95999908447266,1313.84,61.20000076293945,4.33
2025-05-23,118.5,120.5,3363.60009765625,99.11000061035156,1314.46,61.52999877929688,4.33
2025-05-26,116.5,119.0,3363.60009765625,98.93000030517578,1332.51,61.52999877929688,4.33
2025-05-27,115.5,118.0,3299.10009765625,99.5199966430664,1339.81,60.88999938964844,4.33
2025-05-28,116.2,118.7,3293.60009765625,99.87999725341795,1341.87,61.84000015258789,4.33
2025-05-29,115.5,118.0,3317.10009765625,99.27999877929688,1341.86,60.93999862670898,4.33
2025-05-30,116.0,118.5,3288.89990234375,99.33000183105467,1332.6,60.790000915527344,4.33
2025-06-01,116.0,118.5,3288.89990234375,99.33000183105467,1332.6,60.790000915527344,4.33
2025-06-02,115.8,117.8,3370.60009765625,98.6999969482422,1336.3,62.52000045776367,4.33
2025-06-03,114.9,117.2,3350.199951171875,99.25,1347.25,63.40999984741211,4.33
2025-06-04,114.9,117.2,3373.5,98.79000091552734,1345.74,62.84999847412109,4.33
2025-06-05,115.4,117.7,3350.699951171875,98.73999786376952,1342.09,63.369998931884766,4.33
2025-06-06,116.0,118.0,3322.699951171875,99.19000244140624,1329.89,64.58000183105469,4.33
2025-06-09,115.7,117.7,3332.10009765625,98.94000244140624,1310.57,65.29000091552734,4.33
2025-06-10,116.5,118.5,3320.89990234375,99.0500030517578,1316.23,64.9800033569336,4.33
2025-06-11,116.8,118.8,3321.300048828125,98.62999725341795,1315.2,68.1500015258789,4.33
2025-06-12,117.0,119.0,3380.89990234375,97.91999816894533,1322.99,68.04000091552734,4.33
2025-06-13,117.5,120.0,3431.199951171875,98.18000030517578,1315.49,72.9800033569336,4.33
2025-06-16,117.6,119.6,3396.39990234375,98.0,1338.11,71.7699966430664,4.33
2025-06-17,117.6,119.6,3386.60009765625,98.81999969482422,1347.69,74.83999633789062,4.33
2025-06-18,117.6,119.6,3389.800048828125,98.91000366210938,1346.83,75.13999938964844,4.33
2025-06-19,117.4,119.4,3389.800048828125,98.91000366210938,1352.04,75.13999938964844,4.33
2025-06-20,117.4,119.4,3368.10009765625,98.70999908447266,1349.35,74.93000030517578,4.33
2025-06-23,117.7,119.7,3377.699951171875,98.41999816894533,1358.18,68.51000213623047,4.33
2025-06-24,117.5,119.5,3317.39990234375,97.86000061035156,1366.77,64.37000274658203,4.33
2025-06-25,117.5,119.5,3327.10009765625,97.68000030517578,1366.75,64.91999816894531,4.33
2025-06-26,118.0,120.0,3333.5,97.1500015258789,1365.67,65.23999786376953,4.33
2025-06-27,117.7,119.7,3273.699951171875,97.4000015258789,1371.44,65.5199966430664,4.33
2025-06-30,117.5,119.5,3294.39990234375,96.87999725341795,1376.07,65.11000061035156,4.33
2025-07-01,118.7,120.7,3336.699951171875,96.81999969482422,1377.84,65.44999694824219,4.33
2025-07-02,118.7,120.7,3348.0,96.77999877929688,1384.59,67.44999694824219,4.33
2025-07-03,119.3,121.3,3331.60009765625,97.18000030517578,1381.96,67.0,4.33
2025-07-04,118.9,120.9,3332.5,97.18000030517578,1386.97,66.5,4.33
2025-07-07,118.5,120.5,3332.199951171875,97.4800033569336,1402.06,67.93000030517578,4.33
2025-07-08,119.0,121.0,3307.0,97.51000213623048,1415.46,68.33000183105469,4.33
2025-07-09,118.6,120.6,3311.60009765625,97.47000122070312,1431.32,68.37999725341797,4.33
2025-07-10,118.8,120.8,3317.39990234375,97.6500015258789,1445.64,66.56999969482422,4.33
2025-07-11,119.0,121.0,3356.0,97.8499984741211,1457.76,68.44999694824219,4.33
2025-07-14,119.0,121.0,3351.5,98.08000183105467,1470.42,66.9800033569336,4.33
2025-07-15,119.1,121.1,3329.800048828125,98.62000274658205,1460.65,66.5199966430664,4.33
2025-07-16,118.6,120.6,3352.5,98.38999938964844,1475.47,66.37999725341797,4.33
2025-07-17,118.6,120.6,3340.10009765625,98.7300033569336,1490.01,67.54000091552734,4.33
2025-07-18,119.5,121.0,3353.0,98.4800033569336,1497.28,67.33999633789062,4.33
2025-07-21,120.0,121.5,3401.89990234375,97.8499984741211,1485.05,67.19999694824219,4.33
2025-07-22,120.0,122.0,3439.199951171875,97.38999938964844,1509.54,66.20999908447266,4.33
2025-07-23,120.7,122.7,3394.10009765625,97.20999908447266,1512.31,65.25,4.33
2025-07-24,119.7,121.7,3371.0,97.37999725341795,1521.02,66.02999877929688,4.33
2025-07-25,119.7,121.7,3334.0,97.6500015258789,1531.13,65.16000366210938,4.33
2025-07-28,119.7,121.7,3309.10009765625,98.66000366210938,1557.42,66.70999908447266,4.33
2025-07-29,119.7,121.2,3323.39990234375,98.91000366210938,1493.41,69.20999908447266,4.33
2025-07-30,120.0,121.5,3295.800048828125,99.94000244140624,1507.63,70.0,4.33
2025-07-31,119.9,121.4,3293.199951171875,100.02999877929688,1502.52,69.26000213623047,4.33
2025-08-01,119.9,121.4,3347.699951171875,98.69000244140624,1495.21,67.33000183105469,4.33
2025-08-04,121.7,123.3,3374.39990234375,98.77999877929688,1528.19,66.29000091552734,4.33
2025-08-05,122.2,123.8,3381.89990234375,98.77999877929688,1547.15,65.16000366210938,4.33
2025-08-06,122.4,123.8,3380.0,98.18000030517578,1573.71,64.3499984741211,4.33
2025-08-07,122.4,123.8,3400.300048828125,98.4000015258789,1581.81,63.880001068115234,4.33
2025-08-08,123.2,124.4,3439.10009765625,98.18000030517578,1584.95,63.880001068115234,4.33
2025-08-11,122.7,123.9,3353.10009765625,98.5199966430664,1596.86,63.959999084472656,4.33
2025-08-12,122.7,123.9,3348.89990234375,98.0999984741211,1608.22,63.16999816894531,4.33
2025-08-13,122.7,123.9,3358.699951171875,97.83999633789062,1611.6,62.650001525878906,4.33
2025-08-14,123.7,124.7,3335.199951171875,98.25,1640.69,63.959999084472656,4.33
2025-08-15,123.5,124.5,3336.0,97.8499984741211,1630.0,62.79999923706055,4.33
2025-08-18,124.0,125.0,3331.699951171875,98.16999816894533,1636.37,63.41999816894531,4.33
2025-08-19,124.0,125.0,3313.39990234375,98.2699966430664,1654.2,62.34999847412109,4.33
2025-08-20,123.8,124.8,3343.39990234375,98.22000122070312,1664.36,63.209999084472656,4.33
2025-08-21,124.4,125.4,3336.89990234375,98.62000274658205,1688.0,63.52000045776367,4.33
2025-08-22,124.4,125.4,3374.39990234375,97.72000122070312,1645.47,63.65999984741211,4.33
2025-08-25,125.6,127.1,3373.800048828125,98.43000030517578,1614.03,64.80000305175781,4.33
2025-08-26,125.7,127.7,3388.60009765625,98.2300033569336,1667.63,63.25,4.33
2025-08-27,126.0,128.0,3404.60009765625,98.2300033569336,1672.78,64.1500015258789,4.33
2025-08-28,127.0,128.5,3431.800048828125,97.80999755859376,1680.86,64.5999984741211,4.33
2025-08-29,127.8,129.3,3473.699951171875,97.7699966430664,1682.21,64.01000213623047,4.33
2025-09-01,127.8,129.3,3473.699951171875,97.7699966430664,1682.21,64.01000213623047,4.22
2025-09-02,127.8,129.3,3549.39990234375,98.4000015258789,1682.21,65.58999633789062,4.22
2025-09-03,131.9,133.4,3593.199951171875,98.13999938964844,1681.3,63.970001220703125,4.22
2025-09-04,132.4,133.9,3565.800048828125,98.3499984741211,1696.29,63.47999954223633,4.22
2025-09-05,132.9,134.4,3613.199951171875,97.7699966430664,1666.97,61.869998931884766,4.22
2025-09-08,133.1,135.1,3638.10009765625,97.4499969482422,1624.53,62.2599983215332,4.22
2025-09-09,133.8,135.8,3643.300048828125,97.79000091552734,1637.32,62.630001068115234,4.22
2025-09-10,133.3,135.3,3643.60009765625,97.77999877929688,1643.26,63.66999816894531,4.22
2025-09-11,130.3,133.3,3636.89990234375,97.54000091552734,1657.75,62.369998931884766,4.22
2025-09-12,128.4,131.4,3649.39990234375,97.5500030517578,1667.26,62.68999862670898,4.22
2025-09-15,128.6,131.1,3682.199951171875,97.3000030517578,1684.9,63.29999923706055,4.22
2025-09-16,130.3,132.3,3688.89990234375,96.62999725341795,1680.9,64.5199966430664,4.22
2025-09-17,130.3,132.3,3681.800048828125,96.87000274658205,1670.97,64.05000305175781,4.22
2025-09-18,130.0,132.0,3643.699951171875,97.3499984741211,1665.18,63.56999969482422,4.22
2025-09-19,130.0,132.0,3671.5,97.63999938964844,1658.62,62.68000030517578,4.22
2025-09-22,131.6,133.6,3740.699951171875,97.33000183105467,1634.45,62.63999938964844,4.22
2025-09-23,133.0,135.0,3780.60009765625,97.26000213623048,1635.26,63.40999984741211,4.22
2025-09-24,133.1,135.1,3732.10009765625,97.87000274658205,1657.46,64.98999786376953,4.22
2025-09-25,132.5,134.5,3736.89990234375,98.5500030517578,1666.09,64.9800033569336,4.22
2025-09-26,132.5,134.5,3775.300048828125,98.1500015258789,1660.7,65.72000122070312,4.22
2025-09-29,134.5,136.5,3820.89990234375,97.91000366210938,1666.48,63.45000076293945,4.22
2025-09-30,134.8,136.8,3840.800048828125,97.7699966430664,1661.7,62.369998931884766,4.22
2025-10-01,136.4,138.4,3867.5,97.70999908447266,1665.05,61.77999877929688,4.09
2025-10-02,136.0,138.0,3839.699951171875,97.8499984741211,1652.71,60.47999954223633,4.09
2025-10-03,135.8,137.8,3880.800048828125,97.72000122070312,1645.82,60.880001068115234,4.09
2025-10-06,138.1,140.1,3948.5,98.11000061035156,1695.5,61.68999862670898,4.09
2025-10-07,138.6,140.6,3976.60009765625,98.58000183105467,1685.3,61.72999954223633,4.09
2025-10-08,140.5,142.5,4043.300048828125,98.8499984741211,1697.83,62.54999923706055,4.09
2025-10-09,140.5,142.5,3946.300048828125,99.54000091552734,1716.47,61.5099983215332,4.09
2025-10-10,140.2,142.2,3975.89990234375,98.9800033569336,1747.55,58.900001525878906,4.09
2025-10-13,142.1,144.1,4108.60009765625,99.2699966430664,1765.12,59.4900016784668,4.09
2025-10-14,144.1,146.1,4138.7001953125,99.0500030517578,1761.06,58.70000076293945,4.09
2025-10-15,146.0,148.0,4176.89990234375,98.79000091552734,1757.95,58.27000045776367,4.09
2025-10-16,147.1,149.1,4280.2001953125,98.38999938964844,1766.85,57.459999084472656,4.09
2025-10-17,151.5,153.0,4189.89990234375,98.43000030517578,1731.19,57.540000915527344,4.09
2025-10-20,150.5,151.5,4336.39990234375,98.58999633789062,1636.43,57.52000045776367,4.09
2025-10-21,151.5,152.5,4087.699951171875,98.93000030517578,1663.43,57.81999969482422,4.09
2025-10-22,146.6,148.6,4044.39990234375,98.9000015258789,1678.5,58.5,4.09
2025-10-23,147.5,149.5,4125.5,98.94000244140624,1687.06,61.790000915527344,4.09
2025-10-24,146.5,148.5,4118.39990234375,98.9499969482422,1683.18,61.5,4.09
2025-10-27,146.9,148.4,4001.89990234375,98.77999877929688,1652.54,61.310001373291016,4.09
2025-10-28,143.1,145.1,3966.199951171875,98.69000244140624,1680.5,60.150001525878906,4.09
2025-10-29,146.1,148.1,3983.699951171875,99.22000122070312,1685.83,60.47999954223633,4.09
2025-10-30,145.8,147.8,4001.300048828125,99.52999877929688,1669.57,60.56999969482422,4.09
2025-10-31,145.8,147.8,3982.199951171875,99.8000030517578,1639.65,60.97999954223633,4.09
2025-11-01,145.8,147.8,3982.199951171875,99.8000030517578,1639.65,60.97999954223633,3.88
2025-11-03,145.8,147.8,4000.300048828125,99.87000274658205,1617.0,61.04999923706055,3.88
2025-11-04,146.2,148.2,3947.699951171875,100.22000122070312,1651.98,60.560001373291016,3.88
2025-11-05,145.5,147.5,3980.300048828125,100.1999969482422,1654.89,59.59999847412109,3.88
2025-11-06,146.4,148.4,3979.89990234375,99.7300033569336,1642.64,59.43000030517578,3.88
2025-11-07,146.4,148.4,3999.39990234375,99.5999984741211,1599.1,59.75,3.88
2025-11-10,148.2,150.2,4111.7998046875,99.62000274658205,1580.54,60.130001068115234,3.88
2025-11-11,150.0,152.0,4106.7998046875,99.45999908447266,1593.61,61.040000915527344,3.88
2025-11-12,149.5,151.5,4204.39990234375,99.4800033569336,1631.86,58.4900016784668,3.88
2025-11-13,152.5,154.5,4186.89990234375,99.18000030517578,1631.44,58.68999862670898,3.88
2025-11-14,151.2,153.2,4087.60009765625,99.2699966430664,1635.46,60.09000015258789,3.88
2025-11-17,149.0,151.0,4068.300048828125,99.58999633789062,1654.42,59.90999984741211,3.88
2025-11-18,147.3,149.3,4061.300048828125,99.5500030517578,1659.92,60.7400016784668,3.88
2025-11-19,149.0,151.0,4077.699951171875,100.2300033569336,1649.0,59.43999862670898,3.88
2025-11-20,148.3,150.3,4056.5,100.16000366210938,1655.99,59.13999938964844,3.88
2025-11-21,147.8,149.8,4076.699951171875,100.18000030517578,1654.93,58.060001373291016,3.88
2025-11-24,147.8,149.8,4091.89990234375,100.13999938964844,1667.98,58.84000015258789,3.88
2025-11-25,150.9,152.9,4139.2001953125,99.66000366210938,1660.36,57.95000076293945,3.88
2025-11-26,151.4,153.4,4165.2001953125,99.5999984741211,1680.36,58.650001525878906,3.88
2025-11-27,151.4,153.4,4165.2001953125,99.5999984741211,1684.32,58.650001525878906,3.88
2025-11-28,152.2,154.2,4218.2998046875,99.45999908447266,1690.99,58.54999923706055,3.88
2025-12-01,153.2,155.2,4239.2998046875,99.41000366210938,1701.67,59.31999969482422,3.72
2025-12-02,152.5,154.5,4186.60009765625,99.36000061035156,1717.06,58.63999938964844,3.72
2025-12-03,152.5,154.5,4199.2998046875,98.8499984741211,1731.77,58.95000076293945,3.72
2025-12-04,151.8,153.8,4211.7998046875,98.98999786376952,1737.24,59.66999816894531,3.72
2025-12-05,152.2,154.2,4212.89990234375,98.98999786376952,1741.32,60.08000183105469,3.72
2025-12-08,152.5,154.5,4187.2001953125,99.08999633789062,1753.74,58.880001068115234,3.72
2025-12-09,151.7,153.7,4206.7001953125,99.22000122070312,1747.17,58.25,3.72
2025-12-10,152.7,154.7,4196.39990234375,98.79000091552734,1718.98,58.459999084472656,3.72
2025-12-11,152.5,154.5,4285.5,98.3499984741211,1698.9,57.59999847412109,3.72
2025-12-12,153.6,155.6,4300.10009765625,98.4000015258789,1646.89,57.43999862670898,3.72
2025-12-15,155.2,157.2,4306.7001953125,98.1500015258789,1646.01,56.81999969482422,3.72
2025-12-16,153.6,155.6,4304.5,98.1500015258789,1679.18,55.27000045776367,3.72
2025-12-17,154.2,156.2,4347.5,98.37000274658205,1673.66,55.93999862670898,3.72
2025-12-18,154.4,156.4,4339.5,98.43000030517578,1676.98,56.150001525878906,3.72
2025-12-19,154.4,156.4,4361.39990234375,98.5999984741211,1704.31,56.65999984741211,3.72
2025-12-22,155.5,157.5,4444.60009765625,98.29000091552734,1751.03,58.0099983215332,3.72
2025-12-23,156.0,158.0,4449.59208984375,97.94000244140624,1772.15,58.380001068115234,3.72
2025-12-24,156.0,158.0,4449.59208984375,97.9800033569336,1782.82,58.34999847412109,3.72
2025-12-25,156.0,158.0,4449.59208984375,97.9800033569336,1742.85,58.34999847412109,3.72
2025-12-26,156.0,158.0,4449.59208984375,98.0199966430664,1729.8,56.7400016784668,3.72
2025-12-29,156.0,158.0,4325.10009765625,98.04000091552734,1754.84,58.08000183105469,3.72
2025-12-30,152.7,154.7,4370.10009765625,98.23999786376952,1766.9,57.95000076293945,3.72
2025-12-31,150.8,152.8,4325.60009765625,98.27999877929688,1784.0391,57.41999816894531,3.72
2026-01-02,150.8,152.8,4314.39990234375,98.41999816894533,1784.0391,57.31999969482422,3.72
2026-01-05,155.1,157.1,4436.89990234375,98.2699966430664,1784.0391,58.31999969482422,3.72
2026-01-06,156.0,158.0,4449.59208984375,98.58000183105467,1784.0391,57.130001068115234,3.72
2026-01-07,156.0,158.0,4449.2998046875,98.68000030517578,1784.0391,55.9900016784668,3.72
2026-01-08,155.2,157.2,4449.59208984375,98.93000030517578,1784.0391,57.7599983215332,3.72
2026-01-09,156.0,158.0,4449.59208984375,99.12999725341795,1784.0391,59.119998931884766,3.72
2026-01-12,156.0,158.0,4449.59208984375,98.86000061035156,1784.0391,59.5,3.72
2026-01-13,156.0,158.0,4449.59208984375,99.12999725341795,1784.0391,61.150001525878906,3.72
2026-01-14,156.0,158.0,4449.59208984375,99.12999725341795,1784.0391,62.02000045776367,3.72
2026-01-15,156.0,158.0,4449.59208984375,99.31999969482422,1784.0391,59.18999862670898,3.72
2026-01-16,156.0,158.0,4449.59208984375,99.38999938964844,1784.0391,59.43999862670898,3.72
2026-01-19,156.0,158.0,4449.59208984375,99.38999938964844,1784.0391,59.43999862670898,3.72
2026-01-20,156.0,158.0,4449.59208984375,98.63999938964844,1784.0391,60.34000015258789,3.72
2026-01-21,156.0,158.0,4449.59208984375,98.76000213623048,1784.0391,60.619998931884766,3.72
2026-01-22,156.0,158.0,4449.59208984375,98.36000061035156,1784.0391,59.36000061035156,3.72
2026-01-23,156.0,158.0,4449.59208984375,97.5999984741211,1784.0391,61.06999969482422,3.72
2026-01-26,156.0,158.0,4449.59208984375,97.04000091552734,1784.0391,60.630001068115234,3.72
2026-01-27,156.0,158.0,4449.59208984375,96.22000122070312,1784.0391,62.38999938964844,3.72
2026-01-28,156.0,158.0,4449.59208984375,96.4499969482422,1784.0391,63.209999084472656,3.72
2026-01-29,156.0,158.0,4449.59208984375,96.27999877929688,1784.0391,65.41999816894531,3.72
2026-01-30,156.0,158.0,4449.59208984375,96.98999786376952,1784.0391,65.20999908447266,3.72
