Date,SJC_mua_vao,SJC_ban_ra,Gold_Close,USD_Index_Close,VN_Index_Close,Oil_Close,Interest_Rate,SJC_ban_ra_lag1,SJC_ban_ra_lag3,SJC_ban_ra_lag5,Gold_Close_lag1,Gold_Close_lag3,Gold_Close_lag5,SJC_return,Gold_return,SJC_ban_ra_sma10,SJC_ban_ra_sma30,SJC_ban_ra_rsi14,target
2018-02-12 00:00:00+00:00,36.82,37.04,1324.199951171875,90.20999908447266,1041.79,59.290000915527344,1.42,36.78,36.87,36.84,1313.0999755859375,1311.5999755859375,1333.0,0.007069059271343159,0.008453260065734547,36.870999999999995,36.838,55.97014925373126,37.12
2018-02-13 00:00:00+00:00,36.92,37.12,1328.0999755859375,89.69999694824219,1059.73,59.18999862670898,1.42,37.04,36.7,36.92,1324.199951171875,1316.9000244140625,1326.0999755859375,0.002159827213822796,0.002945192990387202,36.894,36.85033333333333,55.303030303030354,37.12
2018-02-14 00:00:00+00:00,36.92,37.12,1355.5,89.5980980682373,1059.73,60.59999847412109,1.42,37.12,36.78,36.87,1328.0999755859375,1313.0999755859375,1311.5999755859375,0.0,0.02063099534504098,36.918,36.86433333333333,48.24561403508775,37.12
2018-02-15 00:00:00+00:00,36.92,37.12,1352.0999755859375,89.5980980682373,1059.73,61.34000015258789,1.42,37.12,37.04,36.7,1355.5,1324.199951171875,1316.9000244140625,0.0,-0.0025083175315843143,36.943,36.88033333333333,48.67256637168136,37.12
2018-02-16 00:00:00+00:00,36.92,37.12,1353.199951171875,89.5980980682373,1059.73,61.68000030517578,1.42,37.12,37.12,36.78,1352.0999755859375,1328.0999755859375,1313.0999755859375,0.0,0.0008135312519776949,36.963,36.894666666666666,57.29166666666674,37.12
2018-02-20 00:00:00+00:00,36.92,37.12,1328.800048828125,89.72000122070312,1059.73,61.900001525878906,1.42,37.12,37.12,37.04,1353.199951171875,1355.5,1324.199951171875,0.0,-0.018031261619999017,36.991,36.912,63.218390804597554,37.12
2018-02-21 00:00:00+00:00,36.87,37.12,1330.0,90.08000183105467,1087.15,61.68000030517578,1.42,37.12,37.12,37.12,1328.800048828125,1352.0999755859375,1328.0999755859375,0.0,0.0009030336602811051,37.010999999999996,36.92933333333333,63.953488372092735,37.01
2018-02-22 00:00:00+00:00,36.88,37.01,1330.5999755859375,89.75,1076.03,62.77000045776367,1.42,37.12,37.12,37.12,1330.0,1353.199951171875,1355.5,-0.002963362068965525,0.0004511094631109991,37.025,36.94266666666667,57.29166666666674,36.99
2018-02-23 00:00:00+00:00,36.86,36.99,1328.199951171875,89.87999725341797,1102.85,63.54999923706055,1.42,37.01,37.12,37.12,1330.5999755859375,1328.800048828125,1352.0999755859375,-0.0005403944879761591,-0.001803715961294583,37.053999999999995,36.95399999999999,53.76344086021513,36.95
2018-02-26 00:00:00+00:00,36.8,36.95,1330.699951171875,89.81999969482422,1114.53,63.90999984741211,1.42,36.99,37.12,37.12,1328.199951171875,1330.0,1353.199951171875,-0.0010813733441470408,0.0018822467187973313,37.071000000000005,36.958999999999996,56.179775280898944,36.92
2018-02-27 00:00:00+00:00,36.77,36.92,1315.5,90.36000061035156,1119.61,63.0099983215332,1.42,36.95,37.01,37.12,1330.699951171875,1330.5999755859375,1328.800048828125,-0.0008119079837618504,-0.011422523280690933,37.059,36.95633333333333,50.0,36.7
2018-02-28 00:00:00+00:00,36.54,36.7,1315.5,90.61000061035156,1124.87,61.63999938964844,1.42,36.92,36.99,37.12,1315.5,1328.199951171875,1330.0,-0.005958829902491858,0.0,37.017,36.95066666666666,41.58415841584171,36.69
2018-03-01 00:00:00+00:00,36.51,36.69,1302.9000244140625,90.31999969482422,1115.79,60.9900016784668,1.51,36.7,36.95,37.01,1315.5,1330.699951171875,1330.5999755859375,-0.0002724795640328681,-0.00957808862480991,36.974000000000004,36.94466666666666,49.41176470588204,36.77
2018-03-02 00:00:00+00:00,36.61,36.77,1321.0999755859375,89.94000244140625,1121.21,61.25,1.51,36.69,36.92,36.99,1302.9000244140625,1315.5,1328.199951171875,0.0021804306350505787,0.013968801006093878,36.939,36.94466666666667,49.41176470588247,36.86
2018-03-05 00:00:00+00:00,36.68,36.86,1318.0999755859375,90.08000183105467,1093.48,62.56999969482422,1.51,36.77,36.7,36.95,1321.0999755859375,1315.5,1330.699951171875,0.0024476475387542607,-0.00227083495226732,36.913,36.94466666666666,36.764705882352956,36.82
2018-03-06 00:00:00+00:00,36.64,36.82,1333.5999755859375,89.62000274658203,1120.29,62.59999847412109,1.51,36.86,36.69,36.92,1318.0999755859375,1302.9000244140625,1315.5,-0.0010851871947911151,0.01175935079818946,36.882999999999996,36.943,26.562500000000256,36.84
2018-03-07 00:00:00+00:00,36.66,36.84,1326.0,89.63999938964844,1112.26,61.150001525878906,1.51,36.82,36.77,36.7,1333.5999755859375,1321.0999755859375,1315.5,0.0005431830526887449,-0.005698842025396944,36.855000000000004,36.94166666666667,28.787878787879364,36.82
2018-03-08 00:00:00+00:00,36.64,36.82,1319.9000244140625,90.12000274658205,1124.15,60.119998931884766,1.51,36.84,36.86,36.69,1326.0,1318.0999755859375,1302.9000244140625,-0.0005428881650381134,-0.004600283247313319,36.836,36.93633333333333,27.94117647058866,36.77
2018-03-09 00:00:00+00:00,36.59,36.77,1322.4000244140625,90.08999633789062,1123.41,62.040000915527344,1.51,36.82,36.82,36.77,1319.9000244140625,1333.5999755859375,1321.0999755859375,-0.0013579576317218622,0.0018940828500324525,36.81400000000001,36.92333333333333,26.027397260274498,36.76
2018-03-12 00:00:00+00:00,36.58,36.76,1319.4000244140625,89.9000015258789,1126.29,61.36000061035156,1.51,36.77,36.84,36.86,1322.4000244140625,1326.0,1318.0999755859375,-0.0002719608376394733,-0.0022686024989519993,36.795,36.910333333333334,25.675675675676004,36.73
2018-03-13 00:00:00+00:00,36.55,36.73,1325.9000244140625,89.66000366210938,1133.31,60.709999084472656,1.51,36.76,36.82,36.82,1319.4000244140625,1319.9000244140625,1333.5999755859375,-0.0008161044613710366,0.004926481642962388,36.776,36.902,24.675324675324973,36.76
2018-03-14 00:00:00+00:00,36.58,36.76,1324.4000244140625,89.69999694824219,1138.09,60.959999084472656,1.51,36.73,36.77,36.84,1325.9000244140625,1322.4000244140625,1326.0,0.0008167710318540689,-0.0011313070158988081,36.782,36.897666666666666,31.884057971014812,36.76
2018-03-15 00:00:00+00:00,36.58,36.76,1316.800048828125,90.13999938964844,1138.76,61.18999862670898,1.51,36.76,36.76,36.82,1324.4000244140625,1319.4000244140625,1319.9000244140625,0.0,-0.0057384290590751785,36.789,36.89366666666667,32.8358208955225,36.75
2018-03-16 00:00:00+00:00,36.57,36.75,1311.300048828125,90.2300033569336,1150.19,62.34000015258789,1.51,36.76,36.73,36.77,1316.800048828125,1325.9000244140625,1322.4000244140625,-0.0002720348204570122,-0.004176792068693147,36.787,36.88966666666667,34.37500000000014,36.67
2018-03-19 00:00:00+00:00,36.49,36.67,1316.800048828125,89.9000015258789,1159.22,62.060001373291016,1.51,36.75,36.76,36.76,1311.300048828125,1324.4000244140625,1319.4000244140625,-0.002176870748299309,0.004194310832913661,36.768,36.88133333333334,31.884057971014812,36.69
2018-03-20 00:00:00+00:00,36.51,36.69,1311.0999755859375,90.37000274658205,1159.39,63.400001525878906,1.51,36.67,36.76,36.73,1316.800048828125,1316.800048828125,1325.9000244140625,0.0005454049631850033,-0.004328731037988809,36.755,36.876333333333335,48.97959183673419,36.7
2018-03-21 00:00:00+00:00,36.52,36.7,1320.699951171875,89.77999877929688,1169.36,65.16999816894531,1.51,36.69,36.75,36.76,1311.0999755859375,1311.300048828125,1324.4000244140625,0.0002725538293815166,0.007322077465257593,36.741,36.869,51.020408163265806,36.78
2018-03-22 00:00:00+00:00,36.6,36.78,1326.5999755859375,89.86000061035156,1172.36,64.30000305175781,1.51,36.7,36.67,36.76,1320.699951171875,1316.800048828125,1316.800048828125,0.0021798365122616126,0.00446734658302006,36.737,36.866,51.0204081632651,36.89
2018-03-23 00:00:00+00:00,36.71,36.89,1349.300048828125,89.5980980682373,1153.59,65.87999725341797,1.51,36.78,36.69,36.75,1326.5999755859375,1311.0999755859375,1311.300048828125,0.0029907558455681826,0.017111468159164644,36.749,36.87233333333334,52.94117647058832,37.02
2018-03-26 00:00:00+00:00,36.84,37.02,1354.4000244140625,89.5980980682373,1171.22,65.55000305175781,1.51,36.89,36.7,36.67,1349.300048828125,1320.699951171875,1316.800048828125,0.003523990241257824,0.0037797194110877896,36.775,36.88033333333333,66.66666666666666,37.05
2018-03-27 00:00:00+00:00,36.87,37.05,1341.300048828125,89.5980980682373,1171.73,65.25,1.51,37.02,36.78,36.69,1354.4000244140625,1326.5999755859375,1311.0999755859375,0.0008103727714747766,-0.00967216136281801,36.807,36.88066666666666,67.21311475409786,36.9
2018-03-28 00:00:00+00:00,36.72,36.9,1324.199951171875,90.05999755859375,1172.24,64.37999725341797,1.51,37.05,36.89,36.7,1341.300048828125,1349.300048828125,1320.699951171875,-0.004048582995951344,-0.012748898109106954,36.821,36.873333333333335,55.40540540540533,36.73
2018-03-29 00:00:00+00:00,36.56,36.73,1322.800048828125,90.1500015258789,1167.03,64.94000244140625,1.51,36.9,37.02,36.78,1324.199951171875,1354.4000244140625,1326.5999755859375,-0.004607046070460696,-0.001057168400067643,36.818,36.86033333333334,47.674418604650796,36.82
2018-03-30 00:00:00+00:00,36.64,36.82,1322.800048828125,90.1500015258789,1174.46,64.94000244140625,1.51,36.73,37.05,36.89,1322.800048828125,1341.300048828125,1349.300048828125,0.0024503130955622066,0.0,36.825,36.85033333333333,53.19148936170225,36.82
2018-04-01 00:00:00+00:00,36.64,36.82,1322.800048828125,90.1500015258789,1174.46,64.94000244140625,1.69,36.82,36.9,37.02,1322.800048828125,1324.199951171875,1354.4000244140625,0.0,0.0,36.839999999999996,36.840333333333334,54.94505494505515,36.8
2018-04-02 00:00:00+00:00,36.62,36.8,1342.0999755859375,90.05000305175781,1196.61,63.0099983215332,1.69,36.82,36.73,37.05,1322.800048828125,1322.800048828125,1341.300048828125,-0.0005431830526888559,0.014590207170698477,36.851,36.82966666666666,52.22222222222218,36.86
2018-04-03 00:00:00+00:00,36.68,36.86,1332.800048828125,90.1999969482422,1188.29,63.5099983215332,1.69,36.8,36.82,36.9,1342.0999755859375,1322.800048828125,1324.199951171875,0.001630434782608825,-0.006929384492203927,36.867,36.821000000000005,55.20833333333339,36.92
2018-04-04 00:00:00+00:00,36.74,36.92,1335.800048828125,90.13999938964844,1191.54,63.369998931884766,1.69,36.86,36.82,36.73,1332.800048828125,1322.800048828125,1322.800048828125,0.0016277807921867282,0.002250900277680712,36.881,36.818000000000005,58.41584158415845,36.75
2018-04-05 00:00:00+00:00,36.57,36.75,1324.300048828125,90.45999908447266,1193.17,63.540000915527344,1.69,36.92,36.8,36.82,1335.800048828125,1342.0999755859375,1322.800048828125,-0.004604550379198269,-0.00860907289986157,36.867,36.81000000000001,53.63636363636353,36.78
2018-04-06 00:00:00+00:00,36.6,36.78,1331.9000244140625,90.11000061035156,1199.96,62.060001373291016,1.69,36.75,36.86,36.82,1324.300048828125,1332.800048828125,1322.800048828125,0.0008163265306122547,0.0057388622711769255,36.843,36.80433333333334,54.054054054054156,36.8
2018-04-09 00:00:00+00:00,36.62,36.8,1336.300048828125,89.83999633789062,1204.33,63.41999816894531,1.69,36.78,36.92,36.8,1331.9000244140625,1335.800048828125,1342.0999755859375,0.0005437737901032857,0.003303569587363109,36.818,36.800333333333334,54.464285714285445,36.85
2018-04-10 00:00:00+00:00,36.67,36.85,1342.0,89.5980980682373,1198.12,65.51000213623047,1.69,36.8,36.75,36.86,1336.300048828125,1324.300048828125,1332.800048828125,0.0013586956521740579,0.00426547254628451,36.813,36.80533333333333,53.211009174311904,36.91
2018-04-11 00:00:00+00:00,36.73,36.91,1356.5,89.5980980682373,1167.11,66.81999969482422,1.69,36.85,36.78,36.92,1342.0,1331.9000244140625,1335.800048828125,0.0016282225237447268,0.0108047690014903,36.831,36.81266666666667,50.96153846153827,37.04
2018-04-12 00:00:00+00:00,36.84,37.04,1338.4000244140625,89.75,1173.02,67.06999969482422,1.69,36.91,36.8,36.75,1356.5,1336.300048828125,1324.300048828125,0.003522080736927835,-0.013343144552847352,36.852999999999994,36.82166666666667,50.96153846153827,36.96
2018-04-13 00:00:00+00:00,36.78,36.96,1344.800048828125,89.80000305175781,1157.14,67.38999938964844,1.69,37.04,36.85,36.78,1338.4000244140625,1342.0,1331.9000244140625,-0.002159827213822796,0.004781847203614964,36.867000000000004,36.825,45.87155963302773,36.96
2018-04-16 00:00:00+00:00,36.78,36.96,1347.5,89.5980980682373,1148.49,66.22000122070312,1.69,36.96,36.91,36.8,1344.800048828125,1356.5,1336.300048828125,0.0,0.0020076971102340746,36.882999999999996,36.82966666666667,53.19148936170221,37.02
2018-04-17 00:00:00+00:00,36.84,37.02,1347.199951171875,89.5980980682373,1153.28,66.5199966430664,1.69,36.96,37.04,36.85,1347.5,1338.4000244140625,1342.0,0.0016233766233766378,-0.00022267074443416135,36.899,36.83566666666666,67.4698795180724,36.99
2018-04-18 00:00:00+00:00,36.81,36.99,1351.199951171875,89.62000274658203,1138.53,68.47000122070312,1.69,37.02,36.96,36.91,1347.199951171875,1344.800048828125,1356.5,-0.0008103727714748876,0.002969121247755835,36.906,36.84133333333333,61.038961038961,37.09
2018-04-19 00:00:00+00:00,36.89,37.09,1346.800048828125,89.94000244140625,1094.63,68.29000091552734,1.69,36.99,36.96,37.04,1351.199951171875,1347.5,1338.4000244140625,0.002703433360367713,-0.0032562925568003775,36.940000000000005,36.852,65.51724137931032,36.98
2018-04-20 00:00:00+00:00,36.8,36.98,1336.699951171875,90.31999969482422,1119.86,68.37999725341797,1.69,37.09,37.02,36.96,1346.800048828125,1347.199951171875,1344.800048828125,-0.0029657589646806537,-0.007499329737208016,36.959999999999994,36.85933333333333,59.374999999999844,36.83
2018-04-23 00:00:00+00:00,36.65,36.83,1322.5,90.94000244140624,1076.78,68.63999938964844,1.69,36.98,36.99,36.96,1336.699951171875,1351.199951171875,1347.5,-0.004056246619794424,-0.01062314033858236,36.963,36.86266666666666,48.57142857142853,36.84
2018-04-24 00:00:00+00:00,36.64,36.84,1331.4000244140625,90.7699966430664,1080.74,67.69999694824219,1.69,36.83,37.09,37.02,1322.5,1346.800048828125,1347.199951171875,0.0002715177844150318,0.006729697099480125,36.962,36.86533333333333,46.000000000000135,36.84
2018-04-25 00:00:00+00:00,36.64,36.84,1321.199951171875,91.16999816894533,1080.74,68.05000305175781,1.69,36.84,36.98,36.99,1331.4000244140625,1336.699951171875,1351.199951171875,0.0,-0.007661163478404176,36.955,36.868,55.42168674698807,36.79
2018-04-26 00:00:00+00:00,36.61,36.79,1316.300048828125,91.55999755859376,1044.86,68.19000244140625,1.69,36.84,36.83,37.09,1321.199951171875,1322.5,1346.800048828125,-0.001357220412595117,-0.0037086758438069634,36.93,36.86933333333333,50.58823529411752,36.82
2018-04-27 00:00:00+00:00,36.62,36.82,1320.300048828125,91.54000091552734,1050.26,68.0999984741211,1.69,36.79,36.84,36.98,1316.300048828125,1331.4000244140625,1336.699951171875,0.0008154389779830851,0.003038820824751154,36.916,36.87433333333333,51.16279069767457,36.82
2018-04-30 00:00:00+00:00,36.62,36.82,1316.199951171875,91.83999633789062,1050.26,68.56999969482422,1.69,36.82,36.84,36.83,1320.300048828125,1321.199951171875,1322.5,0.0,-0.003105428693946588,36.902,36.87866666666667,48.14814814814812,36.82
2018-05-01 00:00:00+00:00,36.62,36.82,1303.800048828125,92.4499969482422,1050.26,67.25,1.7,36.82,36.79,36.84,1316.199951171875,1316.300048828125,1331.4000244140625,0.0,-0.009420986782980645,36.882000000000005,36.882666666666665,44.00000000000041,36.72
2018-05-02 00:00:00+00:00,36.54,36.72,1302.5999755859375,92.51000213623048,1029.08,67.93000030517578,1.7,36.82,36.82,36.84,1303.800048828125,1320.300048828125,1321.199951171875,-0.0027159152634438355,-0.0009204427038226326,36.855000000000004,36.88066666666667,27.777777777778383,36.75
2018-05-03 00:00:00+00:00,36.57,36.75,1310.699951171875,92.41000366210938,1026.46,68.43000030517578,1.7,36.72,36.82,36.79,1302.5999755859375,1316.199951171875,1316.300048828125,0.0008169934640522847,0.006218313939622133,36.821,36.876,34.32835820895569,36.75
2018-05-04 00:00:00+00:00,36.57,36.75,1312.699951171875,92.56999969482422,1026.8,69.72000122070312,1.7,36.75,36.82,36.82,1310.699951171875,1303.800048828125,1320.300048828125,0.0,0.001525902246514832,36.798,36.867,34.32835820895569,36.73
2018-05-07 00:00:00+00:00,36.55,36.73,1312.199951171875,92.75,1062.26,70.7300033569336,1.7,36.75,36.72,36.82,1312.699951171875,1302.5999755859375,1316.199951171875,-0.0005442176870749105,-0.0003808943540781762,36.788,36.85633333333333,26.984126984127357,36.73
2018-05-08 00:00:00+00:00,36.55,36.73,1312.0,93.12000274658205,1060.45,69.05999755859375,1.7,36.73,36.75,36.82,1312.199951171875,1310.699951171875,1303.800048828125,0.0,-0.00015237858505967594,36.777,36.85066666666667,28.33333333333374,36.72
2018-05-09 00:00:00+00:00,36.54,36.72,1311.300048828125,93.04000091552734,1056.97,71.13999938964844,1.7,36.73,36.75,36.72,1312.0,1312.699951171875,1302.5999755859375,-0.00027225701061794894,-0.0005334993688071998,36.765,36.85033333333333,13.725490196079363,36.74
2018-05-10 00:00:00+00:00,36.56,36.74,1320.800048828125,92.6500015258789,1028.87,71.36000061035156,1.7,36.72,36.73,36.75,1311.300048828125,1312.199951171875,1310.699951171875,0.0005446623093683378,0.007244718711396203,36.760000000000005,36.84766666666667,21.428571428573107,36.83
2018-05-11 00:00:00+00:00,36.65,36.83,1319.0,92.54000091552734,1044.85,70.69999694824219,1.7,36.74,36.73,36.75,1320.800048828125,1312.0,1312.699951171875,0.0024496461622209864,-0.001362847336144557,36.761,36.848,50.0,36.81
2018-05-14 00:00:00+00:00,36.63,36.81,1316.5,92.58999633789062,1066.98,70.95999908447266,1.7,36.83,36.72,36.73,1319.0,1311.300048828125,1312.199951171875,-0.0005430355688296196,-0.0018953752843062777,36.76,36.848333333333336,45.945945945945844,36.73
2018-05-15 00:00:00+00:00,36.55,36.73,1288.9000244140625,93.22000122070312,1073.5,71.30999755859375,1.7,36.81,36.74,36.73,1316.5,1320.800048828125,1312.0,-0.0021733224667211948,-0.020964660528627,36.751,36.844,37.77777777777732,36.68
2018-05-16 00:00:00+00:00,36.48,36.68,1290.199951171875,93.38999938964844,1054.62,71.48999786376953,1.7,36.73,36.83,36.72,1288.9000244140625,1319.0,1311.300048828125,-0.0013612850530900777,0.0010085551502752033,36.747,36.836,37.77777777777792,36.66
2018-05-17 00:00:00+00:00,36.46,36.66,1288.199951171875,93.47000122070312,1030.64,71.48999786376953,1.7,36.68,36.81,36.74,1290.199951171875,1316.5,1320.800048828125,-0.0005452562704472141,-0.0015501473226560147,36.738,36.83299999999999,31.8181818181816,36.68
2018-05-18 00:00:00+00:00,36.48,36.68,1290.199951171875,93.63999938964844,1040.54,71.27999877929688,1.7,36.66,36.73,36.83,1288.199951171875,1288.9000244140625,1319.0,0.0005455537370431252,0.0015525540100980173,36.731,36.82966666666666,34.78260869565237,36.69
2018-05-21 00:00:00+00:00,36.49,36.69,1290.199951171875,93.68000030517578,1014.98,72.23999786376953,1.7,36.68,36.68,36.81,1290.199951171875,1290.199951171875,1316.5,0.00027262813522344054,0.0,36.727,36.826,36.170212765957345,36.7
2018-05-22 00:00:00+00:00,36.5,36.7,1291.699951171875,93.61000061035156,985.91,72.12999725341797,1.7,36.69,36.66,36.73,1290.199951171875,1288.199951171875,1288.9000244140625,0.0002725538293815166,0.0011626104919919555,36.724000000000004,36.821000000000005,47.368421052632165,36.7
2018-05-23 00:00:00+00:00,36.5,36.7,1289.300048828125,94.01000213623048,988.94,71.83999633789062,1.7,36.7,36.68,36.68,1291.699951171875,1290.199951171875,1290.199951171875,0.0,-0.001857941034659527,36.721999999999994,36.814,42.85714285714344,36.7
2018-05-24 00:00:00+00:00,36.54,36.7,1303.699951171875,93.77999877929688,985.92,70.70999908447266,1.7,36.7,36.69,36.66,1289.300048828125,1290.199951171875,1288.199951171875,0.0,0.01116877514806447,36.718,36.80266666666667,42.85714285714344,36.75
2018-05-25 00:00:00+00:00,36.6,36.75,1303.300048828125,94.19000244140624,963.9,67.87999725341797,1.7,36.7,36.7,36.68,1303.699951171875,1291.699951171875,1290.199951171875,0.0013623978201633413,-0.00030674415795639565,36.71,36.79566666666666,52.63157894736881,36.69
2018-05-28 00:00:00+00:00,36.55,36.69,1303.300048828125,94.19000244140624,931.75,67.87999725341797,1.7,36.75,36.7,36.69,1303.300048828125,1289.300048828125,1290.199951171875,-0.0016326530612245094,0.0,36.698,36.78666666666666,45.454545454545595,36.74
2018-05-29 00:00:00+00:00,36.59,36.74,1298.699951171875,94.83000183105467,952.18,66.7300033569336,1.7,36.69,36.7,36.7,1303.300048828125,1303.699951171875,1291.699951171875,0.001362769146906695,-0.00352957683104993,36.699,36.77733333333333,52.083333333333606,36.7
2018-05-30 00:00:00+00:00,36.55,36.7,1301.5,94.1500015258789,948.5,68.20999908447266,1.7,36.74,36.75,36.7,1298.699951171875,1303.300048828125,1289.300048828125,-0.0010887316276537717,0.0021560398347582055,36.70100000000001,36.76766666666666,46.000000000000135,36.72
2018-05-31 00:00:00+00:00,36.57,36.72,1300.0999755859375,93.98999786376952,971.25,67.04000091552734,1.7,36.7,36.69,36.7,1301.5,1303.300048828125,1303.699951171875,0.0005449591280652921,-0.0010757006638973943,36.707,36.75533333333333,37.20930232558165,36.72
2018-06-01 00:00:00+00:00,36.57,36.72,1294.800048828125,94.19000244140624,992.87,65.80999755859375,1.82,36.72,36.74,36.75,1300.0999755859375,1298.699951171875,1303.300048828125,0.0,-0.004076553232318814,36.711,36.74666666666667,39.02439024390231,36.7
2018-06-04 00:00:00+00:00,36.55,36.7,1293.0999755859375,94.0199966430664,1013.78,64.75,1.82,36.72,36.7,36.69,1294.800048828125,1301.5,1303.300048828125,-0.0005446623093681158,-0.0013130006009237638,36.712,36.742333333333335,45.71428571428658,36.71
2018-06-05 00:00:00+00:00,36.56,36.71,1297.5,93.88999938964844,1022.74,65.5199966430664,1.82,36.7,36.72,36.74,1293.0999755859375,1300.0999755859375,1298.699951171875,0.00027247956403253504,0.0034026946849710082,36.713,36.73799999999999,54.8387096774195,36.72
2018-06-06 00:00:00+00:00,36.56,36.72,1297.0999755859375,93.66000366210938,1034.5,64.7300033569336,1.82,36.71,36.72,36.7,1297.5,1294.800048828125,1301.5,0.00027240533914452136,-0.00030830398000958326,36.715,36.734,60.000000000000476,36.75
2018-06-07 00:00:00+00:00,36.59,36.75,1298.699951171875,93.4000015258789,1036.69,65.94999694824219,1.82,36.72,36.7,36.72,1297.0999755859375,1293.0999755859375,1300.0999755859375,0.0008169934640522847,0.0012335021324896278,36.72,36.73266666666667,61.29032258064538,36.77
2018-06-08 00:00:00+00:00,36.61,36.77,1298.0999755859375,93.5500030517578,1039.01,65.73999786376953,1.82,36.75,36.71,36.72,1298.699951171875,1297.5,1294.800048828125,0.0005442176870749105,-0.000461981680523027,36.721999999999994,36.730999999999995,62.50000000000083,36.96
2018-06-11 00:00:00+00:00,36.78,36.96,1298.9000244140625,93.58000183105467,1039.02,66.0999984741211,1.82,36.77,36.72,36.7,1298.0999755859375,1297.0999755859375,1293.0999755859375,0.005167255915148106,0.0006163229667759396,36.749,36.73566666666667,76.00000000000017,37.03
2018-06-12 00:00:00+00:00,36.85,37.03,1295.0999755859375,93.8000030517578,1020.76,66.36000061035156,1.82,36.96,36.75,36.71,1298.9000244140625,1298.699951171875,1297.5,0.0018939393939394478,-0.0029255899273996633,36.778,36.742666666666665,78.94736842105283,36.97
2018-06-13 00:00:00+00:00,36.77,36.97,1296.9000244140625,93.70999908447266,1030.53,66.63999938964844,1.82,37.03,36.77,36.72,1295.0999755859375,1298.0999755859375,1297.0999755859375,-0.0016203078584932085,0.0013898917937285038,36.805,36.751,71.42857142857127,37.0
2018-06-14 00:00:00+00:00,36.8,37.0,1304.0,94.7699966430664,1015.72,66.88999938964844,1.82,36.97,36.96,36.75,1296.9000244140625,1298.9000244140625,1298.699951171875,0.000811468758452838,0.005474574332855919,36.833000000000006,36.75933333333333,70.49180327868854,36.97
2018-06-15 00:00:00+00:00,36.77,36.97,1274.5999755859375,94.79000091552734,1016.51,65.05999755859375,1.82,37.0,37.03,36.77,1304.0,1295.0999755859375,1298.0999755859375,-0.0008108108108108025,-0.022546030992379174,36.858,36.766666666666666,74.13793103448293,36.92
2018-06-18 00:00:00+00:00,36.74,36.92,1276.199951171875,94.75,987.34,65.8499984741211,1.82,36.97,36.97,36.96,1274.5999755859375,1296.9000244140625,1298.9000244140625,-0.0013524479307546189,0.0012552766488183043,36.88,36.773,65.51724137931056,36.94
2018-06-19 00:00:00+00:00,36.76,36.94,1275.5999755859375,95.08999633789062,962.16,65.06999969482422,1.82,36.92,37.0,37.03,1276.199951171875,1304.0,1295.0999755859375,0.0005417118093173912,-0.0004701266328889231,36.903000000000006,36.779999999999994,71.42857142857143,36.92
2018-06-20 00:00:00+00:00,36.74,36.92,1271.199951171875,95.05999755859376,980.95,66.22000122070312,1.82,36.94,36.97,36.97,1275.5999755859375,1274.5999755859375,1296.9000244140625,-0.0005414185165131258,-0.00344937637055176,36.923,36.78666666666666,67.85714285714349,36.83
2018-06-21 00:00:00+00:00,36.65,36.83,1267.199951171875,94.87000274658205,969.4,65.54000091552734,1.82,36.92,36.92,37.0,1271.199951171875,1276.199951171875,1304.0,-0.0024377031419285933,-0.0031466332234457717,36.931,36.78966666666666,58.46153846153853,36.97
2018-06-22 00:00:00+00:00,36.79,36.97,1267.4000244140625,94.5199966430664,983.17,68.58000183105469,1.82,36.83,36.94,36.97,1267.199951171875,1275.5999755859375,1274.5999755859375,0.003801248981808225,0.00015788608735545218,36.951,36.794333333333334,67.53246753246736,36.92
2018-06-25 00:00:00+00:00,36.75,36.92,1265.5999755859375,94.27999877929688,990.52,68.08000183105469,1.82,36.97,36.92,36.92,1267.4000244140625,1271.199951171875,1276.199951171875,-0.0013524479307546189,-0.0014202688917867023,36.946999999999996,36.798,62.9629629629631,36.85
2018-06-26 00:00:00+00:00,36.7,36.85,1256.5999755859375,94.68000030517578,983.02,70.52999877929688,1.82,36.92,36.83,36.94,1265.5999755859375,1267.199951171875,1275.5999755859375,-0.001895991332611091,-0.007111251717457745,36.929,36.802,57.47126436781626,36.86
2018-06-27 00:00:00+00:00,36.69,36.86,1252.800048828125,95.29000091552734,968.91,72.76000213623047,1.82,36.85,36.97,36.92,1256.5999755859375,1267.4000244140625,1271.199951171875,0.0002713704206240841,-0.003023974877956359,36.91799999999999,36.808,56.47058823529414,36.81
2018-06-28 00:00:00+00:00,36.64,36.81,1247.800048828125,95.38999938964844,957.35,73.44999694824219,1.82,36.86,36.92,36.83,1252.800048828125,1265.5999755859375,1267.199951171875,-0.0013564839934887551,-0.0039910598699904876,36.899,36.812999999999995,52.27272727272725,36.78
2018-06-29 00:00:00+00:00,36.61,36.78,1251.300048828125,94.62999725341795,960.78,74.1500015258789,1.82,36.81,36.85,36.97,1247.800048828125,1256.5999755859375,1267.4000244140625,-0.0008149959250204342,0.0028049365788109792,36.88,36.81633333333333,37.49999999999987,36.78
2018-07-01 00:00:00+00:00,36.61,36.78,1251.300048828125,94.62999725341795,960.78,74.1500015258789,1.91,36.78,36.86,36.92,1251.300048828125,1252.800048828125,1265.5999755859375,0.0,0.0,36.866,36.81933333333333,30.769230769230518,36.88
2018-07-02 00:00:00+00:00,36.7,36.88,1239.800048828125,94.87000274658205,947.15,73.94000244140625,1.91,36.78,36.81,36.85,1251.300048828125,1247.800048828125,1256.5999755859375,0.002718868950516651,-0.009190441581753306,36.86,36.82533333333333,43.478260869565396,36.86
2018-07-03 00:00:00+00:00,36.67,36.86,1251.5999755859375,94.58999633789062,906.01,74.13999938964844,1.91,36.88,36.78,36.86,1239.800048828125,1251.300048828125,1252.800048828125,-0.0005422993492408823,0.009517604688728643,36.854,36.83066666666666,39.70588235294102,36.87
2018-07-04 00:00:00+00:00,36.68,36.87,1251.5999755859375,94.58999633789062,914.99,74.13999938964844,1.91,36.86,36.78,36.81,1251.5999755859375,1251.300048828125,1247.800048828125,0.00027129679869775103,0.0,36.858,36.836333333333336,42.42424242424219,36.88
2018-07-05 00:00:00+00:00,36.69,36.88,1257.300048828125,94.47000122070312,899.4,72.94000244140625,1.91,36.87,36.88,36.78,1251.5999755859375,1239.800048828125,1251.300048828125,0.0002712232167074724,0.004554229269235099,36.849000000000004,36.84066666666667,46.77419354838715,36.93
2018-07-06 00:00:00+00:00,36.75,36.93,1254.300048828125,94.04000091552734,917.51,73.80000305175781,1.91,36.88,36.86,36.78,1257.300048828125,1251.5999755859375,1251.300048828125,0.0013557483731019282,-0.0023860652855268727,36.85,36.84866666666667,49.23076923076938,37.02
2018-07-09 00:00:00+00:00,36.84,37.02,1258.0999755859375,94.08000183105467,915.12,73.8499984741211,1.91,36.93,36.87,36.88,1254.300048828125,1251.5999755859375,1239.800048828125,0.002437043054427379,0.003029519740003872,36.867000000000004,36.858,56.944444444444485,36.98
2018-07-10 00:00:00+00:00,36.8,36.98,1253.800048828125,94.11000061035156,911.12,74.11000061035156,1.91,37.02,36.88,36.86,1258.0999755859375,1257.300048828125,1251.5999755859375,-0.0010804970286333315,-0.003417794166802879,36.879000000000005,36.867333333333335,61.19402985074602,37.01
2018-07-11 00:00:00+00:00,36.83,37.01,1242.800048828125,94.72000122070312,893.16,70.37999725341797,1.91,36.98,36.93,36.87,1253.800048828125,1254.300048828125,1251.5999755859375,0.0008112493239589291,-0.008773328737928576,36.899,36.876999999999995,53.571428571428434,36.97
2018-07-12 00:00:00+00:00,36.79,36.97,1245.0,94.80999755859376,898.51,70.33000183105469,1.91,37.01,37.02,36.88,1242.800048828125,1258.0999755859375,1257.300048828125,-0.0010807889759524292,0.0017701569725150357,36.918,36.88533333333333,54.54545454545419,37.0
2018-07-13 00:00:00+00:00,36.82,37.0,1239.5999755859375,94.75,909.72,71.01000213623047,1.91,36.97,36.98,36.93,1245.0,1253.800048828125,1254.300048828125,0.000811468758452838,-0.004337369007279102,36.94,36.89533333333334,64.70588235294068,36.96
2018-07-16 00:00:00+00:00,36.78,36.96,1238.0999755859375,94.51000213623048,911.11,68.05999755859375,1.91,37.0,37.01,37.02,1239.5999755859375,1242.800048828125,1258.0999755859375,-0.00108108108108107,-0.0012100677876272226,36.94799999999999,36.90366666666667,59.25925925925917,36.94
2018-07-17 00:00:00+00:00,36.76,36.94,1225.699951171875,94.97000122070312,921.27,68.08000183105469,1.91,36.96,36.97,36.98,1238.0999755859375,1245.0,1253.800048828125,-0.00054112554112562,-0.01001536601129005,36.956,36.91100000000001,62.74509803921476,36.77
2018-07-18 00:00:00+00:00,36.59,36.77,1226.300048828125,95.08000183105467,942.39,68.76000213623047,1.91,36.94,37.0,37.01,1225.699951171875,1239.5999755859375,1242.800048828125,-0.004602057390362568,0.0004895958881911966,36.946000000000005,36.91166666666667,49.2307692307694,36.71
2018-07-19 00:00:00+00:00,36.53,36.71,1222.4000244140625,95.16999816894533,943.97,69.45999908447266,1.91,36.77,36.96,36.97,1226.300048828125,1238.0999755859375,1245.0,-0.0016317650258363958,-0.0031803182408656205,36.929,36.909666666666666,45.07042253521136,36.83
2018-07-20 00:00:00+00:00,36.65,36.83,1229.5,94.45999908447266,933.39,70.45999908447266,1.91,36.71,36.94,37.0,1222.4000244140625,1225.699951171875,1239.5999755859375,0.0032688640697355886,0.005808225985058257,36.919,36.90533333333334,46.57534246575318,36.9
2018-07-23 00:00:00+00:00,36.72,36.9,1224.0,94.66999816894533,936.74,67.88999938964844,1.91,36.83,36.77,36.96,1229.5,1226.300048828125,1238.0999755859375,0.0019006244909041126,-0.004473363155754417,36.907,36.900999999999996,52.56410256410248,36.92
2018-07-24 00:00:00+00:00,36.74,36.92,1223.9000244140625,94.61000061035156,934.08,68.5199966430664,1.91,36.9,36.71,36.94,1224.0,1222.4000244140625,1225.699951171875,0.0005420054200542257,-8.167940027570264e-05,36.900999999999996,36.89933333333333,53.16455696202553,36.95
2018-07-25 00:00:00+00:00,36.77,36.95,1231.4000244140625,94.36000061035156,927.58,69.30000305175781,1.91,36.92,36.83,36.77,1223.9000244140625,1229.5,1226.300048828125,0.0008125677139760867,0.006127951507796325,36.895,36.897666666666666,54.32098765432096,36.88
2018-07-26 00:00:00+00:00,36.7,36.88,1225.300048828125,94.75,930.16,69.61000061035156,1.91,36.95,36.9,36.71,1231.4000244140625,1224.0,1222.4000244140625,-0.0018944519621110212,-0.004953691298520191,36.886,36.894666666666666,46.98795180722914,36.88
2018-07-27 00:00:00+00:00,36.7,36.88,1222.5999755859375,94.68000030517578,935.52,68.69000244140625,1.91,36.88,36.92,36.83,1225.300048828125,1223.9000244140625,1229.5,0.0,-0.0022036016768054445,36.874,36.89333333333333,40.54054054054062,36.89
2018-07-30 00:00:00+00:00,36.71,36.89,1221.300048828125,94.36000061035156,949.73,70.12999725341797,1.91,36.88,36.95,36.9,1222.5999755859375,1231.4000244140625,1224.0,0.00027114967462038564,-0.0010632478192137418,36.867000000000004,36.89166666666667,43.66197183098618,36.84
2018-07-31 00:00:00+00:00,36.66,36.84,1223.699951171875,94.48999786376952,956.39,68.76000213623047,1.91,36.89,36.88,36.92,1221.300048828125,1225.300048828125,1223.9000244140625,-0.0013553808620221375,0.001965039095882082,36.857000000000006,36.889,38.35616438356197,36.84
2018-08-01 00:00:00+00:00,36.66,36.84,1217.9000244140625,94.62000274658205,952.77,67.66000366210938,1.91,36.84,36.88,36.95,1223.699951171875,1222.5999755859375,1231.4000244140625,0.0,-0.004739664124574161,36.864,36.88933333333333,40.57971014492783,36.78
2018-08-02 00:00:00+00:00,36.6,36.78,1210.5999755859375,95.16999816894533,953.55,68.95999908447266,1.91,36.84,36.89,36.88,1217.9000244140625,1221.300048828125,1225.300048828125,-0.0016286644951141183,-0.005993963939393998,36.871,36.883,34.722222222222285,36.79
2018-08-03 00:00:00+00:00,36.61,36.79,1214.199951171875,95.13999938964844,959.6,68.48999786376953,1.91,36.78,36.84,36.88,1210.5999755859375,1223.699951171875,1222.5999755859375,0.00027188689505153185,0.0029737119267618795,36.867000000000004,36.87866666666667,37.68115942028969,36.83
2018-08-06 00:00:00+00:00,36.65,36.83,1208.5999755859375,95.36000061035156,960.23,69.01000213623047,1.91,36.79,36.84,36.89,1214.199951171875,1217.9000244140625,1221.300048828125,0.0010872519706441874,-0.004612070343548269,36.86,36.87800000000001,42.25352112676053,36.86
2018-08-07 00:00:00+00:00,36.68,36.86,1209.5999755859375,95.22000122070312,956.79,69.16999816894531,1.91,36.83,36.78,36.84,1208.5999755859375,1210.5999755859375,1223.699951171875,0.0008145533532446514,0.0008274036241935345,36.854,36.878,57.89473684210493,36.81
2018-08-08 00:00:00+00:00,36.63,36.81,1212.5999755859375,95.0999984741211,966.27,66.94000244140625,1.91,36.86,36.79,36.84,1209.5999755859375,1214.199951171875,1217.9000244140625,-0.0013564839934887551,0.0024801587802172342,36.839999999999996,36.87800000000001,58.92857142857162,36.78
2018-08-09 00:00:00+00:00,36.61,36.78,1211.9000244140625,95.5,963.5,66.80999755859375,1.91,36.81,36.83,36.78,1212.5999755859375,1208.5999755859375,1210.5999755859375,-0.0008149959250204342,-0.0005772317218930567,36.83,36.87800000000001,44.680851063830076,36.79
2018-08-10 00:00:00+00:00,36.62,36.79,1211.0999755859375,96.36000061035156,968.47,67.62999725341797,1.91,36.78,36.86,36.79,1211.9000244140625,1209.5999755859375,1214.199951171875,0.00027188689505153185,-0.0006601607492431327,36.821,36.87833333333334,36.58536585365849,36.77
2018-08-13 00:00:00+00:00,36.59,36.77,1196.2269775390623,96.38999938964844,978.04,67.19999694824219,1.91,36.79,36.81,36.83,1211.0999755859375,1212.5999755859375,1208.5999755859375,-0.0005436259853219827,-0.012280570016261039,36.809000000000005,36.87466666666667,31.707317073170444,36.74
2018-08-14 00:00:00+00:00,36.56,36.74,1196.2269775390623,96.7300033569336,978.27,67.04000091552734,1.91,36.77,36.78,36.86,1196.2269775390623,1211.9000244140625,1209.5999755859375,-0.0008158825129181979,0.0,36.799,36.87066666666667,24.390243902438257,36.72
2018-08-15 00:00:00+00:00,36.54,36.72,1196.2269775390623,96.6999969482422,961.37,65.01000213623047,1.91,36.74,36.79,36.81,1196.2269775390623,1211.0999755859375,1212.5999755859375,-0.0005443658138269969,0.0,36.787,36.86566666666667,27.77777777777679,36.74
2018-08-16 00:00:00+00:00,36.56,36.74,1196.2269775390623,96.6500015258789,964.28,65.45999908447266,1.91,36.72,36.77,36.78,1196.2269775390623,1196.2269775390623,1211.9000244140625,0.0005446623093683378,0.0,36.783,36.861000000000004,31.578947368420756,36.73
2018-08-17 00:00:00+00:00,36.55,36.73,1196.2269775390623,96.0999984741211,968.88,65.91000366210938,1.91,36.74,36.74,36.79,1196.2269775390623,1196.2269775390623,1211.0999755859375,-0.00027218290691355396,0.0,36.777,36.85433333333334,28.94736842105229,36.77
2018-08-20 00:00:00+00:00,36.59,36.77,1196.2269775390623,95.9000015258789,969.62,66.43000030517578,1.91,36.73,36.72,36.77,1196.2269775390623,1196.2269775390623,1196.2269775390623,0.0010890280424722398,0.0,36.771,36.846000000000004,40.5405405405408,36.74
2018-08-21 00:00:00+00:00,36.56,36.74,1196.2269775390623,95.26000213623048,979.21,67.3499984741211,1.91,36.77,36.74,36.74,1196.2269775390623,1196.2269775390623,1196.2269775390623,-0.0008158825129181979,0.0,36.759,36.838,37.50000000000022,36.76
2018-08-22 00:00:00+00:00,36.58,36.76,1196.300048828125,95.1500015258789,982.15,67.86000061035156,1.91,36.74,36.73,36.72,1196.2269775390623,1196.2269775390623,1196.2269775390623,0.0005443658138268859,6.108480282973616e-05,36.754000000000005,36.82966666666667,47.222222222221845,36.74
2018-08-23 00:00:00+00:00,36.56,36.74,1196.2269775390623,95.62000274658205,987.36,67.83000183105469,1.91,36.76,36.77,36.74,1196.300048828125,1196.2269775390623,1196.2269775390623,-0.0005440696409139134,-6.108107170454957e-05,36.75,36.822,43.24324324324371,36.75
2018-08-24 00:00:00+00:00,36.57,36.75,1206.300048828125,95.1500015258789,987.05,68.72000122070312,1.91,36.74,36.74,36.73,1196.2269775390623,1196.2269775390623,1196.2269775390623,0.00027218290691344293,0.008420702323387985,36.746,36.81366666666667,38.235294117647435,36.8
2018-08-27 00:00:00+00:00,36.62,36.8,1209.0,94.77999877929688,991.92,68.87000274658203,1.91,36.75,36.76,36.77,1206.300048828125,1196.300048828125,1196.2269775390623,0.0013605442176869431,0.002238208623549287,36.749,36.80833333333333,41.66666666666634,36.78
2018-08-28 00:00:00+00:00,36.6,36.78,1207.4000244140625,94.72000122070312,995.19,68.52999877929688,1.91,36.8,36.74,36.74,1209.0,1196.2269775390623,1196.2269775390623,-0.0005434782608694233,-0.0013233875814205875,36.753,36.803,45.45454545454526,36.73
2018-08-29 00:00:00+00:00,36.56,36.73,1204.5,94.5999984741211,988.17,69.51000213623047,1.91,36.78,36.75,36.76,1207.4000244140625,1206.300048828125,1196.300048828125,-0.0013594344752584364,-0.0024018753978987117,36.754000000000005,36.80166666666666,42.85714285714228,36.74
2018-08-30 00:00:00+00:00,36.57,36.74,1197.699951171875,94.72000122070312,998.07,70.25,1.91,36.73,36.8,36.74,1204.5,1209.0,1196.2269775390623,0.000272257010618171,-0.005645536594541256,36.754000000000005,36.802666666666674,42.85714285714344,36.73
2018-08-31 00:00:00+00:00,36.56,36.73,1200.300048828125,95.13999938964844,989.54,69.80000305175781,1.91,36.74,36.78,36.75,1197.699951171875,1207.4000244140625,1206.300048828125,-0.00027218290691355396,0.0021709090442110224,36.754,36.79933333333334,44.11764705882291,36.73
2018-09-01 00:00:00+00:00,36.56,36.73,1200.300048828125,95.13999938964844,989.54,69.80000305175781,1.95,36.73,36.73,36.8,1200.300048828125,1204.5,1209.0,0.0,0.0,36.75,36.793666666666674,48.387096774192806,36.72
2018-09-04 00:00:00+00:00,36.55,36.72,1196.2269775390623,95.41999816894533,975.94,69.87000274658203,1.95,36.73,36.74,36.78,1200.300048828125,1197.699951171875,1207.4000244140625,-0.00027225701061794894,-0.0033933775917440734,36.748,36.787000000000006,50.0,36.73
2018-09-05 00:00:00+00:00,36.56,36.73,1196.2269775390623,95.12999725341795,968.44,68.72000122070312,1.95,36.72,36.73,36.73,1196.2269775390623,1200.300048828125,1204.5,0.00027233115468394686,0.0,36.745,36.779666666666664,48.27586206896467,36.77
2018-09-06 00:00:00+00:00,36.6,36.77,1197.9000244140625,95.0199966430664,958.19,67.7699966430664,1.95,36.73,36.73,36.74,1196.2269775390623,1200.300048828125,1197.699951171875,0.0010890280424722398,0.001398603196896664,36.748,36.776,56.25000000000083,36.76
2018-09-07 00:00:00+00:00,36.59,36.76,1196.2269775390623,95.37000274658205,968.9,67.75,1.95,36.77,36.72,36.73,1197.9000244140625,1196.2269775390623,1200.300048828125,-0.0002719608376394733,-0.001396649837968389,36.749,36.772000000000006,48.27586206896467,36.69
2018-09-10 00:00:00+00:00,36.52,36.69,1196.2269775390623,95.1500015258789,970.34,67.54000091552734,1.95,36.76,36.73,36.73,1196.2269775390623,1196.2269775390623,1200.300048828125,-0.0019042437431990855,0.0,36.738,36.765333333333324,42.424242424241896,36.7
2018-09-11 00:00:00+00:00,36.53,36.7,1196.2269775390623,95.05999755859376,985.06,69.25,1.95,36.69,36.77,36.72,1196.2269775390623,1197.9000244140625,1196.2269775390623,0.0002725538293815166,0.0,36.730000000000004,36.760666666666665,40.62500000000119,36.69
2018-09-12 00:00:00+00:00,36.52,36.69,1204.699951171875,94.8000030517578,987.01,70.37000274658203,1.95,36.7,36.76,36.73,1196.2269775390623,1196.2269775390623,1196.2269775390623,-0.0002724795640328681,0.0070830818832088305,36.726,36.75566666666667,41.93548387096767,36.71
2018-09-13 00:00:00+00:00,36.54,36.71,1202.0,94.54000091552734,987.95,68.58999633789062,1.95,36.69,36.69,36.77,1204.699951171875,1196.2269775390623,1197.9000244140625,0.0005451076587625892,-0.002241181440447937,36.723,36.75333333333334,43.75000000000068,36.71
2018-09-14 00:00:00+00:00,36.55,36.71,1196.2269775390623,94.9800033569336,991.34,68.98999786376953,1.95,36.71,36.7,36.76,1202.0,1196.2269775390623,1196.2269775390623,0.0,-0.004802847305272584,36.721000000000004,36.75066666666667,33.33333333333596,36.69
2018-09-17 00:00:00+00:00,36.53,36.69,1199.699951171875,94.51000213623048,987.61,68.91000366210938,1.95,36.71,36.69,36.69,1196.2269775390623,1204.699951171875,1196.2269775390623,-0.0005448106782893758,0.002903273122929706,36.717,36.745999999999995,33.33333333333509,36.68
2018-09-18 00:00:00+00:00,36.52,36.68,1196.800048828125,94.62000274658205,993.49,69.8499984741211,1.95,36.69,36.71,36.7,1199.699951171875,1202.0,1196.2269775390623,-0.0002725538293812946,-0.0024171896822345884,36.713,36.74,39.13043478261085,36.68
2018-09-19 00:00:00+00:00,36.53,36.68,1202.199951171875,94.5500030517578,995.54,71.12000274658203,1.95,36.68,36.71,36.69,1196.800048828125,1196.2269775390623,1204.699951171875,0.0,0.004511950303676349,36.708,36.73566666666667,36.36363636363754,36.66
2018-09-20 00:00:00+00:00,36.51,36.66,1206.199951171875,93.91000366210938,1004.74,70.80000305175781,1.95,36.68,36.69,36.71,1202.199951171875,1199.699951171875,1202.0,-0.0005452562704472141,0.003327233540561192,36.697,36.73166666666666,34.78260869565378,36.69
2018-09-21 00:00:00+00:00,36.54,36.69,1196.2269775390623,94.22000122070312,1002.97,70.77999877929688,1.95,36.66,36.68,36.71,1206.199951171875,1196.800048828125,1196.2269775390623,0.0008183306055646877,-0.008268093215493377,36.690000000000005,36.72833333333333,42.30769230769325,36.62
2018-09-24 00:00:00+00:00,36.47,36.62,1199.300048828125,94.26000213623048,1011.29,72.08000183105469,1.95,36.69,36.68,36.69,1196.2269775390623,1202.199951171875,1199.699951171875,-0.001907876805669173,0.0025689700589972553,36.68300000000001,36.723333333333336,34.37500000000118,36.56
2018-09-25 00:00:00+00:00,36.41,36.56,1200.0,94.12999725341795,1010.74,72.27999877929688,1.95,36.62,36.66,36.68,1199.300048828125,1206.199951171875,1196.800048828125,-0.0016384489350080855,0.0005836330721065153,36.669,36.717333333333336,27.027027027029362,36.56
2018-09-26 00:00:00+00:00,36.41,36.56,1196.2269775390623,94.19000244140624,1009.61,71.56999969482422,1.95,36.56,36.69,36.68,1200.0,1196.2269775390623,1202.199951171875,0.0,-0.0031441853841147616,36.656,36.711999999999996,18.18181818181995,36.5
2018-09-27 00:00:00+00:00,36.35,36.5,1196.2269775390623,95.0,1015.37,72.12000274658203,1.95,36.56,36.62,36.66,1196.2269775390623,1199.300048828125,1206.199951171875,-0.001641137855579955,0.0,36.635000000000005,36.70399999999999,15.789473684212297,36.43
2018-09-28 00:00:00+00:00,36.28,36.43,1196.2269775390623,95.19000244140624,1017.13,73.25,1.95,36.5,36.56,36.69,1196.2269775390623,1200.0,1196.2269775390623,-0.0019178082191780854,0.0,36.60699999999999,36.693999999999996,15.789473684212297,36.47
2018-10-01 00:00:00+00:00,36.32,36.47,1196.2269775390623,95.3000030517578,1012.88,75.30000305175781,2.19,36.43,36.56,36.62,1196.2269775390623,1196.2269775390623,1199.300048828125,0.0010979961570134478,0.0,36.585,36.684,21.95121951219538,36.51
2018-10-02 00:00:00+00:00,36.36,36.51,1202.4000244140625,95.51000213623048,1018.79,75.2300033569336,2.19,36.47,36.5,36.56,1196.2269775390623,1196.2269775390623,1200.0,0.0010967918837401225,0.005160431081147943,36.568,36.67633333333333,29.545454545454803,36.53
2018-10-03 00:00:00+00:00,36.38,36.53,1198.300048828125,95.76000213623048,1020.4,76.41000366210938,2.19,36.51,36.43,36.56,1202.4000244140625,1196.2269775390623,1196.2269775390623,0.0005477951246235513,-0.0034098265990434307,36.553000000000004,36.66866666666667,29.545454545454803,36.52
2018-10-04 00:00:00+00:00,36.38,36.52,1197.199951171875,95.75,1023.62,74.33000183105469,2.19,36.53,36.47,36.5,1198.300048828125,1196.2269775390623,1196.2269775390623,-0.00027374760470844084,-0.0009180485783387704,36.539,36.66133333333333,28.88888888888927,36.52
2018-10-05 00:00:00+00:00,36.38,36.52,1201.199951171875,95.62000274658205,1008.39,74.33999633789062,2.19,36.52,36.51,36.43,1197.199951171875,1202.4000244140625,1196.2269775390623,0.0,0.003341129437972823,36.522,36.653666666666666,30.2325581395355,36.52
2018-10-08 00:00:00+00:00,36.38,36.52,1196.2269775390623,95.7699966430664,996.12,74.29000091552734,2.19,36.52,36.53,36.47,1201.199951171875,1198.300048828125,1196.2269775390623,0.0,-0.0041400048576102355,36.512,36.64433333333333,30.952380952381432,36.5
2018-10-09 00:00:00+00:00,36.36,36.5,1196.2269775390623,95.68000030517578,996.19,74.95999908447266,2.19,36.52,36.52,36.51,1196.2269775390623,1197.199951171875,1202.4000244140625,-0.0005476451259585069,0.0,36.506,36.635,29.545454545454803,36.5
2018-10-10 00:00:00+00:00,36.36,36.5,1196.2269775390623,95.51000213623048,993.96,73.16999816894531,2.19,36.5,36.52,36.53,1196.2269775390623,1201.199951171875,1198.300048828125,0.0,0.0,36.5,36.62733333333333,30.952380952381432,36.53
2018-10-11 00:00:00+00:00,36.39,36.53,1223.5,95.0199966430664,945.89,70.97000122070312,2.19,36.5,36.52,36.52,1196.2269775390623,1196.2269775390623,1197.199951171875,0.0008219178082191636,0.0227992036403033,36.503,36.62033333333333,30.952380952381432,36.6
2018-10-12 00:00:00+00:00,36.46,36.6,1218.0999755859375,95.22000122070312,970.08,71.33999633789062,2.19,36.53,36.5,36.52,1223.5,1196.2269775390623,1201.199951171875,0.001916233232959197,-0.004413587588118051,36.52,36.616,47.619047619048104,36.67
2018-10-15 00:00:00+00:00,36.53,36.67,1226.4000244140625,95.06999969482422,951.64,71.77999877929688,2.19,36.6,36.5,36.52,1218.0999755859375,1196.2269775390623,1196.2269775390623,0.0019125683060108312,0.00681393070723324,36.540000000000006,36.614,62.79069767441833,36.63
2018-10-16 00:00:00+00:00,36.49,36.63,1227.300048828125,95.0500030517578,963.37,71.91999816894531,2.19,36.67,36.53,36.5,1226.4000244140625,1223.5,1196.2269775390623,-0.0010908099263703397,0.0007338750783967285,36.55200000000001,36.611,57.446808510638235,36.66
2018-10-17 00:00:00+00:00,36.52,36.66,1223.699951171875,95.58000183105467,971.6,69.75,2.19,36.63,36.6,36.5,1227.300048828125,1218.0999755859375,1196.2269775390623,0.0008190008190005482,-0.0029333476028844396,36.565,36.608666666666664,68.18181818181789,36.63
2018-10-18 00:00:00+00:00,36.49,36.63,1226.5,95.9000015258789,963.47,68.6500015258789,2.19,36.66,36.67,36.53,1223.699951171875,1226.4000244140625,1223.5,-0.0008183306055644657,0.00228818251193319,36.576,36.604,75.00000000000088,36.63
2018-10-19 00:00:00+00:00,36.49,36.63,1225.300048828125,95.70999908447266,958.36,69.12000274658203,2.19,36.63,36.63,36.6,1226.5,1227.300048828125,1218.0999755859375,0.0,-0.000978353992560077,36.587,36.599666666666664,72.22222222222321,36.61
2018-10-22 00:00:00+00:00,36.47,36.61,1221.199951171875,96.01000213623048,953.51,69.16999816894531,2.19,36.63,36.66,36.67,1225.300048828125,1223.699951171875,1226.4000244140625,-0.0005460005460006245,-0.0033461988842417023,36.596,36.597,64.70588235294156,36.66
2018-10-23 00:00:00+00:00,36.52,36.66,1233.4000244140625,95.95999908447266,939.68,66.43000030517578,2.19,36.61,36.63,36.63,1221.199951171875,1226.5,1227.300048828125,0.0013657470636436742,0.009990233974772167,36.612,36.59566666666667,67.56756756756741,36.62
2018-10-24 00:00:00+00:00,36.48,36.62,1227.800048828125,96.43000030517578,922.73,66.81999969482422,2.19,36.66,36.63,36.66,1233.4000244140625,1225.300048828125,1223.699951171875,-0.0010911074740861393,-0.004540275235196178,36.624,36.593333333333334,62.49999999999955,36.6
2018-10-25 00:00:00+00:00,36.46,36.6,1229.0999755859375,96.68000030517578,910.17,67.33000183105469,2.19,36.62,36.61,36.63,1227.800048828125,1221.199951171875,1226.5,-0.0005461496450026582,0.0010587446702361447,36.631,36.589666666666666,59.5238095238096,36.64
2018-10-26 00:00:00+00:00,36.5,36.64,1232.5,96.36000061035156,900.82,67.58999633789062,2.19,36.6,36.66,36.63,1229.0999755859375,1233.4000244140625,1225.300048828125,0.0010928961748633004,0.0027662716472203197,36.635000000000005,36.587333333333326,63.04347826086966,36.57
2018-10-29 00:00:00+00:00,36.43,36.57,1224.5,96.58000183105467,888.82,67.04000091552734,2.19,36.64,36.62,36.61,1232.5,1227.800048828125,1221.199951171875,-0.001910480349344934,-0.006490872210953347,36.625,36.583333333333336,56.86274509803947,36.52
2018-10-30 00:00:00+00:00,36.38,36.52,1222.5999755859375,97.01000213623048,888.69,66.18000030517578,2.19,36.57,36.6,36.66,1224.5,1229.0999755859375,1233.4000244140625,-0.0013672409078478998,-0.001551673674203724,36.614,36.578,51.785714285714626,36.5
2018-10-31 00:00:00+00:00,36.36,36.5,1212.300048828125,97.12999725341795,914.76,65.30999755859375,2.19,36.52,36.64,36.62,1222.5999755859375,1232.5,1227.800048828125,-0.0005476451259585069,-0.0084246090000748,36.598,36.571999999999996,47.27272727272709,36.56
2018-11-01 00:00:00+00:00,36.41,36.56,1236.0,96.27999877929688,907.96,63.68999862670898,2.2,36.5,36.57,36.6,1212.300048828125,1224.5,1229.0999755859375,0.0016438356164383272,0.01954957536691082,36.591,36.56866666666667,46.29629629629627,36.6
2018-11-02 00:00:00+00:00,36.44,36.6,1230.9000244140625,96.54000091552734,924.86,63.13999938964844,2.2,36.56,36.52,36.64,1236.0,1222.5999755859375,1232.5,0.001094091903719896,-0.00412619383975521,36.588,36.565666666666665,43.13725490196053,36.59
2018-11-05 00:00:00+00:00,36.44,36.59,1229.800048828125,96.3499984741211,925.53,63.09999847412109,2.2,36.6,36.5,36.57,1230.9000244140625,1212.300048828125,1224.5,-0.0002732240437157696,-0.0008936351971079448,36.586,36.56466666666667,45.83333333333327,36.54
2018-11-06 00:00:00+00:00,36.38,36.54,1223.800048828125,96.31999969482422,922.05,62.209999084472656,2.2,36.59,36.56,36.52,1229.800048828125,1236.0,1222.5999755859375,-0.00136649357748031,-0.004878841894434327,36.574,36.564,38.00000000000008,36.57
2018-11-07 00:00:00+00:00,36.41,36.57,1226.199951171875,96.0,922.16,61.66999816894531,2.2,36.54,36.6,36.5,1223.800048828125,1230.9000244140625,1212.300048828125,0.0008210180623973162,0.0019610248798798136,36.569,36.56433333333334,43.99999999999977,36.53
2018-11-08 00:00:00+00:00,36.37,36.53,1222.9000244140625,96.63999938964844,926.28,60.66999816894531,2.2,36.57,36.59,36.56,1226.199951171875,1229.800048828125,1236.0,-0.0010937927262782976,-0.0026911816092136664,36.562,36.565333333333335,40.74074074074059,36.51
2018-11-09 00:00:00+00:00,36.35,36.51,1206.4000244140625,96.91000366210938,914.29,60.18999862670898,2.2,36.53,36.54,36.6,1222.9000244140625,1223.800048828125,1230.9000244140625,-0.0005474952094169927,-0.013492517516226044,36.549,36.568,40.74074074074059,36.48
2018-11-12 00:00:00+00:00,36.32,36.48,1201.300048828125,97.54000091552734,918.12,59.93000030517578,2.2,36.51,36.57,36.59,1206.4000244140625,1226.199951171875,1229.800048828125,-0.0008216926869351049,-0.004227433258230051,36.54,36.568333333333335,32.69230769230782,36.48
2018-11-13 00:00:00+00:00,36.32,36.48,1199.199951171875,97.3000030517578,907.99,55.68999862670898,2.2,36.48,36.53,36.54,1201.300048828125,1222.9000244140625,1223.800048828125,0.0,-0.0017481874393484587,36.536,36.56733333333333,35.41666666666673,36.5
2018-11-14 00:00:00+00:00,36.36,36.5,1207.9000244140625,96.8000030517578,900.93,56.25,2.2,36.48,36.51,36.57,1199.199951171875,1206.4000244140625,1226.199951171875,0.0005482456140351033,0.0072548979289781546,36.536,36.56633333333333,39.58333333333342,36.58
2018-11-15 00:00:00+00:00,36.42,36.58,1212.800048828125,96.93000030517578,897.15,56.459999084472656,2.2,36.5,36.48,36.53,1207.9000244140625,1201.300048828125,1222.9000244140625,0.0021917808219178436,0.004056647334235608,36.538,36.568333333333335,44.23076923076912,36.64
2018-11-16 00:00:00+00:00,36.48,36.64,1220.800048828125,96.47000122070312,898.19,56.459999084472656,2.2,36.58,36.48,36.51,1212.800048828125,1199.199951171875,1206.4000244140625,0.0016402405686168908,0.006596305803030056,36.541999999999994,36.57233333333333,56.86274509803908,36.65
2018-11-19 00:00:00+00:00,36.49,36.65,1223.0999755859375,96.19000244140624,916.06,56.7599983215332,2.2,36.64,36.5,36.48,1220.800048828125,1207.9000244140625,1201.300048828125,0.0002729257641920224,0.0018839504143370878,36.548,36.57666666666667,63.82978723404168,36.62
2018-11-20 00:00:00+00:00,36.46,36.62,1219.0,96.80999755859376,919.02,53.43000030517578,2.2,36.65,36.58,36.48,1223.0999755859375,1212.800048828125,1199.199951171875,-0.0008185538881310128,-0.0033521181160790503,36.556,36.580666666666666,62.49999999999944,36.59
2018-11-21 00:00:00+00:00,36.43,36.59,1225.800048828125,96.70999908447266,922.56,54.630001068115234,2.2,36.62,36.64,36.5,1219.0,1220.800048828125,1207.9000244140625,-0.0008192244675039317,0.005578382959905648,36.558,36.583666666666666,53.333333333333435,36.57
2018-11-22 00:00:00+00:00,36.41,36.57,1225.800048828125,96.70999908447266,924.42,54.630001068115234,2.2,36.59,36.65,36.58,1225.800048828125,1223.0999755859375,1212.800048828125,-0.0005465974309921684,0.0,36.562,36.58500000000001,46.51162790697666,36.54
2018-11-23 00:00:00+00:00,36.38,36.54,1221.0,96.91999816894533,917.97,50.41999816894531,2.2,36.57,36.62,36.64,1225.800048828125,1219.0,1220.800048828125,-0.0008203445447088065,-0.003915849760908308,36.565000000000005,36.583,44.44444444444409,36.53
2018-11-26 00:00:00+00:00,36.37,36.53,1220.199951171875,97.06999969482422,921.03,51.630001068115234,2.2,36.54,36.59,36.65,1221.0,1225.800048828125,1223.0999755859375,-0.00027367268746569806,-0.0006552406454750637,36.57,36.57833333333334,48.780487804878305,36.48
2018-11-27 00:00:00+00:00,36.32,36.48,1211.199951171875,97.37000274658205,923.12,51.560001373291016,2.2,36.53,36.57,36.62,1220.199951171875,1225.800048828125,1219.0,-0.0013687380235424262,-0.0073758403213805,36.57,36.57333333333334,39.534883720930004,36.45
2018-11-28 00:00:00+00:00,36.29,36.45,1221.4000244140625,96.79000091552734,930.2,50.290000915527344,2.2,36.48,36.54,36.59,1211.199951171875,1221.0,1225.800048828125,-0.0008223684210524329,0.00842146107446462,36.565,36.56633333333333,40.476190476190716,36.5
2018-11-29 00:00:00+00:00,36.34,36.5,1224.0999755859375,96.77999877929688,926.79,51.45000076293945,2.2,36.45,36.53,36.57,1221.4000244140625,1220.199951171875,1225.800048828125,0.00137174211248281,0.0022105380038535127,36.557,36.562000000000005,48.8888888888891,36.48
2018-11-30 00:00:00+00:00,36.32,36.48,1220.199951171875,97.2699966430664,926.54,50.93000030517578,2.2,36.5,36.48,36.54,1224.0999755859375,1211.199951171875,1221.0,-0.0005479452054795164,-0.003186034222568912,36.541000000000004,36.556999999999995,50.0,36.48
2018-12-01 00:00:00+00:00,36.32,36.48,1220.199951171875,97.2699966430664,926.54,50.93000030517578,2.27,36.48,36.45,36.53,1220.199951171875,1221.4000244140625,1220.199951171875,0.0,0.0,36.523999999999994,36.55266666666667,50.0,36.48
2018-12-03 00:00:00+00:00,36.32,36.48,1233.9000244140625,97.04000091552734,951.59,52.95000076293945,2.27,36.48,36.5,36.48,1220.199951171875,1224.0999755859375,1211.199951171875,0.0,0.011227728069510334,36.510000000000005,36.54666666666666,47.61904761904722,36.49
2018-12-04 00:00:00+00:00,36.33,36.49,1241.0999755859375,96.97000122070312,958.84,53.25,2.27,36.48,36.48,36.45,1233.9000244140625,1220.199951171875,1221.4000244140625,0.0002741228070177737,0.005835117132195533,36.5,36.54233333333333,37.14285714285772,36.46
2018-12-05 00:00:00+00:00,36.3,36.46,1241.0999755859375,96.97000122070312,957.14,53.25,2.27,36.49,36.48,36.5,1241.0999755859375,1220.199951171875,1224.0999755859375,-0.0008221430528911888,0.0,36.489,36.53766666666666,21.87500000000007,36.42
2018-12-06 00:00:00+00:00,36.26,36.42,1238.0999755859375,96.80999755859376,954.82,51.4900016784668,2.27,36.46,36.48,36.48,1241.0999755859375,1233.9000244140625,1220.199951171875,-0.0010970927043334466,-0.002417210586587615,36.477,36.53033333333334,17.14285714285772,36.43
2018-12-07 00:00:00+00:00,36.27,36.43,1246.800048828125,96.51000213623048,958.59,52.61000061035156,2.27,36.42,36.49,36.48,1238.0999755859375,1241.0999755859375,1220.199951171875,0.00027457440966505153,0.007026955345888153,36.467,36.525666666666666,21.212121212121403,36.51
2018-12-10 00:00:00+00:00,36.35,36.51,1243.699951171875,97.22000122070312,955.89,51.0,2.27,36.43,36.46,36.48,1246.800048828125,1241.0999755859375,1233.9000244140625,0.0021959923140268955,-0.0024864433227795857,36.47,36.52533333333334,39.473684210525676,36.47
2018-12-11 00:00:00+00:00,36.31,36.47,1241.9000244140625,97.38999938964844,954.58,51.650001525878906,2.27,36.51,36.42,36.49,1243.699951171875,1238.0999755859375,1241.0999755859375,-0.0010955902492467695,-0.0014472355298531525,36.472,36.52433333333333,37.49999999999978,36.42
2018-12-12 00:00:00+00:00,36.26,36.42,1244.4000244140625,97.04000091552734,961.28,51.150001525878906,2.27,36.47,36.43,36.46,1241.9000244140625,1246.800048828125,1241.0999755859375,-0.0013709898546749866,0.0020130444889712162,36.464,36.519666666666666,35.714285714285836,36.4
2018-12-13 00:00:00+00:00,36.2227,36.4,1242.699951171875,97.05999755859376,960.25,52.58000183105469,2.27,36.42,36.51,36.42,1244.4000244140625,1243.699951171875,1238.0999755859375,-0.0005491488193301031,-0.0013661790492072168,36.456,36.513000000000005,34.88372093023226,36.41
2018-12-14 00:00:00+00:00,36.25,36.41,1237.0,97.44000244140624,952.04,51.20000076293945,2.27,36.4,36.47,36.43,1242.699951171875,1241.9000244140625,1246.800048828125,0.00027472527472527375,-0.004586747723374307,36.449,36.50699999999999,41.02564102564084,36.43
2018-12-17 00:00:00+00:00,36.25,36.43,1247.4000244140625,97.0999984741211,933.65,49.880001068115234,2.27,36.41,36.42,36.51,1237.0,1244.4000244140625,1243.699951171875,0.0005492996429552477,0.00840745708493329,36.444,36.50333333333333,47.368421052631184,36.42
2018-12-18 00:00:00+00:00,36.24,36.42,1249.199951171875,97.13999938964844,927.25,46.2400016784668,2.27,36.43,36.4,36.47,1247.4000244140625,1242.699951171875,1241.9000244140625,-0.00027449903925336194,0.0014429426988811223,36.437,36.498333333333335,38.235294117647435,36.41
2018-12-19 00:00:00+00:00,36.23,36.41,1252.0999755859375,97.04000091552734,919.24,47.20000076293945,2.27,36.42,36.41,36.42,1249.199951171875,1237.0,1244.4000244140625,-0.00027457440966516256,0.0023215053853804513,36.432,36.49433333333333,39.39393939393952,36.4
2018-12-20 00:00:00+00:00,36.2227,36.4,1263.5999755859375,96.27999877929688,918.24,45.880001068115234,2.27,36.41,36.43,36.4,1252.0999755859375,1247.4000244140625,1242.699951171875,-0.0002746498214775128,0.00918457010161533,36.43,36.49066666666667,38.235294117647435,36.43
2018-12-21 00:00:00+00:00,36.25,36.43,1253.800048828125,96.95999908447266,912.26,45.59000015258789,2.27,36.4,36.42,36.41,1263.5999755859375,1249.199951171875,1237.0,0.0008241758241758212,-0.007755561053464088,36.42999999999999,36.489000000000004,43.24324324324371,36.44
2018-12-24 00:00:00+00:00,36.26,36.44,1267.5,96.5500030517578,908.56,42.52999877929688,2.27,36.43,36.41,36.43,1253.800048828125,1252.0999755859375,1247.4000244140625,0.00027449903925336194,0.010926743211311596,36.423,36.48766666666666,43.243243243242624,36.41
2018-12-25 00:00:00+00:00,36.23,36.41,1267.5,96.5500030517578,897.94,42.52999877929688,2.27,36.44,36.4,36.42,1267.5,1263.5999755859375,1249.199951171875,-0.0008232711306257467,0.0,36.416999999999994,36.48466666666666,43.243243243242624,36.46
2018-12-26 00:00:00+00:00,36.28,36.46,1269.199951171875,97.0500030517578,891.75,46.220001220703125,2.27,36.41,36.43,36.41,1267.5,1253.800048828125,1252.0999755859375,0.0013732491073881192,0.0013411843565089843,36.421,36.48066666666667,55.26315789473669,36.45
2018-12-27 00:00:00+00:00,36.27,36.45,1277.300048828125,96.4800033569336,900.81,44.61000061035156,2.27,36.46,36.44,36.4,1269.199951171875,1267.5,1263.5999755859375,-0.00027427317608330615,0.006382050084993374,36.426,36.474333333333334,52.63157894736881,36.54
2018-12-28 00:00:00+00:00,36.34,36.54,1279.9000244140625,96.38999938964844,892.54,45.33000183105469,2.27,36.45,36.41,36.43,1277.300048828125,1267.5,1253.800048828125,0.0024691358024691024,0.0020355245334273686,36.439,36.47066666666667,53.84615384615398,36.57
2018-12-31 00:00:00+00:00,36.27,36.57,1278.300048828125,96.16999816894533,892.54,45.40999984741211,2.27,36.54,36.46,36.44,1279.9000244140625,1269.199951171875,1267.5,0.0008210180623973162,-0.0012500785650582102,36.452999999999996,36.469,63.1578947368422,36.57
2019-01-01 00:00:00+00:00,36.27,36.57,1278.300048828125,96.16999816894533,892.54,45.40999984741211,2.4,36.57,36.45,36.41,1278.300048828125,1277.300048828125,1267.5,0.0,0.0,36.467999999999996,36.468333333333334,72.72727272727214,36.58
2019-01-02 00:00:00+00:00,36.38,36.58,1281.0,96.81999969482422,891.75,46.540000915527344,2.4,36.57,36.54,36.46,1278.300048828125,1279.9000244140625,1269.199951171875,0.00027344818156960216,0.0021121419609975156,36.485,36.468666666666664,78.12499999999993,36.58
2019-01-03 00:00:00+00:00,36.38,36.58,1291.800048828125,96.30999755859376,878.22,47.09000015258789,2.4,36.58,36.57,36.45,1281.0,1278.300048828125,1277.300048828125,0.0,0.008430951466139813,36.503,36.47,77.41935483870975,36.58
2019-01-04 00:00:00+00:00,36.38,36.58,1282.699951171875,96.19000244140624,880.9,47.959999084472656,2.4,36.58,36.57,36.54,1291.800048828125,1278.300048828125,1279.9000244140625,0.0,-0.0070445094536923936,36.518,36.471666666666664,75.86206896551707,36.81
2019-01-07 00:00:00+00:00,36.63,36.81,1286.800048828125,95.70999908447266,889.64,48.52000045776367,2.4,36.58,36.58,36.57,1282.699951171875,1281.0,1278.300048828125,0.006287588846364267,0.0031964588854191955,36.555,36.48266666666667,88.23529411764673,36.72
2019-01-08 00:00:00+00:00,36.54,36.72,1283.199951171875,95.9000015258789,887.44,49.77999877929688,2.4,36.81,36.58,36.57,1286.800048828125,1291.800048828125,1278.300048828125,-0.0024449877750611915,-0.002797713335128127,36.586,36.49166666666666,76.27118644067801,36.67
2019-01-09 00:00:00+00:00,36.5,36.67,1289.300048828125,95.22000122070312,896.99,52.36000061035156,2.4,36.72,36.58,36.58,1283.199951171875,1282.699951171875,1281.0,-0.0013616557734204005,0.004753816932956623,36.607000000000006,36.49733333333333,71.42857142857159,36.76
2019-01-10 00:00:00+00:00,36.58,36.76,1284.699951171875,95.54000091552734,898.3,52.59000015258789,2.4,36.67,36.81,36.58,1289.300048828125,1286.800048828125,1291.800048828125,0.002454322334333181,-0.003567903111794002,36.638,36.50666666666667,73.91304347826083,36.73
2019-01-11 00:00:00+00:00,36.55,36.73,1287.0999755859375,95.66999816894533,902.71,51.59000015258789,2.4,36.76,36.72,36.58,1284.699951171875,1283.199951171875,1282.699951171875,-0.0008161044613710366,0.0018681594965994641,36.657,36.515,70.42253521126752,36.71
2019-01-14 00:00:00+00:00,36.53,36.71,1289.0999755859375,95.58999633789062,901.8,50.5099983215332,2.4,36.73,36.67,36.81,1287.0999755859375,1289.300048828125,1286.800048828125,-0.0005445140212358979,0.0015538808468158471,36.67100000000001,36.522666666666666,71.42857142857186,36.68
2019-01-15 00:00:00+00:00,36.5,36.68,1286.199951171875,95.97000122070312,909.68,52.11000061035156,2.4,36.71,36.76,36.72,1289.0999755859375,1284.699951171875,1283.199951171875,-0.0008172160174340082,-0.0022496505073195117,36.681999999999995,36.529,66.17647058823539,36.65
2019-01-16 00:00:00+00:00,36.47,36.65,1291.5999755859375,96.05999755859376,908.7,52.310001373291016,2.4,36.68,36.73,36.67,1286.199951171875,1287.0999755859375,1289.300048828125,-0.0008178844056706547,0.004198433073444363,36.689,36.535333333333334,64.28571428571408,36.72
2019-01-17 00:00:00+00:00,36.54,36.72,1291.0,96.06999969482422,901.89,52.06999969482422,2.4,36.65,36.71,36.76,1291.5999755859375,1289.0999755859375,1284.699951171875,0.0019099590723055115,-0.00046452121189100026,36.702999999999996,36.54533333333333,63.235294117647044,36.74
2019-01-18 00:00:00+00:00,36.56,36.74,1281.300048828125,96.33999633789062,902.3,53.79999923706055,2.4,36.72,36.68,36.73,1291.0,1286.199951171875,1287.0999755859375,0.0005446623093683378,-0.007513517561483329,36.719,36.55566666666667,62.6865671641792,36.59
2019-01-21 00:00:00+00:00,36.41,36.59,1281.300048828125,96.33999633789062,911.05,53.79999923706055,2.4,36.74,36.65,36.71,1281.300048828125,1291.5999755859375,1289.0999755859375,-0.004082743603701644,0.0,36.697,36.55833333333332,51.219512195122135,36.53
2019-01-22 00:00:00+00:00,36.35,36.53,1282.5,96.3000030517578,906.55,52.56999969482422,2.4,36.59,36.72,36.68,1281.300048828125,1291.0,1286.199951171875,-0.0016397922929762832,0.0009365106736494155,36.678,36.56033333333334,47.12643678160937,36.55
2019-01-23 00:00:00+00:00,36.37,36.55,1283.0999755859375,96.12000274658205,908.02,52.619998931884766,2.4,36.53,36.74,36.65,1282.5,1281.300048828125,1291.5999755859375,0.0005474952094168817,0.0004678172210039744,36.666000000000004,36.56466666666667,48.314606741572966,36.54
2019-01-24 00:00:00+00:00,36.36,36.54,1279.0999755859375,96.5999984741211,908.79,53.130001068115234,2.4,36.55,36.59,36.72,1283.0999755859375,1281.300048828125,1291.0,-0.0002735978112174964,-0.0031174499852775206,36.644,36.56933333333333,47.77777777777782,36.66
2019-01-25 00:00:00+00:00,36.48,36.66,1297.4000244140625,95.79000091552734,908.88,53.68999862670898,2.4,36.54,36.53,36.74,1279.0999755859375,1282.5,1281.300048828125,0.003284072249589487,0.014306973010254298,36.637,36.57766666666667,40.5063291139236,36.78
2019-01-28 00:00:00+00:00,36.58,36.78,1302.4000244140625,95.75,912.18,51.9900016784668,2.4,36.66,36.55,36.59,1297.4000244140625,1283.0999755859375,1281.300048828125,0.003273322422258751,0.0038538614967715823,36.644,36.589333333333336,53.65853658536603,36.85
2019-01-29 00:00:00+00:00,36.65,36.85,1308.199951171875,95.81999969482422,915.93,53.310001373291016,2.4,36.78,36.54,36.53,1302.4000244140625,1279.0999755859375,1282.5,0.0019032082653616111,0.004453260633515255,36.660999999999994,36.60366666666666,60.71428571428575,36.92
2019-01-30 00:00:00+00:00,36.72,36.92,1309.9000244140625,95.33999633789062,915.84,54.22999954223633,2.4,36.85,36.66,36.55,1308.199951171875,1297.4000244140625,1283.0999755859375,0.001899592944369033,0.0012995515254869971,36.688,36.62066666666667,59.75609756097583,37.1
2019-01-31 00:00:00+00:00,36.9,37.1,1319.699951171875,95.58000183105467,910.65,53.790000915527344,2.4,36.92,36.78,36.54,1309.9000244140625,1302.4000244140625,1279.0999755859375,0.0048754062838569645,0.007481431082647871,36.726000000000006,36.644,69.07216494845386,37.1
2019-02-01 00:00:00+00:00,36.88,37.1,1316.9000244140625,95.58000183105467,908.67,55.2599983215332,2.4,37.1,36.85,36.66,1319.699951171875,1308.199951171875,1297.4000244140625,0.0,-0.0021216389038479777,36.762,36.666333333333334,70.52631578947366,37.1
2019-02-04 00:00:00+00:00,36.88,37.1,1314.300048828125,95.8499984741211,908.67,54.560001373291016,2.4,37.1,36.92,36.78,1316.9000244140625,1309.9000244140625,1302.4000244140625,0.0,-0.001974315086746503,36.813,36.68833333333334,72.82608695652179,37.1
2019-02-05 00:00:00+00:00,36.88,37.1,1314.199951171875,96.0999984741211,908.67,53.65999984741211,2.4,37.1,37.1,36.85,1314.300048828125,1319.699951171875,1308.199951171875,0.0,-7.616042952995894e-05,36.870000000000005,36.71133333333333,75.28089887640465,37.1
2019-02-06 00:00:00+00:00,36.88,37.1,1309.5,96.41999816894533,908.67,54.0099983215332,2.4,37.1,37.1,36.92,1314.199951171875,1316.9000244140625,1309.9000244140625,0.0,-0.003576283173412076,36.925,36.73266666666667,73.17073170731723,37.1
2019-02-07 00:00:00+00:00,36.88,37.1,1309.4000244140625,96.51000213623048,908.67,52.63999938964844,2.4,37.1,37.1,37.1,1309.5,1314.300048828125,1319.699951171875,0.0,-7.634638101372548e-05,36.981,36.75433333333333,72.50000000000004,37.1
2019-02-08 00:00:00+00:00,36.88,37.1,1313.699951171875,96.63999938964844,908.67,52.720001220703125,2.4,37.1,37.1,37.1,1309.4000244140625,1314.199951171875,1316.9000244140625,0.0,0.003283890848968518,37.025,36.773,89.23076923076917,37.13
2019-02-11 00:00:00+00:00,36.93,37.13,1307.0,97.05999755859376,926.1,52.40999984741211,2.4,37.1,37.1,37.1,1313.699951171875,1309.5,1314.300048828125,0.0008086253369272711,-0.0051000619783067025,37.06,36.791666666666664,98.38709677419386,37.15
2019-02-12 00:00:00+00:00,36.95,37.15,1309.199951171875,96.70999908447266,937.54,53.09999847412109,2.4,37.13,37.1,37.1,1307.0,1309.4000244140625,1314.199951171875,0.0005386479935360899,0.0016832067114576077,37.09,36.81100000000001,98.38709677419386,37.02
2019-02-13 00:00:00+00:00,36.78,37.02,1310.800048828125,97.12999725341795,945.25,53.900001525878906,2.4,37.15,37.1,37.1,1309.199951171875,1313.699951171875,1309.5,-0.003499327052489787,0.001222195016748806,37.1,36.82566666666666,82.43243243243293,37.0
2019-02-14 00:00:00+00:00,36.5,37.0,1309.800048828125,96.9800033569336,952.34,54.40999984741211,2.4,37.02,37.13,37.1,1310.800048828125,1307.0,1309.4000244140625,-0.0005402485143166658,-0.0007628928614200614,37.089999999999996,36.839666666666666,76.56250000000024,36.88
2019-02-15 00:00:00+00:00,36.68,36.88,1318.0999755859375,96.91999816894533,950.89,55.59000015258789,2.4,37.0,37.15,37.1,1309.800048828125,1309.199951171875,1313.699951171875,-0.00324324324324321,0.0063367891650625285,37.068,36.849666666666664,57.812500000000185,37.0
2019-02-18 00:00:00+00:00,36.8,37.0,1318.0999755859375,96.91999816894533,961.3,55.59000015258789,2.4,36.88,37.02,37.13,1318.0999755859375,1310.800048828125,1307.0,0.0032537960954446277,0.0,37.058,36.855999999999995,60.86956521739135,37.0
2019-02-19 00:00:00+00:00,36.8,37.0,1340.0999755859375,96.5199966430664,964.35,56.09000015258789,2.4,37.0,37.0,37.15,1318.0999755859375,1309.800048828125,1309.199951171875,0.0,0.016690691455494733,37.048,36.86533333333333,56.45161290322577,37.15
2019-02-20 00:00:00+00:00,36.95,37.15,1343.300048828125,96.4499969482422,970.58,56.91999816894531,2.4,37.0,36.88,37.02,1340.0999755859375,1318.0999755859375,1310.800048828125,0.004054054054054124,0.002387936199154339,37.053000000000004,36.88133333333334,54.23728813559306,37.13
2019-02-21 00:00:00+00:00,36.93,37.13,1323.5,96.61000061035156,987.57,56.959999084472656,2.4,37.15,37.0,37.0,1343.300048828125,1318.0999755859375,1309.800048828125,-0.0005383580080752237,-0.014739855660243828,37.056,36.89366666666667,52.459016393442774,37.1
2019-02-22 00:00:00+00:00,36.9,37.1,1329.199951171875,96.51000213623048,988.91,57.2599983215332,2.4,37.13,37.0,36.88,1323.5,1340.0999755859375,1318.0999755859375,-0.000807971990304357,0.004306725479316098,37.056000000000004,36.906,50.0,37.07
2019-02-25 00:00:00+00:00,36.87,37.07,1325.9000244140625,96.41000366210938,994.43,55.47999954223633,2.4,37.1,37.15,37.0,1329.199951171875,1343.300048828125,1318.0999755859375,-0.0008086253369272711,-0.0024826413474535736,37.050000000000004,36.918,47.76119402985062,37.06
2019-02-26 00:00:00+00:00,36.86,37.06,1325.0999755859375,96.0,987.06,55.5,2.4,37.07,37.13,37.0,1325.9000244140625,1323.5,1340.0999755859375,-0.0002697599136767259,-0.0006034005682129528,37.041000000000004,36.93066666666666,47.05882352941176,37.05
2019-02-27 00:00:00+00:00,36.85,37.05,1317.699951171875,96.1500015258789,990.27,56.93999862670898,2.4,37.06,37.1,37.15,1325.0999755859375,1329.199951171875,1343.300048828125,-0.00026983270372382684,-0.005584502717080109,37.044,36.944,46.37681159420254,37.0
2019-02-28 00:00:00+00:00,36.8,37.0,1312.800048828125,96.16000366210938,965.47,57.220001220703125,2.4,37.05,37.07,37.13,1317.699951171875,1325.9000244140625,1323.5,-0.0013495276653170407,-0.003718526618591955,37.044,36.95333333333334,43.24324324324304,36.86
2019-03-01 00:00:00+00:00,36.66,36.86,1296.4000244140625,96.52999877929688,979.63,55.79999923706055,2.41,37.0,37.06,37.1,1312.800048828125,1325.0999755859375,1329.199951171875,-0.003783783783783745,-0.012492400825778516,37.042,36.95733333333333,34.117647058823096,36.6
2019-03-04 00:00:00+00:00,36.42,36.6,1284.800048828125,96.68000030517578,993.99,56.59000015258789,2.41,36.86,37.05,37.07,1296.4000244140625,1317.699951171875,1325.9000244140625,-0.007053716766142082,-0.008947836599417225,37.002,36.95766666666667,24.770642201834747,36.6
2019-03-05 00:00:00+00:00,36.43,36.6,1282.0,96.8499984741211,992.45,56.560001373291016,2.41,36.6,37.0,37.06,1284.800048828125,1312.800048828125,1325.0999755859375,0.0,-0.0021793654434236753,36.962,36.96,28.124999999999773,36.61
2019-03-06 00:00:00+00:00,36.46,36.61,1284.9000244140625,96.87000274658205,994.49,56.220001220703125,2.41,36.6,36.86,37.05,1282.0,1296.4000244140625,1317.699951171875,0.0002732240437157696,0.0022621095273498426,36.908,36.961999999999996,29.473684210526045,36.62
2019-03-07 00:00:00+00:00,36.45,36.62,1283.800048828125,97.66999816894533,994.03,56.65999984741211,2.41,36.61,36.6,37.0,1284.9000244140625,1284.800048828125,1312.800048828125,0.0002731494127286016,-0.0008560787337824616,36.857,36.964666666666666,34.52380952380902,36.64
2019-03-08 00:00:00+00:00,36.47,36.64,1297.0,97.37000274658205,985.25,56.06999969482422,2.41,36.62,36.6,36.86,1283.800048828125,1282.0,1296.4000244140625,0.0005461496450027692,0.01028193696045121,36.811,36.96399999999999,25.675675675675535,36.65
2019-03-11 00:00:00+00:00,36.48,36.65,1288.800048828125,97.22000122070312,984.6,56.790000915527344,2.41,36.64,36.61,36.6,1297.0,1284.9000244140625,1284.800048828125,0.0002729257641920224,-0.006322244542694699,36.769,36.959666666666664,26.666666666666345,36.63
2019-03-12 00:00:00+00:00,36.47,36.63,1296.300048828125,96.94000244140624,1001.32,56.869998931884766,2.41,36.65,36.62,36.6,1288.800048828125,1283.800048828125,1282.0,-0.0005457025920871938,0.005819366632410894,36.726,36.95233333333333,8.06451612903193,36.73
2019-03-13 00:00:00+00:00,36.57,36.73,1307.5,96.5500030517578,1005.41,58.2599983215332,2.41,36.63,36.64,36.61,1296.300048828125,1297.0,1284.9000244140625,0.0027300027300025675,0.008639937321609947,36.694,36.946,21.428571428570564,36.67
2019-03-14 00:00:00+00:00,36.51,36.67,1293.4000244140625,96.79000091552734,1009.56,58.61000061035156,2.41,36.73,36.65,36.62,1307.5,1288.800048828125,1283.800048828125,-0.0016335420637080267,-0.010783920142208414,36.661,36.931666666666665,20.547945205478783,36.65
2019-03-15 00:00:00+00:00,36.5,36.65,1301.800048828125,96.5999984741211,1004.12,58.52000045776367,2.41,36.67,36.63,36.64,1293.4000244140625,1296.300048828125,1297.0,-0.0005454049631852254,0.006494529345526967,36.64,36.916666666666664,20.83333333333259,36.65
2019-03-18 00:00:00+00:00,36.5,36.65,1300.300048828125,96.5199966430664,1011.86,59.09000015258789,2.41,36.65,36.73,36.65,1301.800048828125,1307.5,1288.800048828125,0.0,-0.0011522506865400128,36.644999999999996,36.901666666666664,21.126760563379477,36.67
2019-03-19 00:00:00+00:00,36.52,36.67,1305.0,96.37999725341795,1006.59,59.02999877929688,2.41,36.65,36.67,36.63,1300.300048828125,1293.4000244140625,1296.300048828125,0.0005457025920874159,0.0036145128011881855,36.652,36.88733333333334,23.61111111111086,36.66
2019-03-20 00:00:00+00:00,36.51,36.66,1300.5,95.76000213623048,1002.3,59.83000183105469,2.41,36.67,36.65,36.73,1305.0,1301.800048828125,1307.5,-0.0002727024815927237,-0.0034482758620689724,36.657,36.87266666666667,24.99999999999949,36.8
2019-03-21 00:00:00+00:00,36.65,36.8,1306.0999755859375,96.5,981.78,59.97999954223633,2.41,36.66,36.65,36.67,1300.5,1300.300048828125,1293.4000244140625,0.003818876159301654,0.004306017367118331,36.675,36.86266666666667,45.58823529411743,36.7
2019-03-22 00:00:00+00:00,36.56,36.7,1311.5999755859375,96.6500015258789,988.71,59.040000915527344,2.41,36.8,36.67,36.65,1306.0999755859375,1305.0,1301.800048828125,-0.0027173913043476716,0.004211009955445988,36.681,36.849333333333334,59.615384615384954,36.78
2019-03-25 00:00:00+00:00,36.65,36.78,1321.9000244140625,96.56999969482422,970.07,58.81999969482422,2.41,36.7,36.66,36.65,1311.5999755859375,1300.5,1300.300048828125,0.0021798365122616126,0.007853041338708122,36.694,36.83766666666667,65.00000000000028,36.79
2019-03-26 00:00:00+00:00,36.67,36.79,1314.300048828125,96.73999786376952,969.79,59.93999862670898,2.41,36.78,36.8,36.67,1321.9000244140625,1306.0999755859375,1305.0,0.00027188689505153185,-0.005749281674539808,36.709999999999994,36.82566666666666,65.00000000000028,36.77
2019-03-27 00:00:00+00:00,36.65,36.77,1309.9000244140625,96.7699966430664,975.91,59.40999984741211,2.41,36.79,36.7,36.66,1314.300048828125,1311.5999755859375,1300.5,-0.0005436259853219827,-0.003347808149277376,36.714000000000006,36.81733333333333,62.295081967213875,36.73
2019-03-28 00:00:00+00:00,36.61,36.73,1289.800048828125,97.1999969482422,982.98,59.29999923706055,2.41,36.77,36.78,36.8,1309.9000244140625,1321.9000244140625,1306.0999755859375,-0.0010878433505576712,-0.015344663876106557,36.72,36.80833333333333,57.14285714285698,36.52
2019-03-29 00:00:00+00:00,36.4,36.52,1293.0,97.27999877929688,980.76,60.13999938964844,2.41,36.73,36.79,36.7,1289.800048828125,1314.300048828125,1311.5999755859375,-0.005717397222978371,0.0024809668558956055,36.707,36.79633333333334,42.16867469879531,36.53
2019-04-01 00:00:00+00:00,36.37,36.53,1288.4000244140625,97.25,988.53,61.59000015258789,2.42,36.52,36.77,36.78,1293.0,1309.9000244140625,1321.9000244140625,0.0002738225629790314,-0.0035575990610499097,36.695,36.78066666666667,43.902439024390056,36.49
2019-04-02 00:00:00+00:00,36.33,36.49,1290.0,97.36000061035156,985.81,62.58000183105469,2.42,36.53,36.73,36.79,1288.4000244140625,1289.800048828125,1314.300048828125,-0.0010949904188337634,0.0012418313843676199,36.677,36.76366666666667,34.21052631578962,36.49
2019-04-03 00:00:00+00:00,36.33,36.49,1289.9000244140625,97.08999633789062,984.46,62.459999084472656,2.42,36.49,36.52,36.77,1290.0,1293.0,1309.9000244140625,0.0,-7.750045421506258e-05,36.660000000000004,36.74166666666667,37.14285714285709,36.5
2019-04-04 00:00:00+00:00,36.35,36.5,1289.0,97.30999755859376,986.91,62.09999847412109,2.42,36.49,36.53,36.73,1289.9000244140625,1288.4000244140625,1289.800048828125,0.00027404768429706294,-0.0006977474199765243,36.63,36.72066666666667,39.130434782608646,36.48
2019-04-05 00:00:00+00:00,36.33,36.48,1290.4000244140625,97.4000015258789,989.26,63.08000183105469,2.42,36.5,36.49,36.52,1289.0,1290.0,1293.0,-0.0005479452054795164,0.0010861322064099621,36.608000000000004,36.7,38.028169014084284,36.52
2019-04-08 00:00:00+00:00,36.37,36.52,1297.0999755859375,97.0500030517578,997.56,64.4000015258789,2.42,36.48,36.49,36.53,1290.4000244140625,1289.9000244140625,1288.4000244140625,0.0010964912280704286,0.005192150530931139,36.582,36.681666666666665,39.726027397260324,36.52
2019-04-09 00:00:00+00:00,36.37,36.52,1303.5,97.01000213623048,988.48,63.97999954223633,2.42,36.52,36.5,36.49,1297.0999755859375,1289.0,1290.0,0.0,0.004934102640138827,36.555,36.66366666666667,40.27777777777812,36.56
2019-04-10 00:00:00+00:00,36.41,36.56,1309.0999755859375,96.9499969482422,981.91,64.61000061035156,2.42,36.52,36.48,36.49,1303.5,1290.4000244140625,1289.9000244140625,0.0010952902519167917,0.004296107085490997,36.534,36.64733333333333,30.64516129032269,36.57
2019-04-11 00:00:00+00:00,36.42,36.57,1288.5999755859375,97.18000030517578,985.95,63.58000183105469,2.42,36.56,36.52,36.5,1309.0999755859375,1297.0999755859375,1289.0,0.00027352297592986297,-0.015659613766950464,36.518,36.633,37.73584905660339,36.49
2019-04-12 00:00:00+00:00,36.34,36.49,1290.5999755859375,96.97000122070312,982.9,63.88999938964844,2.42,36.57,36.52,36.48,1288.5999755859375,1303.5,1290.4000244140625,-0.0021875854525567062,0.0015520720455473036,36.515,36.62066666666667,22.641509433962042,36.49
2019-04-15 00:00:00+00:00,36.34,36.49,1286.800048828125,96.94000244140624,982.9,63.400001525878906,2.42,36.49,36.56,36.52,1290.5999755859375,1309.0999755859375,1297.0999755859375,0.0,-0.0029443102663064824,36.511,36.617000000000004,21.153846153846203,36.44
2019-04-16 00:00:00+00:00,36.29,36.44,1272.5999755859375,97.04000091552734,977.17,64.05000305175781,2.42,36.49,36.57,36.52,1286.800048828125,1288.5999755859375,1303.5,-0.0013702384214854257,-0.011035182393037135,36.506,36.611666666666665,19.999999999999744,36.4
2019-04-17 00:00:00+00:00,36.2227,36.4,1272.199951171875,97.01000213623048,972.1,63.7599983215332,2.42,36.44,36.49,36.56,1272.5999755859375,1290.5999755859375,1309.0999755859375,-0.001097694840834218,-0.00031433633642674597,36.497,36.60466666666667,20.0,36.4
2019-04-18 00:00:00+00:00,36.2227,36.4,1271.9000244140625,97.47000122070312,962.3,64.0,2.42,36.4,36.49,36.57,1272.199951171875,1286.800048828125,1288.5999755859375,0.0,-0.00023575441701295663,36.487,36.59733333333333,32.3529411764701,36.4
2019-04-19 00:00:00+00:00,36.2227,36.4,1271.9000244140625,97.47000122070312,966.21,64.0,2.42,36.4,36.44,36.49,1271.9000244140625,1272.5999755859375,1290.5999755859375,0.0,0.0,36.479,36.589333333333336,30.30303030303024,36.4
2019-04-22 00:00:00+00:00,36.2227,36.4,1273.5,97.27999877929688,965.86,65.69999694824219,2.42,36.4,36.4,36.49,1271.9000244140625,1272.199951171875,1286.800048828125,0.0,0.001257941312387878,36.467,36.581,34.482758620689395,36.4
2019-04-23 00:00:00+00:00,36.2227,36.4,1269.300048828125,97.56999969482422,968.0,66.30000305175781,2.42,36.4,36.4,36.44,1273.5,1271.9000244140625,1272.5999755859375,0.0,-0.0032979593026108978,36.455,36.57333333333334,34.482758620689395,36.4
2019-04-24 00:00:00+00:00,36.2227,36.4,1275.5,98.0999984741211,976.92,65.88999938964844,2.42,36.4,36.4,36.4,1269.300048828125,1271.9000244140625,1272.199951171875,0.0,0.004884543396653118,36.439,36.562333333333335,32.14285714285741,36.4
2019-04-25 00:00:00+00:00,36.2227,36.4,1275.800048828125,98.1999969482422,974.13,65.20999908447266,2.42,36.4,36.4,36.4,1275.5,1273.5,1271.9000244140625,0.0,0.00023524016317133523,36.422000000000004,36.55333333333333,34.61538461538525,36.42
2019-04-26 00:00:00+00:00,36.25,36.42,1284.9000244140625,98.01000213623048,979.64,63.29999923706055,2.42,36.4,36.4,36.4,1275.800048828125,1269.300048828125,1271.9000244140625,0.0005494505494505475,0.007132760023246698,36.415,36.54566666666666,29.166666666666544,36.42
2019-04-29 00:00:00+00:00,36.25,36.42,1278.5999755859375,97.86000061035156,979.64,63.5,2.42,36.42,36.4,36.4,1284.9000244140625,1275.5,1273.5,0.0,-0.004903143208358163,36.408,36.538000000000004,29.166666666666544,36.42
2019-04-30 00:00:00+00:00,36.25,36.42,1282.800048828125,97.4800033569336,979.64,63.90999984741211,2.42,36.42,36.4,36.4,1278.5999755859375,1275.800048828125,1269.300048828125,0.0,0.003284900142644487,36.406,36.529666666666664,15.000000000000355,36.42
2019-05-01 00:00:00+00:00,36.25,36.42,1281.4000244140625,97.69000244140624,979.64,63.59999847412109,2.39,36.42,36.42,36.4,1282.800048828125,1284.9000244140625,1275.5,0.0,-0.0010913816345279326,36.408,36.52166666666666,10.52631578947505,36.4
2019-05-02 00:00:00+00:00,36.2227,36.4,1269.699951171875,97.83000183105467,978.5,61.810001373291016,2.39,36.42,36.42,36.4,1281.4000244140625,1278.5999755859375,1275.800048828125,-0.0005491488193301031,-0.009130695348267603,36.408,36.50833333333333,15.384615384616652,36.4
2019-05-03 00:00:00+00:00,36.2227,36.4,1279.199951171875,97.5199966430664,974.14,61.93999862670898,2.39,36.4,36.42,36.42,1269.699951171875,1282.800048828125,1284.9000244140625,0.0,0.007482082669399093,36.408,36.49833333333333,15.384615384616652,36.4
2019-05-06 00:00:00+00:00,36.2227,36.4,1281.699951171875,97.5199966430664,957.97,62.25,2.39,36.4,36.42,36.42,1279.199951171875,1281.4000244140625,1278.5999755859375,0.0,0.0019543465411406835,36.408,36.48566666666667,25.000000000002217,36.4
2019-05-07 00:00:00+00:00,36.2227,36.4,1283.5,97.62999725341795,957.56,61.400001525878906,2.39,36.4,36.4,36.42,1281.699951171875,1269.699951171875,1282.800048828125,0.0,0.001404422951314821,36.408,36.47266666666667,50.0,36.4
2019-05-08 00:00:00+00:00,36.2227,36.4,1279.4000244140625,97.62000274658205,951.22,62.119998931884766,2.39,36.4,36.4,36.42,1283.5,1279.199951171875,1281.4000244140625,0.0,-0.0031943713174424904,36.408,36.46033333333333,50.0,36.4
2019-05-09 00:00:00+00:00,36.2227,36.4,1283.5,97.37000274658205,947.01,61.70000076293945,2.39,36.4,36.4,36.4,1279.4000244140625,1281.699951171875,1269.699951171875,0.0,0.0032046080254024556,36.408,36.449333333333335,50.0,36.41
2019-05-10 00:00:00+00:00,36.24,36.41,1285.699951171875,97.33000183105467,952.55,61.65999984741211,2.39,36.4,36.4,36.4,1283.5,1283.5,1279.199951171875,0.00027472527472527375,0.001714025065738145,36.407,36.44566666666666,59.99999999999716,36.4
2019-05-13 00:00:00+00:00,36.2227,36.4,1300.0999755859375,97.31999969482422,958.54,61.040000915527344,2.39,36.41,36.4,36.4,1285.699951171875,1279.4000244140625,1281.699951171875,-0.0002746498214775128,0.011200143860110812,36.405,36.44133333333333,50.0,36.55
2019-05-14 00:00:00+00:00,36.38,36.55,1294.699951171875,97.52999877929688,965.34,61.77999877929688,2.39,36.4,36.4,36.4,1300.0999755859375,1283.5,1283.5,0.004120879120879106,-0.004153545508397416,36.418,36.443333333333335,85.71428571428523,36.51
2019-05-15 00:00:00+00:00,36.34,36.51,1296.300048828125,97.56999969482422,975.64,62.02000045776367,2.39,36.55,36.41,36.4,1294.699951171875,1285.699951171875,1279.4000244140625,-0.0010943912448699855,0.0012358829972933805,36.427,36.443999999999996,71.99999999999989,36.51
2019-05-16 00:00:00+00:00,36.34,36.51,1285.0,97.83999633789062,975.69,62.869998931884766,2.39,36.51,36.4,36.4,1296.300048828125,1300.0999755859375,1283.5,0.0,-0.00871715529004291,36.438,36.44433333333333,69.5652173913038,36.47
2019-05-17 00:00:00+00:00,36.3,36.47,1274.5,98.0,976.48,62.7599983215332,2.39,36.51,36.55,36.41,1285.0,1294.699951171875,1285.699951171875,-0.0010955902492467695,-0.008171206225680905,36.445,36.443999999999996,59.25925925925887,36.4
2019-05-20 00:00:00+00:00,36.2227,36.4,1276.0999755859375,97.93000030517578,987.13,63.09999847412109,2.39,36.47,36.51,36.4,1274.5,1296.300048828125,1300.0999755859375,-0.0019193857965451588,0.0012553751164672278,36.445,36.440000000000005,47.05882352941128,36.4
2019-05-21 00:00:00+00:00,36.2227,36.4,1272.0,98.05999755859376,986.29,62.9900016784668,2.39,36.4,36.51,36.55,1276.0999755859375,1285.0,1294.699951171875,0.0,-0.003212895278095207,36.445,36.436,47.05882352941128,36.4
2019-05-22 00:00:00+00:00,36.2227,36.4,1273.5999755859375,98.11000061035156,983.78,61.41999816894531,2.39,36.4,36.47,36.51,1272.0,1274.5,1296.300048828125,0.0,0.001257842441774848,36.44499999999999,36.43066666666667,50.0,36.4
2019-05-23 00:00:00+00:00,36.2227,36.4,1284.800048828125,97.8499984741211,982.71,57.90999984741211,2.39,36.4,36.4,36.51,1273.5999755859375,1276.0999755859375,1285.0,0.0,0.008794027525820924,36.445,36.42499999999999,50.0,36.42
2019-05-24 00:00:00+00:00,36.25,36.42,1283.0,97.61000061035156,970.03,58.630001068115234,2.39,36.4,36.4,36.47,1284.800048828125,1272.0,1274.5,0.0005494505494505475,-0.0014010342152204203,36.446,36.422666666666665,52.94117647058873,36.45
2019-05-27 00:00:00+00:00,36.28,36.45,1283.0,97.61000061035156,975.14,58.630001068115234,2.39,36.42,36.4,36.4,1283.0,1273.5999755859375,1276.0999755859375,0.0008237232289951546,0.0,36.451,36.42133333333333,56.75675675675737,36.4
2019-05-28 00:00:00+00:00,36.23,36.4,1276.5,97.95999908447266,972.0,59.13999938964844,2.39,36.45,36.4,36.4,1283.0,1284.800048828125,1272.0,-0.001371742112482921,-0.005066250974279041,36.43599999999999,36.42,50.0,36.4
2019-05-29 00:00:00+00:00,36.2227,36.4,1280.5999755859375,98.13999938964844,971.54,58.810001373291016,2.39,36.4,36.42,36.4,1276.5,1283.0,1273.5999755859375,0.0,0.0032118884339502607,36.425,36.419999999999995,50.0,36.4
2019-05-30 00:00:00+00:00,36.2227,36.4,1287.0999755859375,98.13999938964844,969.34,56.59000015258789,2.39,36.4,36.45,36.4,1280.5999755859375,1283.0,1284.800048828125,0.0,0.005075745840949164,36.414,36.42,48.780487804878305,36.5
2019-05-31 00:00:00+00:00,36.33,36.5,1305.800048828125,97.75,959.88,53.5,2.39,36.4,36.4,36.42,1287.0999755859375,1276.5,1283.0,0.0027472527472527375,0.014528842822543409,36.417,36.42333333333333,60.0,36.5
2019-06-01 00:00:00+00:00,36.33,36.5,1305.800048828125,97.75,959.88,53.5,2.38,36.5,36.4,36.45,1305.800048828125,1280.5999755859375,1283.0,0.0,0.0,36.427,36.42666666666666,42.85714285714344,36.81
2019-06-03 00:00:00+00:00,36.64,36.81,1322.699951171875,97.13999938964844,946.47,53.25,2.38,36.5,36.4,36.4,1305.800048828125,1287.0999755859375,1276.5,0.008493150684931505,0.012942182349370057,36.468,36.440333333333335,74.19354838709666,37.02
2019-06-04 00:00:00+00:00,36.82,37.02,1323.4000244140625,97.06999969482422,951.16,53.47999954223633,2.38,36.81,36.5,36.4,1322.699951171875,1305.800048828125,1280.5999755859375,0.005704971475142706,0.0005292759265373981,36.529999999999994,36.461,80.7228915662649,37.15
2019-06-05 00:00:00+00:00,36.9,37.15,1328.300048828125,97.37000274658205,951.41,51.68000030517578,2.38,37.02,36.5,36.4,1323.4000244140625,1305.800048828125,1287.0999755859375,0.0035116153430576613,0.0037026026323612182,36.605000000000004,36.486000000000004,86.95652173913007,37.2
2019-06-06 00:00:00+00:00,36.95,37.2,1337.5999755859375,97.02999877929688,948.21,52.59000015258789,2.38,37.15,36.81,36.5,1328.300048828125,1322.699951171875,1305.800048828125,0.0013458950201885589,0.007001375002596122,36.683,36.51200000000001,94.44444444444404,37.2
2019-06-07 00:00:00+00:00,37.0,37.2,1341.199951171875,96.61000061035156,958.28,53.9900016784668,2.38,37.2,37.02,36.5,1337.5999755859375,1323.4000244140625,1305.800048828125,0.0,0.0026913693567918173,36.757999999999996,36.538,94.44444444444404,37.25
2019-06-10 00:00:00+00:00,37.05,37.25,1324.699951171875,96.76000213623048,962.9,53.2599983215332,2.38,37.2,37.15,36.81,1341.199951171875,1328.300048828125,1322.699951171875,0.0013440860215052641,-0.012302416194977517,36.843,36.56566666666666,94.73684210526277,37.11
2019-06-11 00:00:00+00:00,36.91,37.11,1326.4000244140625,96.69000244140624,962.07,53.27000045776367,2.38,37.25,37.2,37.02,1324.699951171875,1337.5999755859375,1323.4000244140625,-0.0037583892617449877,0.0012833647654955094,36.914,36.58866666666667,82.56880733944926,37.4
2019-06-12 00:00:00+00:00,37.15,37.4,1331.9000244140625,97.0,954.17,51.13999938964844,2.38,37.11,37.2,37.15,1326.4000244140625,1341.199951171875,1328.300048828125,0.007814605227701499,0.0041465620467171505,37.013999999999996,36.62199999999999,86.0294117647056,37.4
2019-06-13 00:00:00+00:00,37.2,37.4,1339.199951171875,97.01000213623048,950.08,52.27999877929688,2.38,37.4,37.25,37.2,1331.9000244140625,1324.699951171875,1337.5999755859375,0.0,0.005480836867634897,37.104,36.65533333333334,85.71428571428541,37.8
2019-06-14 00:00:00+00:00,37.4,37.8,1340.0999755859375,97.56999969482422,953.61,52.5099983215332,2.38,37.4,37.11,37.2,1339.199951171875,1326.4000244140625,1341.199951171875,0.010695187165775444,0.0006720612655899405,37.234,36.702,91.66666666666663,37.5
2019-06-17 00:00:00+00:00,37.3,37.5,1338.699951171875,97.55999755859376,946.95,51.93000030517578,2.38,37.8,37.4,37.25,1340.0999755859375,1331.9000244140625,1324.699951171875,-0.007936507936507908,-0.0010447163939767412,37.303,36.73866666666666,77.77777777777786,37.7
2019-06-18 00:00:00+00:00,37.5,37.7,1346.5999755859375,97.63999938964844,944.01,53.900001525878906,2.38,37.5,37.4,37.11,1338.699951171875,1339.199951171875,1326.4000244140625,0.005333333333333412,0.005901265931284261,37.371,36.782000000000004,79.816513761468,37.6
2019-06-19 00:00:00+00:00,37.4,37.6,1344.5999755859375,97.12000274658205,949.69,53.7599983215332,2.38,37.7,37.8,37.4,1346.5999755859375,1340.0999755859375,1331.9000244140625,-0.0026525198938992522,-0.0014852220676223604,37.416,36.821999999999996,75.22935779816518,38.43
2019-06-20 00:00:00+00:00,38.18,38.43,1392.9000244140625,96.62999725341795,959.18,56.650001525878906,2.38,37.6,37.5,37.4,1344.5999755859375,1338.699951171875,1339.199951171875,0.02207446808510638,0.0359215005987763,37.539,36.88933333333333,82.05980066445184,38.65
2019-06-21 00:00:00+00:00,38.4,38.65,1396.199951171875,96.22000122070312,959.2,57.43000030517578,2.38,38.43,37.7,37.8,1392.9000244140625,1346.5999755859375,1340.0999755859375,0.0057246942492843456,0.0023691052480243613,37.684000000000005,36.964333333333336,81.50684931506848,38.85
2019-06-24 00:00:00+00:00,38.6,38.85,1414.300048828125,95.9800033569336,962.85,57.900001525878906,2.38,38.65,37.6,37.5,1396.199951171875,1344.5999755859375,1338.699951171875,0.005174644243208348,0.012963829171500851,37.844,37.041000000000004,81.44329896907217,39.4
2019-06-25 00:00:00+00:00,39.1,39.4,1414.9000244140625,96.16000366210938,960.13,57.83000183105469,2.38,38.85,38.43,37.7,1414.300048828125,1392.9000244140625,1346.5999755859375,0.01415701415701398,0.00042422086206861387,38.073,37.13733333333334,83.7837837837838,39.05
2019-06-26 00:00:00+00:00,38.8,39.05,1411.5999755859375,96.20999908447266,959.13,59.380001068115234,2.38,39.4,38.65,37.6,1414.9000244140625,1396.199951171875,1344.5999755859375,-0.008883248730964466,-0.002332354775024914,38.238,37.222,75.4820936639118,38.7
2019-06-27 00:00:00+00:00,38.45,38.7,1408.4000244140625,96.19000244140624,943.11,59.43000030517578,2.38,39.05,38.85,38.43,1411.5999755859375,1414.300048828125,1392.9000244140625,-0.008962868117797562,-0.002266896590549128,38.368,37.29633333333334,68.84422110552768,38.9
2019-06-28 00:00:00+00:00,38.65,38.9,1409.699951171875,96.12999725341795,949.94,58.470001220703125,2.38,38.7,39.4,38.65,1408.4000244140625,1414.9000244140625,1396.199951171875,0.0051679586563306845,0.0009229812093713985,38.477999999999994,37.379666666666665,69.97578692493951,38.35
2019-07-01 00:00:00+00:00,38.1,38.35,1385.5999755859375,96.83999633789062,965.61,59.09000015258789,2.4,38.9,39.05,38.85,1409.699951171875,1411.5999755859375,1414.300048828125,-0.014138817480719768,-0.0170958192670031,38.563,37.44466666666667,63.6563876651983,38.45
2019-07-02 00:00:00+00:00,38.25,38.45,1404.5999755859375,96.7300033569336,961.98,56.25,2.4,38.35,38.7,39.4,1385.5999755859375,1408.4000244140625,1414.9000244140625,0.0026075619295957697,0.013712471373251489,38.638,37.513,62.068965517241466,39.15
2019-07-03 00:00:00+00:00,38.85,39.15,1417.699951171875,96.7699966430664,960.39,57.34000015258789,2.4,38.45,38.9,39.05,1404.5999755859375,1409.699951171875,1411.5999755859375,0.01820546163849146,0.009326481427904598,38.793,37.60466666666667,67.32673267326739,39.0
2019-07-04 00:00:00+00:00,38.75,39.0,1417.699951171875,96.7699966430664,973.04,57.34000015258789,2.4,39.15,38.35,38.7,1417.699951171875,1385.5999755859375,1408.4000244140625,-0.003831417624520994,0.0,38.85,37.690666666666665,62.50000000000007,39.1
2019-07-05 00:00:00+00:00,38.85,39.1,1396.699951171875,97.25,975.34,57.5099983215332,2.4,39.0,38.45,38.9,1417.699951171875,1404.5999755859375,1409.699951171875,0.002564102564102555,-0.014812725346178723,38.894999999999996,37.778999999999996,67.39130434782615,39.05
2019-07-08 00:00:00+00:00,38.8,39.05,1397.0,97.37999725341795,966.35,57.65999984741211,2.4,39.1,39.15,38.35,1396.699951171875,1417.699951171875,1385.5999755859375,-0.0012787723785167016,0.0002148269768844635,38.915000000000006,37.867333333333335,65.16853932584267,38.75
2019-07-09 00:00:00+00:00,38.55,38.75,1397.5,97.48999786376952,969.05,57.83000183105469,2.4,39.05,39.0,38.45,1397.0,1417.699951171875,1404.5999755859375,-0.007682458386683688,0.0003579098067287845,38.85,37.94566666666667,62.36559139784949,38.9
2019-07-10 00:00:00+00:00,38.7,38.9,1410.0999755859375,97.0999984741211,973.65,60.43000030517578,2.4,38.75,39.1,39.15,1397.5,1396.699951171875,1417.699951171875,0.003870967741935516,0.00901608270907861,38.835,38.028999999999996,55.91939546599497,39.35
2019-07-11 00:00:00+00:00,39.05,39.35,1404.300048828125,97.0500030517578,978.63,60.20000076293945,2.4,38.9,39.05,39.0,1410.0999755859375,1397.0,1417.699951171875,0.011568123393316254,-0.004113131592249353,38.9,38.124,58.333333333333385,39.15
2019-07-12 00:00:00+00:00,38.92,39.15,1409.9000244140625,96.80999755859376,975.4,60.209999084472656,2.4,39.35,38.75,39.1,1404.300048828125,1397.5,1396.699951171875,-0.0050825921219822545,0.00398773438098976,38.925,38.212333333333326,53.57142857142854,39.3
2019-07-15 00:00:00+00:00,39.1,39.3,1411.4000244140625,96.93000030517578,972.53,59.58000183105469,2.4,39.15,38.9,39.05,1409.9000244140625,1410.0999755859375,1397.0,0.003831417624521105,0.0010639052230836388,39.019999999999996,38.29533333333333,48.684210526315766,39.25
2019-07-16 00:00:00+00:00,39.05,39.25,1409.199951171875,97.4000015258789,982.11,57.619998931884766,2.4,39.3,39.35,38.75,1411.4000244140625,1404.300048828125,1397.5,-0.0012722646310431296,-0.001558787873126799,39.1,38.36966666666667,52.85714285714291,39.15
2019-07-17 00:00:00+00:00,38.95,39.15,1421.300048828125,97.22000122070312,982.57,56.77999877929688,2.4,39.25,39.15,38.9,1409.199951171875,1409.9000244140625,1410.0999755859375,-0.002547770700636942,0.008586501614755049,39.1,38.43633333333333,56.92307692307687,39.42
2019-07-18 00:00:00+00:00,39.17,39.42,1426.0999755859375,96.79000091552734,976.05,55.29999923706055,2.4,39.15,39.3,39.35,1421.300048828125,1411.4000244140625,1404.300048828125,0.006896551724137945,0.00337713824872532,39.142,38.51033333333333,57.83132530120486,39.9
2019-07-19 00:00:00+00:00,39.6,39.9,1425.0999755859375,97.1500015258789,982.34,55.630001068115234,2.4,39.42,39.25,39.15,1426.0999755859375,1409.199951171875,1409.9000244140625,0.0121765601217656,-0.0007012131106650665,39.221999999999994,38.60033333333333,73.8461538461538,39.75
2019-07-22 00:00:00+00:00,39.5,39.75,1425.300048828125,97.26000213623048,982.04,56.220001220703125,2.4,39.9,39.15,39.3,1425.0999755859375,1421.300048828125,1411.4000244140625,-0.003759398496240518,0.00014039242552454922,39.291999999999994,38.68366666666667,69.69696969696967,39.6
2019-07-23 00:00:00+00:00,39.35,39.6,1420.0999755859375,97.70999908447266,989.46,56.77000045776367,2.4,39.75,39.42,39.25,1425.300048828125,1426.0999755859375,1409.199951171875,-0.0037735849056603765,-0.003648405994557402,39.376999999999995,38.766666666666666,58.18181818181824,39.74
2019-07-24 00:00:00+00:00,39.49,39.74,1422.800048828125,97.7300033569336,988.41,55.880001068115234,2.4,39.6,39.9,39.15,1420.0999755859375,1425.0999755859375,1421.300048828125,0.0035353535353535026,0.0019013261661902092,39.461,38.84466666666667,63.503649635036524,39.8
2019-07-25 00:00:00+00:00,39.55,39.8,1413.9000244140625,97.81999969482422,994.95,56.02000045776367,2.4,39.74,39.75,39.42,1422.800048828125,1425.300048828125,1426.0999755859375,0.0015098137896325525,-0.006255288240531676,39.50599999999999,38.92466666666667,62.962962962962905,39.62
2019-07-26 00:00:00+00:00,39.37,39.62,1418.5,98.01000213623048,993.35,56.20000076293945,2.4,39.8,39.6,39.9,1413.9000244140625,1420.0999755859375,1425.0999755859375,-0.004522613065326642,0.003253395223501654,39.553,38.98533333333333,60.0706713780919,39.62
2019-07-29 00:00:00+00:00,39.4,39.62,1419.5999755859375,98.04000091552734,997.94,56.869998931884766,2.4,39.62,39.74,39.75,1418.5,1422.800048828125,1425.300048828125,0.0,0.0007754498314680447,39.584999999999994,39.056000000000004,67.19367588932805,39.73
2019-07-30 00:00:00+00:00,39.53,39.73,1429.699951171875,98.0500030517578,986.02,58.04999923706055,2.4,39.62,39.8,39.6,1419.5999755859375,1413.9000244140625,1420.0999755859375,0.0027763755678948954,0.007114663116113862,39.632999999999996,39.123666666666665,66.66666666666666,39.8
2019-07-31 00:00:00+00:00,39.6,39.8,1426.0999755859375,98.5199966430664,991.66,58.58000183105469,2.4,39.73,39.62,39.74,1429.699951171875,1418.5,1422.800048828125,0.0017618927762397263,-0.0025179937811333764,39.698,39.197,60.66350710900468,39.44
2019-08-01 00:00:00+00:00,39.21,39.44,1420.9000244140625,98.38999938964844,997.39,53.95000076293945,2.13,39.8,39.62,39.8,1426.0999755859375,1419.5999755859375,1413.9000244140625,-0.009045226130653283,-0.0036462739365369368,39.7,39.23066666666667,56.38766519823789,39.9
2019-08-02 00:00:00+00:00,39.65,39.9,1445.5999755859375,98.0999984741211,991.1,55.65999984741211,2.13,39.44,39.73,39.62,1420.9000244140625,1429.699951171875,1418.5,0.011663286004056861,0.017383313918979404,39.7,39.27233333333333,61.627906976744256,40.55
2019-08-05 00:00:00+00:00,40.25,40.55,1464.5999755859375,97.5,973.15,54.68999862670898,2.13,39.9,39.8,39.62,1445.5999755859375,1426.0999755859375,1419.5999755859375,0.016290726817042467,0.013143331710626871,39.78,39.32899999999999,70.44025157232704,40.8
2019-08-06 00:00:00+00:00,40.5,40.8,1472.4000244140625,97.62999725341795,964.61,53.630001068115234,2.13,40.55,39.44,39.73,1464.5999755859375,1420.9000244140625,1429.699951171875,0.006165228113440113,0.0053257196218403635,39.9,39.37566666666667,74.77477477477481,41.6
2019-08-07 00:00:00+00:00,41.2,41.6,1507.300048828125,97.54000091552734,965.93,51.09000015258789,2.13,40.8,39.9,39.8,1472.4000244140625,1445.5999755859375,1426.0999755859375,0.019607843137255054,0.023702814340790912,40.086,39.46066666666666,78.23834196891197,42.25
2019-08-08 00:00:00+00:00,41.85,42.25,1497.699951171875,97.62000274658205,975.24,52.540000915527344,2.13,41.6,40.55,39.44,1507.300048828125,1464.5999755859375,1420.9000244140625,0.015625,-0.006369068762197561,40.330999999999996,39.57899999999999,79.15632754342438,42.05
2019-08-09 00:00:00+00:00,41.65,42.05,1496.5999755859375,97.48999786376952,974.34,54.5,2.13,42.25,40.8,39.9,1497.699951171875,1472.4000244140625,1445.5999755859375,-0.004733727810650956,-0.0007344432274815071,40.574,39.684,78.1862745098039,41.7
2019-08-12 00:00:00+00:00,41.35,41.7,1505.300048828125,97.37999725341795,975.31,54.93000030517578,2.13,42.05,41.6,40.55,1496.5999755859375,1507.300048828125,1464.5999755859375,-0.008323424494649068,0.005813225567360636,40.782,39.79566666666666,74.53271028037389,42.2
2019-08-13 00:00:00+00:00,41.85,42.2,1502.199951171875,97.80999755859376,966.83,57.09999847412109,2.13,41.7,42.25,40.8,1505.300048828125,1497.699951171875,1472.4000244140625,0.011990407673860837,-0.0020594549629248116,41.028999999999996,39.92066666666667,76.50862068965522,41.65
2019-08-14 00:00:00+00:00,41.3,41.65,1515.9000244140625,97.98999786376952,968.91,55.22999954223633,2.13,42.2,42.05,41.6,1502.199951171875,1496.5999755859375,1507.300048828125,-0.013033175355450344,0.009120006448875229,41.214,40.004,68.03118908382066,42.0
2019-08-15 00:00:00+00:00,41.6,42.0,1519.5999755859375,98.13999938964844,979.38,54.470001220703125,2.13,41.65,41.7,42.25,1515.9000244140625,1505.300048828125,1497.699951171875,0.008403361344537785,0.0024407619976820616,41.47,40.104,72.45283018867926,41.85
2019-08-16 00:00:00+00:00,41.5,41.85,1512.5,98.13999938964844,980.0,54.869998931884766,2.13,42.0,42.2,42.05,1519.5999755859375,1502.199951171875,1496.5999755859375,-0.0035714285714285587,-0.004672266188474938,41.665,40.19566666666667,70.45871559633031,41.65
2019-08-19 00:00:00+00:00,41.3,41.65,1500.4000244140625,98.3499984741211,981.03,56.209999084472656,2.13,41.85,41.65,41.7,1512.5,1515.9000244140625,1505.300048828125,-0.004778972520908087,-0.007999983858471116,41.775,40.28233333333333,67.32851985559566,41.75
2019-08-20 00:00:00+00:00,41.45,41.75,1504.5999755859375,98.19000244140624,984.67,56.34000015258789,2.13,41.65,42.0,42.2,1500.4000244140625,1519.5999755859375,1502.199951171875,0.0024009603841537164,0.0027992209434382076,41.870000000000005,40.38233333333333,67.50448833034112,41.6
2019-08-21 00:00:00+00:00,41.3,41.6,1504.5999755859375,98.3000030517578,994.38,55.68000030517578,2.13,41.75,41.85,41.65,1504.5999755859375,1512.5,1515.9000244140625,-0.003592814371257469,0.0,41.87,40.47233333333334,70.1492537313433,41.73
2019-08-22 00:00:00+00:00,41.43,41.73,1497.300048828125,98.16999816894533,997.26,55.34999847412109,2.13,41.6,41.65,42.0,1504.5999755859375,1500.4000244140625,1519.5999755859375,0.0031249999999998224,-0.0048517392504739965,41.818,40.55166666666666,68.19085487077533,41.75
2019-08-23 00:00:00+00:00,41.45,41.75,1526.5999755859375,97.63999938964844,992.45,54.16999816894531,2.13,41.73,41.75,41.85,1497.300048828125,1504.5999755859375,1512.5,0.00047927150730897594,0.019568507181138672,41.788,40.638333333333335,63.63636363636365,42.8
2019-08-26 00:00:00+00:00,42.4,42.8,1526.300048828125,98.08000183105467,982.88,53.63999938964844,2.13,41.75,41.6,41.65,1526.5999755859375,1504.5999755859375,1500.4000244140625,0.025149700598802394,-0.00019646715748000698,41.898,40.755,69.23076923076923,42.7
2019-08-27 00:00:00+00:00,42.3,42.7,1541.0,98.0,976.79,54.93000030517578,2.13,42.8,41.73,41.75,1526.300048828125,1497.300048828125,1504.5999755859375,-0.002336448598130758,0.009631101815898768,41.948,40.870000000000005,62.22222222222225,42.8
2019-08-28 00:00:00+00:00,42.4,42.8,1537.800048828125,98.20999908447266,977.26,55.77999877929688,2.13,42.7,41.75,41.6,1541.0,1526.5999755859375,1504.5999755859375,0.0023419203747070405,-0.002076541967472423,42.063,40.99166666666667,56.96202531645567,42.9
2019-08-29 00:00:00+00:00,42.55,42.9,1526.5,98.51000213623048,978.59,56.709999084472656,2.13,42.8,42.8,41.73,1537.800048828125,1526.300048828125,1497.300048828125,0.00233644859813098,-0.007348191227290024,42.153,41.10766666666667,61.03896103896109,42.65
2019-08-30 00:00:00+00:00,42.3,42.65,1519.0999755859375,98.91999816894533,984.06,55.09999847412109,2.13,42.9,42.7,41.75,1526.5,1541.0,1526.5999755859375,-0.005827505827505797,-0.004847706789428474,42.233000000000004,41.199333333333335,62.666666666666636,42.65
2019-09-01 00:00:00+00:00,42.3,42.65,1519.0999755859375,98.91999816894533,984.06,55.09999847412109,2.04,42.65,42.8,42.8,1519.0999755859375,1537.800048828125,1526.300048828125,0.0,0.0,42.333,41.29600000000001,56.92307692307687,42.65
2019-09-03 00:00:00+00:00,42.35,42.65,1545.9000244140625,98.9499969482422,979.36,53.93999862670898,2.04,42.65,42.9,42.7,1519.0999755859375,1526.5,1541.0,0.0,0.017642057309485315,42.422999999999995,41.39766666666666,68.51851851851859,42.75
2019-09-04 00:00:00+00:00,42.4,42.75,1550.300048828125,98.4499969482422,977.63,56.2599983215332,2.04,42.65,42.65,42.8,1545.9000244140625,1519.0999755859375,1537.800048828125,0.0023446658851113966,0.002846254184988517,42.538,41.498,65.30612244897966,42.9
2019-09-05 00:00:00+00:00,42.55,42.9,1515.4000244140625,98.41000366210938,976.79,56.29999923706055,2.04,42.75,42.65,42.9,1550.300048828125,1519.0999755859375,1526.5,0.0035087719298245723,-0.022511786954043878,42.655,41.60133333333333,71.42857142857147,42.45
2019-09-06 00:00:00+00:00,42.1,42.45,1506.199951171875,98.38999938964844,974.08,56.52000045776367,2.04,42.9,42.65,42.65,1515.4000244140625,1545.9000244140625,1519.0999755859375,-0.010489510489510412,-0.006071052589394554,42.725,41.69566666666667,64.81481481481498,42.1
2019-09-09 00:00:00+00:00,41.75,42.1,1502.199951171875,98.27999877929688,974.12,57.84999847412109,2.04,42.45,42.75,42.65,1506.199951171875,1550.300048828125,1519.0999755859375,-0.008244994110718551,-0.002655689901521985,42.654999999999994,41.77833333333333,55.93220338983057,41.8
2019-09-10 00:00:00+00:00,41.4,41.8,1490.300048828125,98.33000183105467,970.26,57.400001525878906,2.04,42.1,42.9,42.65,1502.199951171875,1515.4000244140625,1545.9000244140625,-0.0071258907363421775,-0.007921650066934682,42.565,41.84733333333333,53.225806451612854,41.7
2019-09-11 00:00:00+00:00,41.3,41.7,1494.4000244140625,98.6500015258789,969.31,55.75,2.04,41.8,42.45,42.75,1490.300048828125,1506.199951171875,1550.300048828125,-0.0023923444976075015,0.0027511074626627163,42.455,41.910666666666664,49.5114006514659,41.95
2019-09-12 00:00:00+00:00,41.6,41.95,1498.699951171875,98.30999755859376,976.07,55.09000015258789,2.04,41.7,42.1,42.9,1494.4000244140625,1502.199951171875,1515.4000244140625,0.005995203836930418,0.0028773599354687818,42.36,41.99433333333333,53.03030303030309,42.15
2019-09-13 00:00:00+00:00,41.8,42.15,1490.9000244140625,98.26000213623048,987.22,54.84999847412109,2.04,41.95,41.8,42.45,1498.699951171875,1490.300048828125,1506.199951171875,0.004767580452920139,-0.005204461874915967,42.31,42.06933333333334,36.734693877550946,41.95
2019-09-16 00:00:00+00:00,41.6,41.95,1503.0999755859375,98.6500015258789,989.86,62.900001525878906,2.04,42.15,41.7,42.1,1490.9000244140625,1494.4000244140625,1502.199951171875,-0.00474495848161316,0.008182943840697732,42.239999999999995,42.116,35.29411764705873,41.85
2019-09-17 00:00:00+00:00,41.55,41.85,1505.0999755859375,98.26000213623048,996.74,59.34000015258789,2.04,41.95,41.95,41.8,1503.0999755859375,1498.699951171875,1490.300048828125,-0.0023837902264600697,0.001330583482459513,42.160000000000004,42.150999999999996,31.372549019607845,41.95
2019-09-18 00:00:00+00:00,41.65,41.95,1507.5,98.5999984741211,995.15,58.11000061035156,2.04,41.85,42.15,41.7,1505.0999755859375,1490.9000244140625,1494.4000244140625,0.002389486260454099,0.0015945946800830502,42.08,42.162666666666674,31.372549019607845,41.95
2019-09-19 00:00:00+00:00,41.65,41.95,1498.4000244140625,98.2699966430664,997.1,58.130001068115234,2.04,41.95,41.95,41.95,1507.5,1503.0999755859375,1498.699951171875,0.0,-0.006036468050373167,41.985,42.15266666666666,34.7826086956522,41.95
2019-09-20 00:00:00+00:00,41.65,41.95,1507.300048828125,98.51000213623048,990.36,58.09000015258789,2.04,41.95,41.85,42.15,1498.4000244140625,1505.0999755859375,1490.9000244140625,0.0,0.005939685176889142,41.935,42.14933333333333,34.7826086956522,42.28
2019-09-23 00:00:00+00:00,41.98,42.28,1523.699951171875,98.5999984741211,987.54,58.63999938964844,2.04,41.95,41.95,41.95,1507.300048828125,1507.5,1503.0999755859375,0.007866507747318119,0.010880316998928219,41.952999999999996,42.16866666666667,42.965779467680626,42.35
2019-09-24 00:00:00+00:00,42.05,42.35,1532.0999755859375,98.33999633789062,988.13,57.290000915527344,2.04,42.28,41.95,41.85,1523.699951171875,1498.4000244140625,1505.0999755859375,0.0016556291390728006,0.0055129124389627915,42.008,42.17366666666667,42.30769230769229,42.6
2019-09-25 00:00:00+00:00,42.25,42.6,1504.5999755859375,99.04000091552734,987.3,56.4900016784668,2.04,42.35,41.95,41.95,1532.0999755859375,1507.300048828125,1507.5,0.005903187721369552,-0.01794922031082391,42.098,42.205333333333336,44.44444444444447,42.25
2019-09-26 00:00:00+00:00,41.95,42.25,1507.5,99.20999908447266,990.75,56.40999984741211,2.04,42.6,42.28,41.95,1504.5999755859375,1523.699951171875,1498.4000244140625,-0.008215962441314617,0.001927438828339234,42.128,42.21366666666667,46.15384615384609,42.0
2019-09-27 00:00:00+00:00,41.7,42.0,1499.0999755859375,99.11000061035156,997.84,55.90999984741211,2.04,42.25,42.35,41.95,1507.5,1532.0999755859375,1507.300048828125,-0.00591715976331364,-0.005572155498548947,42.113,42.218666666666664,47.999999999999964,41.8
2019-09-30 00:00:00+00:00,41.5,41.8,1465.699951171875,99.37999725341795,996.56,54.06999969482422,2.04,42.0,42.6,42.28,1499.0999755859375,1504.5999755859375,1523.699951171875,-0.004761904761904856,-0.022280051336141082,42.098,42.22366666666667,50.0,41.25
2019-10-01 00:00:00+00:00,40.95,41.25,1482.0,99.12999725341795,999.59,53.619998931884766,1.83,41.8,42.25,42.35,1465.699951171875,1507.5,1532.0999755859375,-0.013157894736842035,0.01112099977563119,42.038,42.207,42.10526315789467,41.55
2019-10-02 00:00:00+00:00,41.2,41.55,1501.0,99.04000091552734,991.19,52.63999938964844,1.83,41.25,42.0,42.6,1482.0,1499.0999755859375,1504.5999755859375,0.0072727272727270975,0.012820512820512775,41.998000000000005,42.20533333333333,43.10344827586194,41.95
2019-10-03 00:00:00+00:00,41.65,41.95,1507.0999755859375,98.86000061035156,992.45,52.45000076293945,1.83,41.55,41.8,42.25,1501.0,1465.699951171875,1507.5,0.00962695547533099,0.004063941096560608,41.998,42.212666666666664,46.77419354838716,42.05
2019-10-04 00:00:00+00:00,41.75,42.05,1506.199951171875,98.80999755859376,987.59,52.810001373291016,1.83,41.95,41.25,42.0,1507.0999755859375,1482.0,1499.0999755859375,0.0023837902264598476,-0.0005971895883765121,42.007999999999996,42.22266666666666,51.66666666666658,41.95
2019-10-07 00:00:00+00:00,41.65,41.95,1497.699951171875,98.98999786376952,983.09,52.75,1.83,42.05,41.55,41.8,1506.199951171875,1501.0,1465.699951171875,-0.0023781212841853527,-0.005643341040734162,41.975,42.19433333333333,51.6666666666667,41.85
2019-10-08 00:00:00+00:00,41.6,41.85,1497.199951171875,99.13999938964844,988.22,52.630001068115234,1.83,41.95,41.95,41.25,1497.699951171875,1507.0999755859375,1482.0,-0.0023837902264600697,-0.0003338452402357195,41.925,42.166000000000004,48.33333333333331,42.04
2019-10-09 00:00:00+00:00,41.79,42.04,1506.0999755859375,99.12000274658205,987.83,52.59000015258789,1.83,41.85,42.05,41.55,1497.199951171875,1506.199951171875,1501.0,0.0045400238948625216,0.005944446102269962,41.86899999999999,42.14066666666667,51.41065830720998,42.05
2019-10-10 00:00:00+00:00,41.8,42.05,1494.800048828125,98.70999908447266,987.38,53.54999923706055,1.83,42.04,41.95,41.95,1506.0999755859375,1497.699951171875,1507.0999755859375,0.00023786869647945963,-0.007502773349037706,41.849,42.11233333333333,51.562499999999915,42.02
2019-10-11 00:00:00+00:00,41.77,42.02,1482.699951171875,98.3000030517578,991.84,54.70000076293945,1.83,42.05,41.85,42.05,1494.800048828125,1497.199951171875,1506.199951171875,-0.0007134363852555614,-0.00809479345798525,41.851000000000006,42.09133333333333,45.517241379310356,41.83
2019-10-14 00:00:00+00:00,41.56,41.83,1491.699951171875,98.4499969482422,993.57,53.59000015258789,1.83,42.02,42.04,41.95,1482.699951171875,1506.0999755859375,1497.699951171875,-0.004521656354117165,0.006070007618794726,41.854,42.06399999999999,41.39072847682111,41.74
2019-10-15 00:00:00+00:00,41.47,41.74,1477.5999755859375,98.29000091552734,993.05,52.810001373291016,1.83,41.83,42.05,41.85,1491.699951171875,1494.800048828125,1497.199951171875,-0.002151565861821525,-0.009452286684638267,41.903000000000006,42.03366666666667,34.9650349650349,41.69
2019-10-16 00:00:00+00:00,41.42,41.69,1488.0,98.01000213623048,994.46,53.36000061035156,1.83,41.74,42.02,42.04,1477.5999755859375,1482.699951171875,1506.0999755859375,-0.0011978917105894826,0.007038457353749195,41.917,41.998333333333335,39.06249999999991,41.7
2019-10-17 00:00:00+00:00,41.43,41.7,1492.300048828125,97.61000061035156,989.82,53.93000030517578,1.83,41.69,41.83,42.05,1488.0,1491.699951171875,1494.800048828125,0.0002398656752220507,0.0028898177608367437,41.892,41.958333333333336,43.534482758620726,41.75
2019-10-18 00:00:00+00:00,41.48,41.75,1488.199951171875,97.27999877929688,989.2,53.77999877929688,1.83,41.7,41.74,42.02,1492.300048828125,1477.5999755859375,1482.699951171875,0.0011990407673860837,-0.0027475021926520737,41.862,41.934999999999995,48.84792626728117,41.77
2019-10-21 00:00:00+00:00,41.5,41.77,1482.4000244140625,97.33000183105467,983.56,53.310001373291016,1.83,41.75,41.69,41.83,1488.199951171875,1488.0,1491.699951171875,0.00047904191616776615,-0.0038972765408609167,41.844,41.924,65.85365853658553,41.72
2019-10-22 00:00:00+00:00,41.44,41.72,1481.699951171875,97.52999877929688,987.19,54.15999984741211,1.83,41.77,41.7,41.74,1482.4000244140625,1492.300048828125,1477.5999755859375,-0.0011970313622218232,-0.00047225663158245723,41.831,41.92133333333334,56.11510791366912,41.82
2019-10-23 00:00:00+00:00,41.55,41.82,1489.9000244140625,97.47000122070312,987.79,55.970001220703125,1.83,41.72,41.75,41.69,1481.699951171875,1488.199951171875,1488.0,0.0023969319271333056,0.005534233321464299,41.809,41.925333333333334,44.036697247706286,41.76
2019-10-24 00:00:00+00:00,41.5,41.76,1498.9000244140625,97.62999725341795,993.6,56.22999954223633,1.83,41.82,41.77,41.7,1489.9000244140625,1482.4000244140625,1492.300048828125,-0.0014347202295552641,0.006040673771744887,41.78,41.919,36.190476190476296,41.93
2019-10-25 00:00:00+00:00,41.65,41.93,1499.5,97.83000183105467,996.57,56.65999984741211,1.83,41.76,41.72,41.75,1498.9000244140625,1481.699951171875,1488.199951171875,0.004070881226053702,0.000400277254096304,41.771,41.91166666666666,49.107142857142726,41.98
2019-10-28 00:00:00+00:00,41.72,41.98,1490.0,97.76000213623048,996.48,55.810001373291016,1.83,41.93,41.82,41.77,1499.5,1489.9000244140625,1482.4000244140625,0.0011924636298592528,-0.006335445148382801,41.786,41.912666666666674,56.07476635513994,41.91
2019-10-29 00:00:00+00:00,41.63,41.91,1487.0,97.69000244140624,995.87,55.540000915527344,1.83,41.98,41.76,41.72,1490.0,1498.9000244140625,1481.699951171875,-0.0016674606955693339,-0.00201342281879191,41.803,41.91466666666667,43.15789473684204,41.81
2019-10-30 00:00:00+00:00,41.53,41.81,1493.199951171875,97.6500015258789,1000.89,55.060001373291016,1.83,41.91,41.93,41.82,1487.0,1499.5,1489.9000244140625,-0.0023860653781911934,0.004169435892316775,41.815,41.91,38.46153846153878,41.96
2019-10-31 00:00:00+00:00,41.68,41.96,1511.4000244140625,97.3499984741211,998.82,54.18000030517578,1.83,41.81,41.98,41.76,1493.199951171875,1490.0,1498.9000244140625,0.0035876584549150436,0.012188637715869088,41.840999999999994,41.91033333333334,47.4137931034482,42.14
2019-11-01 00:00:00+00:00,41.86,42.14,1508.0,97.23999786376952,1015.59,56.20000076293945,1.55,41.96,41.91,41.93,1511.4000244140625,1487.0,1499.5,0.004289799809342298,-0.002249586052098018,41.88,41.916666666666664,63.478260869565254,42.05
2019-11-04 00:00:00+00:00,41.79,42.05,1508.0,97.51000213623048,1022.43,56.540000915527344,1.55,42.14,41.81,41.98,1508.0,1493.199951171875,1490.0,-0.0021357380161367567,0.0,41.908,41.909,63.478260869564856,41.98
2019-11-05 00:00:00+00:00,41.71,41.98,1480.800048828125,97.9800033569336,1024.34,57.22999954223633,1.55,42.05,41.96,41.91,1508.0,1511.4000244140625,1487.0,-0.0016646848989299023,-0.018037102899121304,41.934,41.89666666666666,62.39316239316227,41.84
2019-11-06 00:00:00+00:00,41.57,41.84,1490.199951171875,97.9499969482422,1024.91,56.34999847412109,1.55,41.98,42.14,41.81,1480.800048828125,1508.0,1493.199951171875,-0.0033349213911384457,0.006347853885599886,41.936,41.87133333333334,55.384615384615415,41.87
2019-11-07 00:00:00+00:00,41.6,41.87,1464.199951171875,98.13999938964844,1024.03,57.150001525878906,1.55,41.84,42.05,41.96,1490.199951171875,1508.0,1511.4000244140625,0.0007170172084127735,-0.01744732307872776,41.947,41.858666666666664,54.68749999999993,41.65
2019-11-08 00:00:00+00:00,41.37,41.65,1461.300048828125,98.3499984741211,1022.49,57.2400016784668,1.55,41.87,41.98,42.14,1464.199951171875,1480.800048828125,1508.0,-0.005254358729400499,-0.0019805371127277205,41.919,41.847,45.945945945945766,41.56
2019-11-11 00:00:00+00:00,41.3,41.56,1455.5,98.1999969482422,1016.75,56.86000061035156,1.55,41.65,41.84,42.05,1461.300048828125,1490.199951171875,1508.0,-0.002160864345738256,-0.0039691019190591925,41.876999999999995,41.839000000000006,44.73684210526321,41.34
2019-11-12 00:00:00+00:00,41.07,41.34,1452.0999755859375,98.30999755859376,1018.33,56.79999923706055,1.55,41.56,41.87,41.98,1455.5,1464.199951171875,1480.800048828125,-0.005293551491818982,-0.00233598379530231,41.82,41.842,35.365853658536494,41.42
2019-11-13 00:00:00+00:00,41.16,41.42,1461.699951171875,98.37000274658205,1012.77,57.119998931884766,1.55,41.34,41.65,41.84,1452.0999755859375,1461.300048828125,1490.199951171875,0.0019351717464923812,0.006611098235205004,41.781,41.83766666666667,39.75903614457827,41.5
2019-11-14 00:00:00+00:00,41.24,41.5,1471.800048828125,98.16000366210938,1012.3,56.77000045776367,1.55,41.42,41.56,41.87,1461.699951171875,1455.5,1464.199951171875,0.0019314340898115567,0.006909829646058796,41.735,41.82266666666667,36.305732484076195,41.48
2019-11-15 00:00:00+00:00,41.23,41.48,1467.300048828125,98.0,1010.03,57.720001220703125,1.55,41.5,41.34,41.65,1471.800048828125,1452.0999755859375,1461.300048828125,-0.0004819277108434328,-0.003057480534521595,41.669,41.80366666666667,33.766233766233526,41.41
2019-11-18 00:00:00+00:00,41.19,41.41,1470.9000244140625,97.79000091552734,1002.91,57.04999923706055,1.55,41.48,41.42,41.56,1467.300048828125,1461.699951171875,1455.5,-0.0016875602700096026,0.0024534692742719244,41.605,41.78566666666667,33.766233766233526,41.48
2019-11-19 00:00:00+00:00,41.26,41.48,1473.300048828125,97.86000061035156,1008.35,55.209999084472656,1.55,41.41,41.5,41.34,1470.9000244140625,1471.800048828125,1452.0999755859375,0.0016904129437333992,0.0016316706602941267,41.555,41.773333333333326,39.072847682118905,41.64
2019-11-20 00:00:00+00:00,41.42,41.64,1473.300048828125,97.93000030517578,1000.56,57.11000061035156,1.55,41.48,41.48,41.42,1473.300048828125,1467.300048828125,1461.699951171875,0.0038572806171650598,0.0,41.535,41.76,39.47368421052623,41.63
2019-11-21 00:00:00+00:00,41.41,41.63,1463.0999755859375,97.98999786376952,987.89,58.58000183105469,1.55,41.64,41.41,41.5,1473.300048828125,1470.9000244140625,1471.800048828125,-0.00024015369836694056,-0.0069232830408855195,41.511,41.746,31.111111111111015,41.62
2019-11-22 00:00:00+00:00,41.39,41.62,1463.0999755859375,98.2699966430664,977.78,57.77000045776367,1.55,41.63,41.48,41.48,1463.0999755859375,1473.300048828125,1467.300048828125,-0.0002402113860198174,0.0,41.507999999999996,41.73266666666667,33.07086614173214,41.4
2019-11-25 00:00:00+00:00,41.17,41.4,1456.5999755859375,98.31999969482422,976.35,58.0099983215332,1.55,41.62,41.64,41.41,1463.0999755859375,1473.300048828125,1470.9000244140625,-0.005285920230658325,-0.004442621904492183,41.492,41.71833333333334,29.57746478873227,41.4
2019-11-26 00:00:00+00:00,41.17,41.4,1459.800048828125,98.25,976.79,58.40999984741211,1.55,41.4,41.63,41.48,1456.5999755859375,1463.0999755859375,1473.300048828125,0.0,0.0021969472029548243,41.498000000000005,41.707,32.81249999999973,41.4
2019-11-27 00:00:00+00:00,41.17,41.4,1453.4000244140625,98.41000366210938,978.17,58.11000061035156,1.55,41.4,41.62,41.64,1459.800048828125,1463.0999755859375,1473.300048828125,0.0,-0.00438417879160935,41.495999999999995,41.69733333333333,31.20000000000003,41.33
2019-11-28 00:00:00+00:00,41.1,41.33,1453.4000244140625,98.41000366210938,970.39,58.11000061035156,1.55,41.4,41.4,41.63,1453.4000244140625,1456.5999755859375,1463.0999755859375,-0.0016908212560386993,0.0,41.479,41.684999999999995,35.45454545454547,41.4
2019-11-29 00:00:00+00:00,41.17,41.4,1465.5999755859375,98.2699966430664,970.75,55.16999816894531,1.55,41.33,41.4,41.62,1453.4000244140625,1459.800048828125,1463.0999755859375,0.0016936849745947669,0.008394076625114488,41.471,41.67333333333333,42.59259259259246,41.4
2019-12-01 00:00:00+00:00,41.17,41.4,1465.5999755859375,98.2699966430664,970.75,55.16999816894531,1.55,41.4,41.4,41.4,1465.5999755859375,1453.4000244140625,1456.5999755859375,0.0,0.0,41.47,41.660999999999994,53.48837209302295,41.35
2019-12-02 00:00:00+00:00,41.13,41.35,1462.300048828125,97.86000061035156,959.31,55.959999084472656,1.55,41.4,41.33,41.4,1465.5999755859375,1453.4000244140625,1459.800048828125,-0.0012077294685989282,-0.0022515876178922367,41.457,41.64866666666667,45.78313253012049,41.44
2019-12-03 00:00:00+00:00,41.22,41.44,1478.199951171875,97.73999786376952,953.43,56.09999847412109,1.55,41.35,41.4,41.4,1462.300048828125,1465.5999755859375,1453.4000244140625,0.002176541717049396,0.010873214670608755,41.437,41.635999999999996,46.4285714285713,41.58
2019-12-04 00:00:00+00:00,41.35,41.58,1474.0,97.6500015258789,965.9,58.43000030517578,1.55,41.44,41.4,41.33,1478.199951171875,1465.5999755859375,1453.4000244140625,0.0033783783783782884,-0.002841260526727396,41.432,41.63,55.20833333333339,41.58
2019-12-05 00:00:00+00:00,41.36,41.58,1476.9000244140625,97.41000366210938,963.27,58.43000030517578,1.55,41.58,41.35,41.4,1474.0,1462.300048828125,1465.5999755859375,0.0,0.001967452112661139,41.428,41.61833333333333,59.5505617977529,41.55
2019-12-06 00:00:00+00:00,41.33,41.55,1459.0999755859375,97.6999969482422,963.56,59.20000076293945,1.55,41.58,41.44,41.4,1476.9000244140625,1478.199951171875,1465.5999755859375,-0.0007215007215007896,-0.012052304512072065,41.443,41.604,54.117647058823536,41.42
2019-12-09 00:00:00+00:00,41.2,41.42,1459.300048828125,97.63999938964844,966.06,59.02000045776367,1.55,41.55,41.58,41.35,1459.0999755859375,1474.0,1462.300048828125,-0.0031287605294824106,0.0001371209961862352,41.445,41.587666666666664,36.58536585365849,41.45
2019-12-10 00:00:00+00:00,41.23,41.45,1462.5999755859375,97.41000366210938,960.3,59.2400016784668,1.55,41.42,41.58,41.44,1459.300048828125,1476.9000244140625,1478.199951171875,0.0007242877836795003,0.002261307919822597,41.45,41.57566666666666,39.28571428571425,41.44
2019-12-11 00:00:00+00:00,41.22,41.44,1469.4000244140625,97.16000366210938,961.78,58.7599983215332,1.55,41.45,41.55,41.58,1462.5999755859375,1459.0999755859375,1474.0,-0.00024125452352241616,0.004649288213888214,41.461,41.55833333333333,39.28571428571425,41.53
2019-12-12 00:00:00+00:00,41.3,41.53,1466.699951171875,97.4000015258789,968.17,59.18000030517578,1.55,41.44,41.42,41.58,1469.4000244140625,1459.300048828125,1476.9000244140625,0.00217181467181482,-0.001837534502059257,41.474000000000004,41.538000000000004,59.154929577464955,41.52
2019-12-13 00:00:00+00:00,41.29,41.52,1475.5999755859375,97.16999816894533,966.18,60.06999969482422,1.55,41.53,41.45,41.55,1466.699951171875,1462.5999755859375,1459.0999755859375,-0.00024078979051278537,0.006068060755679117,41.486000000000004,41.52033333333334,58.33333333333366,41.6
2019-12-16 00:00:00+00:00,41.38,41.6,1475.0,97.06999969482422,961.47,60.209999084472656,1.55,41.52,41.44,41.42,1475.5999755859375,1469.4000244140625,1459.300048828125,0.0019267822736031004,-0.0004065977201573867,41.511,41.507666666666665,62.50000000000022,41.63
2019-12-17 00:00:00+00:00,41.41,41.63,1474.5999755859375,97.20999908447266,954.03,60.93999862670898,1.55,41.6,41.53,41.45,1475.0,1466.699951171875,1462.5999755859375,0.0007211538461537881,-0.00027120299258476255,41.53,41.50066666666667,69.73684210526349,41.64
2019-12-18 00:00:00+00:00,41.42,41.64,1472.5999755859375,97.41000366210938,951.13,60.93000030517578,1.55,41.63,41.52,41.44,1474.5999755859375,1475.5999755859375,1469.4000244140625,0.00024021138601959535,-0.0013563000360183874,41.536,41.493,67.1428571428574,41.58
2019-12-19 00:00:00+00:00,41.36,41.58,1478.199951171875,97.41999816894533,952.26,61.220001220703125,1.55,41.64,41.6,41.53,1472.5999755859375,1475.0,1466.699951171875,-0.0014409221902017544,0.003802781256810217,41.536,41.49066666666667,61.842105263157904,41.63
2019-12-20 00:00:00+00:00,41.4,41.63,1474.699951171875,97.70999908447266,956.41,60.43999862670898,1.55,41.58,41.63,41.52,1478.199951171875,1474.5999755859375,1475.5999755859375,0.001202501202501205,-0.0023677446323991935,41.544,41.493,68.4210526315789,41.74
2019-12-23 00:00:00+00:00,41.52,41.74,1482.5,97.66000366210938,959.43,60.52000045776367,1.55,41.63,41.64,41.6,1474.699951171875,1472.5999755859375,1475.0,0.002642325246216659,0.00528924465070113,41.576,41.50633333333334,69.2307692307693,41.89
2019-12-24 00:00:00+00:00,41.67,41.89,1499.0999755859375,97.6500015258789,958.88,61.11000061035156,1.55,41.74,41.58,41.63,1482.5,1478.199951171875,1474.5999755859375,0.003593675131768004,0.011197285386804312,41.620000000000005,41.522000000000006,69.62025316455694,42.12
2019-12-25 00:00:00+00:00,41.85,42.12,1499.0999755859375,97.6500015258789,960.92,61.11000061035156,1.55,41.89,41.63,41.64,1499.0999755859375,1474.699951171875,1472.5999755859375,0.005490570541895279,0.0,41.688,41.54266666666667,76.47058823529399,42.2
2019-12-26 00:00:00+00:00,41.9,42.2,1509.300048828125,97.58999633789062,958.59,61.68000030517578,1.55,42.12,41.74,41.58,1499.0999755859375,1482.5,1478.199951171875,0.0018993352326686086,0.00680413141771985,41.755,41.56666666666667,80.37383177570099,42.37
2019-12-27 00:00:00+00:00,42.02,42.37,1513.800048828125,96.91999816894533,963.51,61.720001220703125,1.55,42.2,41.89,41.63,1509.300048828125,1499.0999755859375,1474.699951171875,0.004028436018957304,0.0029815145129650222,41.839999999999996,41.59866666666666,92.79279279279234,42.53
2019-12-30 00:00:00+00:00,42.13,42.53,1514.5,96.73999786376952,965.03,61.68000030517578,1.55,42.37,42.12,41.74,1513.800048828125,1499.0999755859375,1482.5,0.0037762567854615625,0.0004623802016765488,41.933,41.63366666666668,93.54838709677381,42.75
2019-12-31 00:00:00+00:00,42.25,42.75,1519.5,96.38999938964844,960.99,61.060001373291016,1.55,42.53,42.2,41.89,1514.5,1509.300048828125,1499.0999755859375,0.005172819186456623,0.003301419610432399,42.045,41.67066666666666,95.17241379310344,42.75
2020-01-01 00:00:00+00:00,42.25,42.75,1519.5,96.38999938964844,960.99,61.060001373291016,1.55,42.75,42.37,42.12,1519.5,1513.800048828125,1499.0999755859375,0.0,0.0,42.156,41.70799999999999,94.85294117647057,42.64
2020-01-02 00:00:00+00:00,42.29,42.64,1524.5,96.8499984741211,966.67,61.18000030517578,1.55,42.75,42.53,42.2,1519.5,1514.5,1509.300048828125,-0.0025730994152046716,0.0032905561039815456,42.262,41.742,88.35616438356153,43.03
2020-01-03 00:00:00+00:00,42.71,43.03,1549.199951171875,96.83999633789062,965.14,63.04999923706055,1.55,42.64,42.75,42.37,1524.5,1519.5,1513.800048828125,0.009146341463414753,0.01620200142464734,42.402,41.79633333333333,90.39548022598862,44.45
2020-01-06 00:00:00+00:00,43.95,44.45,1566.199951171875,96.66999816894533,955.79,63.27000045776367,1.55,43.03,42.75,42.53,1549.199951171875,1519.5,1514.5,0.033000232396002804,0.010973405974574524,42.673,41.898,94.62025316455691,44.0
2020-01-07 00:00:00+00:00,43.65,44.0,1571.800048828125,96.9800033569336,958.88,62.70000076293945,1.55,44.45,42.64,42.75,1566.199951171875,1524.5,1519.5,-0.010123734533183382,0.003575595601353454,42.884,41.98466666666666,82.77777777777769,44.5
2020-01-08 00:00:00+00:00,44.0,44.5,1557.4000244140625,97.3000030517578,948.98,59.61000061035156,1.55,44.0,43.03,42.75,1571.800048828125,1549.199951171875,1519.5,0.011363636363636465,-0.009161486173001832,43.122,42.090333333333334,86.1386138613861,43.45
2020-01-09 00:00:00+00:00,42.95,43.45,1551.699951171875,97.4499969482422,960.15,59.560001373291016,1.55,44.5,44.45,42.64,1557.4000244140625,1566.199951171875,1524.5,-0.02359550561797752,-0.0036599930350791343,43.247,42.15866666666667,68.05555555555556,43.35
2020-01-10 00:00:00+00:00,42.95,43.35,1557.5,97.36000061035156,968.54,59.040000915527344,1.55,43.45,44.0,43.03,1551.699951171875,1571.800048828125,1549.199951171875,-0.0023014959723820505,0.0037378675070167677,43.345000000000006,42.22366666666667,66.00397614314114,43.3
2020-01-13 00:00:00+00:00,42.9,43.3,1548.4000244140625,97.3499984741211,965.84,58.08000183105469,1.55,43.35,44.5,44.45,1557.5,1557.4000244140625,1566.199951171875,-0.0011534025374856371,-0.005842680954052937,43.422000000000004,42.288666666666664,64.30020283975654,43.25
2020-01-14 00:00:00+00:00,42.85,43.25,1542.4000244140625,97.37000274658205,967.0,58.22999954223633,1.55,43.3,43.45,44.0,1548.4000244140625,1551.699951171875,1571.800048828125,-0.0011547344110853786,-0.0038749676475047234,43.472,42.349000000000004,61.89473684210527,43.3
2020-01-15 00:00:00+00:00,42.95,43.3,1552.0999755859375,97.2300033569336,967.56,57.810001373291016,1.55,43.25,43.35,44.5,1542.4000244140625,1557.5,1557.4000244140625,0.0011560693641616826,0.0062888686581550335,43.527,42.406333333333336,61.6525423728813,43.35
2020-01-16 00:00:00+00:00,43.0,43.35,1549.0,97.31999969482422,974.31,58.52000045776367,1.55,43.3,43.3,43.45,1552.0999755859375,1548.4000244140625,1551.699951171875,0.0011547344110856006,-0.001997278290509108,43.598,42.465333333333334,60.6521739130435,43.45
2020-01-17 00:00:00+00:00,43.1,43.45,1558.800048828125,97.61000061035156,978.96,58.540000915527344,1.55,43.35,43.25,43.35,1549.0,1542.4000244140625,1557.5,0.0023068050749712743,0.006326693885167822,43.64,42.52866666666667,60.13215859030837,43.85
2020-01-20 00:00:00+00:00,43.45,43.85,1558.800048828125,97.61000061035156,978.63,58.540000915527344,1.55,43.45,43.3,43.3,1558.800048828125,1552.0999755859375,1548.4000244140625,0.009205983889528202,0.0,43.58,42.60966666666666,61.652542372881356,43.85
2020-01-21 00:00:00+00:00,43.4,43.85,1556.4000244140625,97.52999877929688,986.37,58.34000015258789,1.55,43.85,43.35,43.25,1558.800048828125,1549.0,1542.4000244140625,0.0,-0.001539661495306488,43.565,42.68966666666667,61.652542372881356,43.75
2020-01-22 00:00:00+00:00,43.3,43.75,1555.300048828125,97.52999877929688,991.46,56.7400016784668,1.55,43.85,43.45,43.3,1556.4000244140625,1558.800048828125,1552.0999755859375,-0.0022805017103763037,-0.000706743490544226,43.489999999999995,42.766666666666666,61.78343949044584,43.75
2020-01-23 00:00:00+00:00,43.3,43.75,1564.5999755859375,97.69000244140624,991.46,55.59000015258789,1.55,43.75,43.85,43.35,1555.300048828125,1558.800048828125,1549.0,0.0,0.005979506504111276,43.52,42.84066666666667,58.33333333333331,43.75
2020-01-24 00:00:00+00:00,43.3,43.75,1571.0999755859375,97.8499984741211,991.46,54.18999862670898,1.55,43.75,43.85,43.45,1564.5999755859375,1556.4000244140625,1558.800048828125,0.0,0.004154416529097649,43.56,42.915,37.9310344827586,43.75
2020-01-27 00:00:00+00:00,43.3,43.75,1576.800048828125,97.95999908447266,991.46,53.13999938964844,1.55,43.75,43.75,43.85,1571.0999755859375,1555.300048828125,1558.800048828125,0.0,0.0036280779904294125,43.605,42.98666666666667,44.89795918367347,43.75
2020-01-28 00:00:00+00:00,43.3,43.75,1569.199951171875,98.0199966430664,991.46,53.47999954223633,1.55,43.75,43.75,43.85,1576.800048828125,1564.5999755859375,1556.4000244140625,0.0,-0.004819950165462217,43.654999999999994,43.05733333333333,30.769230769230802,43.75
2020-01-29 00:00:00+00:00,43.3,43.75,1569.800048828125,97.98999786376952,991.46,53.33000183105469,1.55,43.75,43.75,43.75,1569.199951171875,1571.0999755859375,1555.300048828125,0.0,0.000382422683483874,43.7,43.12766666666667,66.6666666666664,44.6
2020-01-30 00:00:00+00:00,44.2,44.6,1583.5,97.87000274658205,959.58,52.13999938964844,1.55,43.75,43.75,43.75,1569.800048828125,1576.800048828125,1564.5999755859375,0.01942857142857135,0.008727195022131706,43.825,43.22833333333333,87.87878787878775,44.65
2020-01-31 00:00:00+00:00,44.25,44.65,1582.9000244140625,97.38999938964844,936.62,51.560001373291016,1.55,44.6,43.75,43.75,1583.5,1569.199951171875,1571.0999755859375,0.0011210762331836932,-0.00037889206563779254,43.94500000000001,43.329,90.90909090909099,44.65
2020-02-01 00:00:00+00:00,44.25,44.65,1582.9000244140625,97.38999938964844,936.62,51.560001373291016,1.58,44.65,43.75,43.75,1582.9000244140625,1569.800048828125,1576.800048828125,0.0,0.0,44.025,43.426,93.74999999999991,44.5
2020-02-03 00:00:00+00:00,43.8,44.5,1577.199951171875,97.8000030517578,928.14,50.11000061035156,1.58,44.65,44.6,43.75,1582.9000244140625,1583.5,1569.199951171875,-0.0033594624860021627,-0.003601031748229011,44.089999999999996,43.513,85.29411764705884,43.95
2020-02-04 00:00:00+00:00,43.55,43.95,1550.4000244140625,97.95999908447266,929.09,49.61000061035156,1.58,44.5,44.65,43.75,1577.199951171875,1582.9000244140625,1569.800048828125,-0.012359550561797716,-0.01699209205395924,44.11,43.574,63.6363636363637,43.9
2020-02-05 00:00:00+00:00,43.45,43.9,1557.800048828125,98.2699966430664,925.91,50.75,1.58,43.95,44.65,44.6,1550.4000244140625,1582.9000244140625,1583.5,-0.0011376564277588708,0.004772977488090024,44.125,43.63066666666667,60.465116279069676,43.95
2020-02-06 00:00:00+00:00,43.5,43.95,1565.0999755859375,98.5,938.54,50.95000076293945,1.58,43.9,44.5,44.65,1557.800048828125,1577.199951171875,1582.9000244140625,0.001138952164009277,0.004686048612788207,44.145,43.68333333333333,52.77777777777781,44.0
2020-02-07 00:00:00+00:00,43.6,44.0,1568.5999755859375,98.68000030517578,940.75,50.31999969482422,1.58,43.95,43.95,44.65,1565.0999755859375,1550.4000244140625,1582.9000244140625,0.0011376564277587597,0.0022362788669072486,44.17,43.73233333333333,54.054054054054006,44.35
2020-02-10 00:00:00+00:00,43.9,44.35,1574.699951171875,98.83000183105467,930.73,49.56999969482422,1.58,44.0,43.9,44.5,1568.5999755859375,1557.800048828125,1577.199951171875,0.007954545454545547,0.003888802550604975,44.230000000000004,43.785666666666664,64.2857142857143,44.2
2020-02-11 00:00:00+00:00,43.85,44.2,1565.5999755859375,98.72000122070312,934.67,49.93999862670898,1.58,44.35,43.95,43.95,1574.699951171875,1565.0999755859375,1550.4000244140625,-0.0033821871476887866,-0.005778863191787997,44.275,43.83400000000001,60.000000000000064,44.2
2020-02-12 00:00:00+00:00,43.85,44.2,1567.4000244140625,99.0500030517578,937.68,51.16999816894531,1.58,44.2,44.0,43.9,1565.5999755859375,1568.5999755859375,1557.800048828125,0.0,0.001149750163640162,44.235,43.885999999999996,60.000000000000064,44.3
2020-02-13 00:00:00+00:00,43.95,44.3,1575.0999755859375,99.06999969482422,938.24,51.41999816894531,1.58,44.2,44.35,43.95,1567.4000244140625,1574.699951171875,1565.0999755859375,0.002262443438913797,0.004912562876061788,44.2,43.928333333333335,61.70212765957444,44.25
2020-02-14 00:00:00+00:00,43.9,44.25,1582.699951171875,99.12000274658205,937.45,52.04999923706055,1.58,44.3,44.2,44.0,1575.0999755859375,1565.5999755859375,1568.5999755859375,-0.0011286681715575453,0.004825075045227001,44.160000000000004,43.92166666666667,60.41666666666671,44.45
2020-02-17 00:00:00+00:00,44.15,44.45,1582.699951171875,99.12000274658205,934.77,52.04999923706055,1.58,44.25,44.2,44.35,1582.699951171875,1567.4000244140625,1574.699951171875,0.004519774011299438,0.0,44.155,43.93666666666666,63.46153846153855,44.63
2020-02-18 00:00:00+00:00,44.33,44.63,1600.0,99.45999908447266,927.93,52.04999923706055,1.58,44.45,44.3,44.2,1582.699951171875,1575.0999755859375,1565.5999755859375,0.004049493813273353,0.0109307192530812,44.223,43.941,50.77720207253889,45.05
2020-02-19 00:00:00+00:00,44.7,45.05,1607.5,99.5999984741211,928.76,53.290000915527344,1.58,44.63,44.25,44.2,1600.0,1582.699951171875,1567.4000244140625,0.009410710284561752,0.004687499999999956,44.33800000000001,43.99433333333333,58.695652173913054,45.0
2020-02-20 00:00:00+00:00,44.65,45.0,1616.5999755859375,99.87000274658205,938.13,53.77999877929688,1.58,45.05,44.45,44.3,1607.5,1582.699951171875,1575.0999755859375,-0.0011098779134294245,0.0056609490425738596,44.443,44.04933333333334,57.44680851063836,45.65
2020-02-21 00:00:00+00:00,45.25,45.65,1644.5999755859375,99.26000213623048,933.09,53.380001068115234,1.58,45.0,44.63,44.25,1616.5999755859375,1600.0,1582.699951171875,0.014444444444444482,0.017320302129691267,44.608,44.12766666666667,70.17543859649129,49.0
2020-02-24 00:00:00+00:00,47.8,49.0,1672.4000244140625,99.29000091552734,903.34,51.43000030517578,1.58,45.65,45.05,44.45,1644.5999755859375,1607.5,1582.699951171875,0.07338444687842283,0.01690383633759951,45.073,44.31933333333334,94.6902654867257,47.4
2020-02-25 00:00:00+00:00,46.5,47.4,1646.9000244140625,98.97000122070312,909.67,49.900001525878906,1.58,49.0,45.0,44.63,1672.4000244140625,1616.5999755859375,1600.0,-0.032653061224489854,-0.015247548210802098,45.392999999999994,44.455999999999996,74.3055555555556,46.95
2020-02-26 00:00:00+00:00,46.15,46.95,1640.0,99.0,895.97,48.72999954223633,1.58,47.4,45.65,45.05,1646.9000244140625,1644.5999755859375,1607.5,-0.009493670886075889,-0.004189704482223999,45.668,44.576,69.73684210526321,46.7
2020-02-27 00:00:00+00:00,46.0,46.7,1640.0,98.44000244140624,898.44,47.09000015258789,1.58,46.95,49.0,45.0,1640.0,1672.4000244140625,1616.5999755859375,-0.005324813631522929,0.0,45.908,44.684333333333335,67.30769230769236,46.5
2020-02-28 00:00:00+00:00,45.85,46.5,1564.0999755859375,98.12999725341795,882.19,44.7599983215332,1.58,46.7,47.4,45.65,1640.0,1646.9000244140625,1644.5999755859375,-0.004282655246252709,-0.046280502691501524,46.132999999999996,44.772666666666666,64.05228758169936,46.5
2020-03-01 00:00:00+00:00,45.85,46.5,1564.0999755859375,98.12999725341795,882.19,44.7599983215332,0.65,46.5,46.95,49.0,1564.0999755859375,1640.0,1672.4000244140625,0.0,0.0,46.338,44.861,65.33333333333334,46.45
2020-03-02 00:00:00+00:00,46.0,46.45,1592.300048828125,97.36000061035156,884.43,46.75,0.65,46.5,46.7,47.4,1564.0999755859375,1640.0,1646.9000244140625,-0.0010752688172042113,0.01802958486181372,46.519999999999996,44.951,64.90066225165566,46.4
2020-03-03 00:00:00+00:00,45.9,46.4,1642.0999755859375,97.1500015258789,890.61,47.18000030517578,0.65,46.45,46.5,46.95,1592.300048828125,1564.0999755859375,1640.0,-0.0010764262648009781,0.03127546645147916,46.655,45.039333333333325,64.00000000000003,47.0
2020-03-04 00:00:00+00:00,46.35,47.0,1641.0999755859375,97.33999633789062,889.37,46.77999877929688,0.65,46.4,46.5,46.7,1642.0999755859375,1564.0999755859375,1640.0,0.012931034482758674,-0.0006089763198755538,46.855000000000004,45.14766666666666,67.08074534161491,46.95
2020-03-05 00:00:00+00:00,46.45,46.95,1666.4000244140625,96.81999969482422,893.31,45.900001525878906,0.65,47.0,46.45,46.5,1641.0999755859375,1592.300048828125,1564.0999755859375,-0.0010638297872339608,0.015416518922981348,46.985,45.25433333333333,65.82278481012659,47.3
2020-03-06 00:00:00+00:00,46.8,47.3,1670.800048828125,95.9499969482422,891.44,41.27999877929688,0.65,46.95,46.4,46.5,1666.4000244140625,1642.0999755859375,1564.0999755859375,0.007454739084131967,0.0026404370796919707,46.815000000000005,45.37266666666666,66.54275092936803,47.85
2020-03-09 00:00:00+00:00,47.15,47.85,1674.5,94.9000015258789,835.49,31.1299991607666,0.65,47.3,47.0,46.45,1670.800048828125,1641.0999755859375,1592.300048828125,0.011627906976744207,0.0022144787309947844,46.86,45.50933333333333,67.07317073170735,47.55
2020-03-10 00:00:00+00:00,46.9,47.55,1659.0999755859375,96.41000366210938,837.5,34.36000061035156,0.65,47.85,46.95,46.4,1674.5,1666.4000244140625,1642.0999755859375,-0.006269592476489172,-0.009196789736675148,46.92,45.60766666666667,65.08875739644968,47.45
2020-03-11 00:00:00+00:00,46.85,47.45,1641.4000244140625,96.51000213623048,811.35,32.97999954223633,0.65,47.55,47.3,47.0,1659.0999755859375,1670.800048828125,1641.0999755859375,-0.002103049421661285,-0.010668405420007354,46.995,45.701,61.392405063291164,47.5
2020-03-12 00:00:00+00:00,46.9,47.5,1589.300048828125,97.47000122070312,769.25,31.5,0.65,47.45,47.85,46.95,1641.4000244140625,1674.5,1666.4000244140625,0.0010537407797681642,-0.031741181193497225,47.095,45.79600000000001,33.69565217391302,47.0
2020-03-13 00:00:00+00:00,46.1,47.0,1515.699951171875,98.75,762.9263,31.729999542236328,0.65,47.5,47.55,47.3,1589.300048828125,1659.0999755859375,1670.800048828125,-0.010526315789473717,-0.04630975611591981,47.144999999999996,45.879333333333335,44.28571428571429,47.0
2020-03-16 00:00:00+00:00,46.1,47.0,1485.9000244140625,98.08999633789062,762.9263,28.700000762939453,0.65,47.0,47.45,47.85,1515.699951171875,1641.4000244140625,1674.5,0.0,-0.019660835071461547,47.2,45.981,50.81967213114749,47.0
2020-03-17 00:00:00+00:00,46.1,47.0,1524.9000244140625,99.58000183105467,762.9263,26.950000762939453,0.65,47.0,47.5,47.55,1485.9000244140625,1589.300048828125,1659.0999755859375,0.0,0.026246718728858642,47.26,46.08433333333333,55.35714285714281,47.0
2020-03-18 00:00:00+00:00,46.1,47.0,1477.300048828125,101.16000366210938,762.9263,22.475900325775147,0.65,47.0,47.0,47.45,1524.9000244140625,1515.699951171875,1641.4000244140625,0.0,-0.031215145139910194,47.26,46.18600000000001,59.615384615384635,46.6
2020-03-19 00:00:00+00:00,45.8,46.6,1478.5999755859375,102.76000213623048,762.9263,25.21999931335449,0.65,47.0,47.0,47.5,1477.300048828125,1485.9000244140625,1589.300048828125,-0.008510638297872353,0.0008799341466505517,47.225,46.272666666666666,51.6666666666667,46.65
2020-03-20 00:00:00+00:00,45.85,46.65,1484.0,102.81999969482422,762.9263,22.475900325775147,0.65,46.6,47.0,47.0,1478.5999755859375,1524.9000244140625,1515.699951171875,0.001072961373390413,0.003652119912907814,47.16,46.349333333333334,53.333333333333265,46.5
2020-03-23 00:00:00+00:00,45.8,46.5,1567.0,102.48999786376952,762.9263,23.36000061035156,0.65,46.65,47.0,47.0,1484.0,1477.300048828125,1485.9000244140625,-0.003215434083601254,0.055929919137466255,47.025,46.426,51.61290322580649,47.2
2020-03-24 00:00:00+00:00,46.5,47.2,1660.199951171875,101.73999786376952,762.9263,24.01000022888184,0.65,46.5,46.6,47.0,1567.0,1478.5999755859375,1524.9000244140625,0.01505376344086029,0.059476675923340716,46.989999999999995,46.526,53.12500000000005,47.35
2020-03-25 00:00:00+00:00,46.65,47.35,1632.300048828125,101.0500030517578,762.9263,24.489999771118164,0.65,47.2,46.65,47.0,1660.199951171875,1484.0,1477.300048828125,0.0031779661016948513,-0.016805145864542737,46.980000000000004,46.62766666666666,56.060606060606055,47.45
2020-03-26 00:00:00+00:00,46.75,47.45,1650.0999755859375,99.41999816894533,762.9263,22.600000381469727,0.65,47.35,46.5,46.6,1632.300048828125,1567.0,1478.5999755859375,0.002111932418162654,0.010904812978834055,46.975,46.73433333333333,52.45901639344271,47.75
2020-03-27 00:00:00+00:00,46.95,47.75,1623.9000244140625,98.37000274658205,762.9263,22.475900325775147,0.65,47.45,47.2,46.65,1650.0999755859375,1660.199951171875,1484.0,0.006322444678608985,-0.01587779623023844,47.05,46.84433333333334,48.21428571428568,48.35
2020-03-30 00:00:00+00:00,47.25,48.35,1622.0,99.18000030517578,762.9263,22.475900325775147,0.65,47.75,47.35,46.5,1623.9000244140625,1632.300048828125,1567.0,0.012565445026178068,-0.0011700378012791113,47.185,46.968333333333334,62.903225806451736,48.2
2020-03-31 00:00:00+00:00,47.0,48.2,1583.4000244140625,99.0500030517578,762.9263,22.475900325775147,0.65,48.35,47.45,47.2,1622.0,1650.0999755859375,1660.199951171875,-0.0031023784901758056,-0.023797765466052723,47.305,47.07333333333334,61.90476190476193,48.05
2020-04-01 00:00:00+00:00,47.05,48.05,1578.199951171875,99.66999816894533,762.9263,22.475900325775147,0.05,48.2,47.75,47.35,1583.4000244140625,1623.9000244140625,1632.300048828125,-0.003112033195020847,-0.0032841184552284686,47.410000000000004,47.175,58.46153846153842,48.05
2020-04-02 00:00:00+00:00,47.05,48.05,1625.699951171875,100.18000030517578,762.9263,25.31999969482422,0.05,48.05,48.35,47.45,1578.199951171875,1622.0,1650.0999755859375,0.0,0.03009758045216593,47.555,47.254999999999995,69.09090909090904,48.05
2020-04-03 00:00:00+00:00,47.05,48.05,1633.699951171875,100.58000183105467,762.9263,28.34000015258789,0.05,48.05,48.2,47.75,1625.699951171875,1583.4000244140625,1623.9000244140625,0.0,0.004920957273962578,47.69500000000001,47.223333333333336,69.09090909090904,48.1
2020-04-06 00:00:00+00:00,47.1,48.1,1677.0,100.69000244140624,762.9263,26.07999992370605,0.05,48.05,48.05,48.35,1633.699951171875,1578.199951171875,1622.0,0.0010405827263268996,0.026504284827250757,47.855000000000004,47.24666666666667,69.64285714285714,48.1
2020-04-07 00:00:00+00:00,47.1,48.1,1664.800048828125,99.9800033569336,762.9263,23.6299991607666,0.05,48.1,48.05,48.2,1677.0,1625.699951171875,1583.4000244140625,0.0,-0.007274866530635027,47.94500000000001,47.285,69.64285714285714,48.0
2020-04-08 00:00:00+00:00,47.15,48.0,1665.4000244140625,100.12000274658205,762.9263,25.09000015258789,0.05,48.1,48.05,48.05,1664.800048828125,1633.699951171875,1578.199951171875,-0.0020790020790021346,0.0003603889766581325,48.010000000000005,47.32833333333333,77.99999999999989,48.1
2020-04-09 00:00:00+00:00,47.25,48.1,1736.199951171875,99.5199966430664,762.9263,22.76000022888184,0.05,48.0,48.1,48.05,1665.4000244140625,1677.0,1625.699951171875,0.002083333333333437,0.04251226475316172,48.075,47.38166666666667,78.43137254901954,48.25
2020-04-10 00:00:00+00:00,47.4,48.25,1736.199951171875,99.5199966430664,762.9263,22.76000022888184,0.05,48.1,48.1,48.05,1736.199951171875,1664.800048828125,1633.699951171875,0.0031185031185030354,0.0,48.125,47.440000000000005,84.31372549019592,48.4
2020-04-13 00:00:00+00:00,47.55,48.4,1744.800048828125,99.3499984741211,765.79,22.475900325775147,0.05,48.25,48.0,48.1,1736.199951171875,1665.4000244140625,1677.0,0.0031088082901553626,0.004953402775092375,48.13,47.504999999999995,79.99999999999979,48.55
2020-04-14 00:00:00+00:00,47.75,48.55,1756.699951171875,98.88999938964844,767.41,22.475900325775147,0.05,48.4,48.1,48.1,1744.800048828125,1736.199951171875,1664.800048828125,0.0030991735537189147,0.006820209772313124,48.165,47.576666666666675,79.99999999999979,48.3
2020-04-15 00:00:00+00:00,47.5,48.3,1727.199951171875,99.45999908447266,777.22,22.475900325775147,0.05,48.55,48.25,48.0,1756.699951171875,1736.199951171875,1665.4000244140625,-0.005149330587023715,-0.016792850697309403,48.19,47.620000000000005,69.76744186046493,48.35
2020-04-16 00:00:00+00:00,47.6,48.35,1720.4000244140625,100.02999877929688,780.7,22.475900325775147,0.05,48.3,48.4,48.1,1727.199951171875,1744.800048828125,1736.199951171875,0.001035196687370732,-0.0039369655801569925,48.22,47.666666666666664,65.78947368421046,48.25
2020-04-17 00:00:00+00:00,47.5,48.25,1689.199951171875,99.77999877929688,789.6,22.475900325775147,0.05,48.35,48.55,48.25,1720.4000244140625,1756.699951171875,1736.199951171875,-0.0020682523267838704,-0.018135359683463026,48.239999999999995,47.69833333333334,46.4285714285714,48.0
2020-04-20 00:00:00+00:00,47.25,48.0,1701.5999755859375,99.95999908447266,794.97,22.475900325775147,0.05,48.25,48.3,48.4,1689.199951171875,1727.199951171875,1744.800048828125,-0.005181347150259086,0.007340767684405947,48.230000000000004,47.70333333333333,43.3333333333333,48.15
2020-04-21 00:00:00+00:00,47.5,48.15,1678.199951171875,100.26000213623048,766.84,22.475900325775147,0.05,48.0,48.35,48.55,1701.5999755859375,1720.4000244140625,1756.699951171875,0.0031250000000000444,-0.013751777591560432,48.235,47.723333333333336,53.333333333333364,48.15
2020-04-22 00:00:00+00:00,47.5,48.15,1728.699951171875,100.38999938964844,768.92,22.475900325775147,0.05,48.15,48.25,48.3,1678.199951171875,1689.199951171875,1727.199951171875,0.0,0.030091765861830932,48.25,47.74666666666666,53.333333333333364,48.45
2020-04-23 00:00:00+00:00,47.8,48.45,1733.300048828125,100.43000030517578,773.91,22.475900325775147,0.05,48.15,48.0,48.35,1728.699951171875,1701.5999755859375,1720.4000244140625,0.006230529595015577,0.002661015668526945,48.285000000000004,47.77833333333333,61.1111111111112,48.5
2020-04-24 00:00:00+00:00,47.85,48.5,1723.5,100.37999725341795,776.66,22.475900325775147,0.05,48.45,48.15,48.25,1733.300048828125,1678.199951171875,1689.199951171875,0.0010319917440659854,-0.005653982895085452,48.31,47.82833333333333,61.11111111111104,48.55
2020-04-27 00:00:00+00:00,47.9,48.55,1711.9000244140625,100.04000091552734,770.77,22.475900325775147,0.05,48.5,48.15,48.0,1723.5,1728.699951171875,1701.5999755859375,0.0010309278350515427,-0.006730476116006634,48.325,47.879999999999995,62.16216216216204,48.6
2020-04-28 00:00:00+00:00,47.95,48.6,1710.5,99.87000274658205,767.21,22.475900325775147,0.05,48.55,48.45,48.15,1711.9000244140625,1733.300048828125,1678.199951171875,0.001029866117404854,-0.0008178190280367925,48.33,47.93333333333333,66.66666666666666,48.5
2020-04-29 00:00:00+00:00,47.85,48.5,1703.4000244140625,99.56999969482422,769.11,22.475900325775147,0.05,48.6,48.5,48.15,1710.5,1723.5,1728.699951171875,-0.002057613168724326,-0.004150818816683666,48.35,47.983333333333334,61.11111111111104,48.5
2020-04-30 00:00:00+00:00,47.85,48.5,1684.199951171875,99.0199966430664,769.11,22.475900325775147,0.05,48.5,48.55,48.45,1703.4000244140625,1711.9000244140625,1733.300048828125,0.0,-0.011271617334156159,48.364999999999995,48.04666666666667,57.57575757575755,48.5
2020-05-01 00:00:00+00:00,47.85,48.5,1694.5,98.8000030517578,769.11,22.475900325775147,0.05,48.5,48.6,48.5,1684.199951171875,1710.5,1723.5,0.0,0.006115692392080874,48.39,48.108333333333334,53.333333333333364,48.5
2020-05-04 00:00:00+00:00,47.9,48.5,1706.9000244140625,99.4800033569336,762.9263,22.475900325775147,0.05,48.5,48.5,48.55,1694.5,1703.4000244140625,1711.9000244140625,0.0,0.007317807267077203,48.44,48.175,48.14814814814826,48.45
2020-05-05 00:00:00+00:00,47.85,48.45,1704.4000244140625,99.70999908447266,764.16,24.559999465942383,0.05,48.5,48.5,48.6,1706.9000244140625,1684.199951171875,1710.5,-0.0010309278350515427,-0.0014646434848216705,48.470000000000006,48.21666666666667,56.521739130434995,48.45
2020-05-06 00:00:00+00:00,47.85,48.45,1684.199951171875,100.08999633789062,782.59,23.989999771118164,0.05,48.45,48.5,48.5,1704.4000244140625,1694.5,1703.4000244140625,0.0,-0.01185172081250807,48.5,48.25333333333333,54.545454545454604,48.25
2020-05-07 00:00:00+00:00,47.8,48.25,1721.800048828125,99.88999938964844,796.54,23.549999237060547,0.05,48.45,48.5,48.5,1684.199951171875,1706.9000244140625,1684.199951171875,-0.0041279669762642746,0.022325198163132498,48.480000000000004,48.279999999999994,50.0,48.4
2020-05-08 00:00:00+00:00,47.95,48.4,1709.9000244140625,99.7300033569336,813.73,24.739999771118164,0.05,48.25,48.45,48.5,1721.800048828125,1704.4000244140625,1694.5,0.0031088082901553626,-0.006911385803573311,48.47,48.30166666666666,68.18181818181809,48.25
2020-05-11 00:00:00+00:00,47.8,48.25,1695.300048828125,100.23999786376952,828.33,24.13999938964844,0.05,48.4,48.45,48.5,1709.9000244140625,1684.199951171875,1706.9000244140625,-0.0030991735537190257,-0.008538496624058811,48.44,48.29833333333333,54.545454545454604,48.67
2020-05-12 00:00:00+00:00,48.3,48.67,1704.4000244140625,99.93000030517578,835.32,25.780000686645508,0.05,48.25,48.25,48.45,1695.300048828125,1721.800048828125,1704.4000244140625,0.008704663212435237,0.005367766957965925,48.447,48.314,67.1052631578948,48.4
2020-05-13 00:00:00+00:00,48.0,48.4,1713.9000244140625,100.23999786376952,834.21,25.290000915527344,0.05,48.67,48.4,48.45,1704.4000244140625,1709.9000244140625,1684.199951171875,-0.005547565235257901,0.005573808885191767,48.437,48.32566666666666,48.32214765100657,48.55
2020-05-14 00:00:00+00:00,48.17,48.55,1738.0999755859375,100.47000122070312,832.4,27.559999465942383,0.05,48.4,48.25,48.25,1713.9000244140625,1695.300048828125,1721.800048828125,0.0030991735537189147,0.01411981494086767,48.442,48.342333333333336,51.572327044025066,48.67
2020-05-15 00:00:00+00:00,48.3,48.67,1753.4000244140625,100.4000015258789,827.03,29.43000030517578,0.05,48.55,48.67,48.4,1738.0999755859375,1704.4000244140625,1709.9000244140625,0.002471678681771561,0.00880274382546209,48.459,48.36299999999999,53.61445783132542,49.4
2020-05-18 00:00:00+00:00,48.9,49.4,1731.800048828125,99.66999816894533,837.01,31.81999969482422,0.05,48.67,48.4,48.25,1753.4000244140625,1713.9000244140625,1695.300048828125,0.014998972673104571,-0.01231890913949063,48.549,48.406333333333336,67.094017094017,49.03
2020-05-19 00:00:00+00:00,48.58,49.03,1744.199951171875,99.37000274658205,845.92,32.5,0.05,49.4,48.55,48.67,1731.800048828125,1738.0999755859375,1704.4000244140625,-0.007489878542510042,0.007160123567464316,48.607,48.437333333333335,60.15325670498087,49.1
2020-05-20 00:00:00+00:00,48.65,49.1,1750.5999755859375,99.12000274658205,852.91,33.4900016784668,0.05,49.03,48.67,48.4,1744.199951171875,1753.4000244140625,1713.9000244140625,0.0014276973281663885,0.0036693180789062474,48.672,48.474000000000004,61.1940298507463,48.95
2020-05-21 00:00:00+00:00,48.5,48.95,1720.5,99.37000274658205,862.73,33.91999816894531,0.05,49.1,49.4,48.55,1750.5999755859375,1731.800048828125,1738.0999755859375,-0.003054989816700604,-0.017194091172006765,48.742,48.50233333333333,57.950530035335746,48.95
2020-05-22 00:00:00+00:00,48.5,48.95,1734.5999755859375,99.86000061035156,852.74,33.25,0.05,48.95,49.03,48.67,1720.5,1744.199951171875,1753.4000244140625,0.0,0.008195277876162477,48.797000000000004,48.525666666666666,57.950530035335746,48.9
2020-05-25 00:00:00+00:00,48.5,48.9,1734.5999755859375,99.86000061035156,859.04,33.25,0.05,48.95,49.1,49.4,1734.5999755859375,1750.5999755859375,1731.800048828125,-0.0010214504596527396,0.0,48.862,48.54233333333334,57.9505300353356,48.85
2020-05-26 00:00:00+00:00,48.47,48.85,1704.800048828125,98.91000366210938,869.13,34.349998474121094,0.05,48.9,48.95,49.03,1734.5999755859375,1720.5,1744.199951171875,-0.0010224948875254825,-0.017179711274783238,48.88,48.55233333333333,56.944444444444414,48.7
2020-05-27 00:00:00+00:00,48.32,48.7,1710.300048828125,99.05999755859376,857.48,32.810001373291016,0.05,48.85,48.95,49.1,1704.800048828125,1734.5999755859375,1750.5999755859375,-0.0030706243602866,0.003226184797320286,48.910000000000004,48.565666666666665,57.950530035335746,48.8
2020-05-28 00:00:00+00:00,48.43,48.8,1713.300048828125,98.37999725341795,861.39,33.709999084472656,0.05,48.7,48.9,48.95,1710.300048828125,1734.5999755859375,1720.5,0.002053388090349051,0.0017540781818112805,48.935,48.580666666666666,57.194244604316545,48.87
2020-05-29 00:00:00+00:00,48.5,48.87,1736.9000244140625,98.33999633789062,864.47,35.4900016784668,0.05,48.8,48.85,48.95,1713.300048828125,1704.800048828125,1734.5999755859375,0.00143442622950829,0.013774572411924924,48.955,48.60133333333333,61.48148148148145,49.0
2020-06-01 00:00:00+00:00,48.65,49.0,1737.800048828125,97.83000183105467,878.67,35.439998626708984,0.08,48.87,48.7,48.9,1736.9000244140625,1710.300048828125,1734.5999755859375,0.00266011868221816,0.0005181785948595863,48.915000000000006,48.63466666666667,56.84647302904561,48.97
2020-06-02 00:00:00+00:00,48.62,48.97,1725.199951171875,97.66999816894533,874.8,36.810001373291016,0.08,49.0,48.8,48.85,1737.800048828125,1713.300048828125,1704.800048828125,-0.000612244897959191,-0.007250602659809369,48.909,48.662,63.13364055299543,48.83
2020-06-03 00:00:00+00:00,48.48,48.83,1697.800048828125,97.27999877929688,881.17,37.290000915527344,0.08,48.97,48.87,48.7,1725.199951171875,1736.9000244140625,1710.300048828125,-0.0028588931999182776,-0.015882160398357326,48.882,48.68466666666667,56.48148148148152,48.8
2020-06-04 00:00:00+00:00,48.45,48.8,1718.9000244140625,96.68000030517578,883.9,37.40999984741211,0.08,48.83,49.0,48.8,1697.800048828125,1737.800048828125,1713.300048828125,-0.0006143764079459269,0.012427833065796756,48.867000000000004,48.696333333333335,53.14009661835739,48.82
2020-06-05 00:00:00+00:00,48.48,48.82,1676.199951171875,96.94000244140624,886.22,39.54999923706055,0.08,48.8,48.97,48.87,1718.9000244140625,1725.199951171875,1736.9000244140625,0.0004098360655737654,-0.02484151063802742,48.854,48.707,28.676470588235347,48.7
2020-06-08 00:00:00+00:00,48.35,48.7,1698.300048828125,96.62000274658205,899.92,38.18999862670898,0.08,48.82,48.83,49.0,1676.199951171875,1697.800048828125,1737.800048828125,-0.002458009012699658,0.013184642823070858,48.834,48.712,35.1351351351352,48.72
2020-06-09 00:00:00+00:00,48.37,48.72,1714.699951171875,96.31999969482422,899.43,38.93999862670898,0.08,48.7,48.8,48.97,1698.300048828125,1718.9000244140625,1725.199951171875,0.00041067761806967695,0.009656657759072873,48.821,48.716,32.075471698113006,48.77
2020-06-10 00:00:00+00:00,48.42,48.77,1713.300048828125,95.95999908447266,900.0,39.59999847412109,0.08,48.72,48.82,48.83,1714.699951171875,1676.199951171875,1697.800048828125,0.0010262725779968118,-0.0008164124241055726,48.827999999999996,48.725,40.62500000000002,48.8
2020-06-11 00:00:00+00:00,48.45,48.8,1732.0,96.7300033569336,867.37,36.34000015258789,0.08,48.77,48.7,48.8,1713.300048828125,1698.300048828125,1718.9000244140625,0.0006151322534344583,0.010914580423122988,48.827999999999996,48.735,42.424242424242095,48.8
2020-06-12 00:00:00+00:00,48.45,48.8,1729.300048828125,97.31999969482422,863.52,36.2599983215332,0.08,48.8,48.72,48.82,1732.0,1714.699951171875,1676.199951171875,0.0,-0.0015588632632073107,48.821,48.745,44.68085106382966,48.72
2020-06-15 00:00:00+00:00,48.38,48.72,1720.300048828125,96.68000030517578,832.47,37.119998931884766,0.08,48.8,48.77,48.7,1729.300048828125,1713.300048828125,1698.300048828125,-0.0016393442622950616,-0.005204417825639296,48.79299999999999,48.75233333333333,43.298969072164766,48.67
2020-06-16 00:00:00+00:00,48.32,48.67,1729.5999755859375,96.95999908447266,856.13,38.380001068115234,0.08,48.72,48.8,48.72,1720.300048828125,1732.0,1714.699951171875,-0.0010262725779967008,0.005405991102626295,48.763,48.75966666666667,48.27586206896543,48.6
2020-06-17 00:00:00+00:00,48.25,48.6,1729.199951171875,97.16000366210938,854.44,37.959999084472656,0.08,48.67,48.8,48.77,1729.5999755859375,1729.300048828125,1713.300048828125,-0.0014382576535854064,-0.00023128146375406278,48.74,48.76466666666667,38.0952380952383,48.61
2020-06-18 00:00:00+00:00,48.28,48.61,1724.800048828125,97.41999816894533,855.27,38.84000015258789,0.08,48.6,48.72,48.8,1729.199951171875,1720.300048828125,1732.0,0.0002057613168724437,-0.00254447285912085,48.721000000000004,48.77666666666667,33.33333333333333,48.72
2020-06-19 00:00:00+00:00,48.39,48.72,1745.9000244140625,97.62000274658205,868.56,39.75,0.08,48.61,48.67,48.8,1724.800048828125,1729.5999755859375,1729.300048828125,0.002262908866488278,0.012233287910835555,48.711,48.78733333333333,31.578947368420756,48.9
2020-06-22 00:00:00+00:00,48.55,48.9,1756.699951171875,97.04000091552734,871.28,40.459999084472656,0.08,48.72,48.6,48.72,1745.9000244140625,1729.199951171875,1720.300048828125,0.003694581280788256,0.006185879263869598,48.730999999999995,48.809,46.15384615384609,49.03
2020-06-23 00:00:00+00:00,48.68,49.03,1772.0999755859375,96.69000244140624,868.2,40.369998931884766,0.08,48.9,48.61,48.67,1756.699951171875,1724.800048828125,1729.5999755859375,0.002658486707566521,0.00876645121085673,48.762,48.821,61.11111111111138,49.24
2020-06-24 00:00:00+00:00,48.86,49.24,1765.800048828125,97.1500015258789,859.71,38.0099983215332,0.08,49.03,48.72,48.6,1772.0999755859375,1745.9000244140625,1729.199951171875,0.0042830919844993876,-0.0035550628320105693,48.809000000000005,48.849000000000004,70.37037037037076,49.2
2020-06-25 00:00:00+00:00,48.82,49.2,1762.0999755859375,97.43000030517578,854.59,38.720001220703125,0.08,49.24,48.9,48.61,1765.800048828125,1756.699951171875,1724.800048828125,-0.0008123476848090894,-0.002095408959039924,48.849000000000004,48.87066666666667,67.2727272727276,49.2
2020-06-26 00:00:00+00:00,48.85,49.2,1772.5,97.5,851.98,38.4900016784668,0.08,49.2,49.03,48.72,1762.0999755859375,1772.0999755859375,1745.9000244140625,0.0,0.005902062628770022,48.888999999999996,48.888333333333335,75.51020408163292,49.32
2020-06-29 00:00:00+00:00,48.97,49.32,1774.800048828125,97.54000091552734,829.36,39.70000076293945,0.08,49.2,49.24,48.9,1772.5,1765.800048828125,1756.699951171875,0.0024390243902439046,0.0012976298043019252,48.949,48.885666666666665,77.77777777777807,49.39
2020-06-30 00:00:00+00:00,49.04,49.39,1793.0,97.38999938964844,825.11,39.27000045776367,0.08,49.32,49.2,49.03,1774.800048828125,1762.0999755859375,1772.0999755859375,0.0014193025141930882,0.010254648789249421,49.021,48.897666666666666,78.1818181818184,49.85
2020-07-01 00:00:00+00:00,49.45,49.85,1773.199951171875,97.1999969482422,843.49,39.81999969482422,0.09,49.39,49.2,49.24,1793.0,1772.5,1765.800048828125,0.009313626240129658,-0.01104297201791693,49.146,48.92266666666667,84.31372549019636,49.64
2020-07-02 00:00:00+00:00,49.26,49.64,1784.0,97.31999969482422,842.38,40.650001525878906,0.09,49.85,49.32,49.2,1773.199951171875,1774.800048828125,1762.0999755859375,-0.004212637913741268,0.0060907112144839015,49.249,48.94566666666667,74.13793103448293,49.85
2020-07-03 00:00:00+00:00,49.48,49.85,1784.0,97.31999969482422,847.61,40.650001525878906,0.09,49.64,49.39,49.2,1784.0,1793.0,1772.5,0.004230459307010603,0.0,49.362,48.97566666666667,80.21390374331561,50.02
2020-07-06 00:00:00+00:00,49.64,50.02,1788.5,96.79000091552734,861.16,40.630001068115234,0.09,49.85,49.85,49.32,1784.0,1773.199951171875,1774.800048828125,0.0034102306920762437,0.002522421524663754,49.474000000000004,49.013,83.91959798994975,50.15
2020-07-07 00:00:00+00:00,49.7,50.15,1804.199951171875,96.87999725341795,863.42,40.619998931884766,0.09,50.02,49.64,49.39,1788.5,1784.0,1793.0,0.002598960415833629,0.008778278541724971,49.586,49.056333333333335,87.80487804878047,50.35
2020-07-08 00:00:00+00:00,49.95,50.35,1815.5,96.43000030517578,864.5,40.900001525878906,0.09,50.15,49.85,49.85,1804.199951171875,1784.0,1773.199951171875,0.003988035892322994,0.006263190962168652,49.697,49.11133333333333,88.83928571428572,50.8
2020-07-09 00:00:00+00:00,50.4,50.8,1799.199951171875,96.6999969482422,876.46,39.619998931884766,0.09,50.35,50.02,49.64,1815.5,1788.5,1784.0,0.00893743793445867,-0.008978269803428862,49.857,49.178,90.31007751937985,50.7
2020-07-10 00:00:00+00:00,50.25,50.7,1798.199951171875,96.6500015258789,871.21,40.54999923706055,0.09,50.8,50.15,49.85,1799.199951171875,1804.199951171875,1784.0,-0.0019685039370077595,-0.0005558025940077815,50.007000000000005,49.239000000000004,86.00000000000018,50.6
2020-07-13 00:00:00+00:00,50.2,50.6,1811.0,96.45999908447266,868.72,40.09999847412109,0.09,50.7,50.35,50.02,1798.199951171875,1815.5,1788.5,-0.0019723865877712132,0.007118256687629998,50.135000000000005,49.29233333333334,81.78137651821874,50.53
2020-07-14 00:00:00+00:00,50.17,50.53,1810.5999755859373,96.26000213623048,868.11,40.290000915527344,0.09,50.6,50.8,50.15,1811.0,1799.199951171875,1804.199951171875,-0.001383399209486158,-0.00022088592714675226,50.249,49.34433333333334,77.68240343347648,50.67
2020-07-15 00:00:00+00:00,50.3,50.67,1811.4000244140625,96.08000183105467,869.91,41.20000076293945,0.09,50.53,50.7,50.35,1810.5999755859373,1798.199951171875,1815.5,0.0027706313081337086,0.0004418694570380577,50.331,49.40566666666666,80.24691358024698,50.69
2020-07-16 00:00:00+00:00,50.32,50.69,1798.699951171875,96.3499984741211,876.83,40.75,0.09,50.67,50.6,50.8,1811.4000244140625,1811.0,1799.199951171875,0.000394710874284554,-0.007011191934976124,50.43599999999999,49.468666666666664,80.40816326530616,50.69
2020-07-17 00:00:00+00:00,50.32,50.69,1808.300048828125,95.94000244140624,872.02,40.59000015258789,0.09,50.69,50.53,50.7,1798.699951171875,1810.5999755859373,1798.199951171875,0.0,0.005337242406658893,50.519999999999996,49.531,79.39914163090134,50.93
2020-07-20 00:00:00+00:00,50.55,50.93,1815.9000244140625,95.83000183105467,861.4,40.810001373291016,0.09,50.69,50.67,50.6,1808.300048828125,1811.4000244140625,1811.0,0.0047346616689682985,0.004202828834110051,50.611,49.605333333333334,80.80000000000007,51.5
2020-07-21 00:00:00+00:00,51.05,51.5,1842.4000244140625,95.12000274658205,861.69,41.959999084472656,0.09,50.93,50.69,50.53,1815.9000244140625,1798.699951171875,1810.5999755859373,0.011191831926173235,0.014593314413633873,50.745999999999995,49.698,81.60919540229892,53.05
2020-07-22 00:00:00+00:00,52.1,53.05,1864.0999755859373,94.97000122070312,855.08,41.900001525878906,0.09,51.5,50.69,50.67,1842.4000244140625,1808.300048828125,1811.4000244140625,0.030097087378640808,0.011778088842989476,51.016000000000005,49.84066666666667,93.1645569620254,54.8
2020-07-23 00:00:00+00:00,53.5,54.8,1889.0999755859373,94.69000244140624,856.75,41.06999969482422,0.09,53.05,50.93,50.69,1864.0999755859373,1815.9000244140625,1798.699951171875,0.032987747408105506,0.0134112978528107,51.416,50.04066666666667,95.08196721311481,55.3
2020-07-24 00:00:00+00:00,53.7,55.3,1897.300048828125,94.44000244140624,829.16,41.290000915527344,0.09,54.8,51.5,50.69,1889.0999755859373,1842.4000244140625,1808.300048828125,0.009124087591240837,0.004340730161538575,51.876,50.257333333333335,95.3608247422681,56.9
2020-07-27 00:00:00+00:00,55.45,56.9,1931.0,93.66999816894533,785.17,41.59999847412109,0.09,55.3,53.05,50.93,1897.300048828125,1864.0999755859373,1815.9000244140625,0.02893309222423146,0.017762056767294032,52.50599999999999,50.53,96.29629629629635,57.4
2020-07-28 00:00:00+00:00,55.9,57.4,1944.699951171875,93.76000213623048,813.36,41.040000915527344,0.09,56.9,54.8,51.5,1931.0,1889.0999755859373,1842.4000244140625,0.008787346221441172,0.007094744263011377,53.193,50.821,96.44268774703562,57.7
2020-07-29 00:00:00+00:00,56.3,57.7,1953.5,93.26000213623048,790.84,41.27000045776367,0.09,57.4,55.3,53.05,1944.699951171875,1897.300048828125,1864.0999755859373,0.005226480836237002,0.004525144777641543,53.896,51.12433333333333,96.37096774193553,57.8
2020-07-30 00:00:00+00:00,56.55,57.8,1942.300048828125,93.0199966430664,801.13,39.91999816894531,0.09,57.7,56.9,54.8,1953.5,1931.0,1889.0999755859373,0.0017331022530329143,-0.005733274211351391,54.607000000000006,51.43066666666666,97.71505376344084,57.98
2020-07-31 00:00:00+00:00,56.68,57.98,1962.800048828125,93.48999786376952,798.39,40.27000045776367,0.09,57.8,57.4,55.3,1942.300048828125,1944.699951171875,1897.300048828125,0.0031141868512110094,0.010554496980200723,55.336,51.73933333333333,99.06914893617021,57.98
2020-08-01 00:00:00+00:00,56.68,57.98,1962.800048828125,93.48999786376952,798.39,40.27000045776367,0.1,57.98,57.7,56.9,1962.800048828125,1953.5,1931.0,0.0,0.0,56.041,52.042,100.0,57.9
2020-08-03 00:00:00+00:00,56.75,57.9,1966.0,93.5,814.65,41.0099983215332,0.1,57.98,57.8,57.4,1962.800048828125,1942.300048828125,1944.699951171875,-0.0013797861331493744,0.0016302991095733521,56.681,52.33766666666667,98.9174560216509,57.98
2020-08-04 00:00:00+00:00,56.83,57.98,2001.199951171875,93.37999725341795,827.57,41.70000076293945,0.1,57.9,57.98,57.7,1966.0,1962.800048828125,1953.5,0.001381692573402482,0.01790434952791209,57.174,52.629000000000005,98.92617449664432,59.1
2020-08-05 00:00:00+00:00,57.9,59.1,2031.0999755859373,92.83000183105467,837.8,42.18999862670898,0.1,57.98,57.98,57.8,2001.199951171875,1962.800048828125,1942.300048828125,0.01931700586409124,0.014941047943036967,57.604,52.958999999999996,99.06651108518088,61.4
2020-08-06 00:00:00+00:00,59.6,61.4,2051.5,92.79000091552734,840.04,41.95000076293945,0.1,59.1,57.9,57.98,2031.0999755859373,1966.0,1962.800048828125,0.03891708967851093,0.010043830761298445,58.214,53.36566666666667,99.24741298212608,62.4
2020-08-07 00:00:00+00:00,60.75,62.4,2010.0999755859373,93.44000244140624,841.46,41.220001220703125,0.1,61.4,57.98,57.98,2051.5,2001.199951171875,1962.800048828125,0.016286644951140072,-0.020180367737783422,58.763999999999996,53.80166666666666,99.27667269439422,58.28
2020-08-10 00:00:00+00:00,56.65,58.28,2024.4000244140625,93.58000183105467,843.2,41.93999862670898,0.1,62.4,59.1,57.9,2010.0999755859373,2031.0999755859373,1966.0,-0.06602564102564101,0.007114098304467076,58.852,54.09799999999999,69.18561995597948,55.48
2020-08-11 00:00:00+00:00,53.58,55.48,1932.5999755859373,93.62999725341795,843.08,41.61000061035156,0.1,58.28,61.4,57.98,2024.4000244140625,2051.5,2001.199951171875,-0.04804392587508588,-0.045346792986082685,58.629999999999995,54.285666666666664,52.31607629427793,56.38
2020-08-12 00:00:00+00:00,52.56,56.38,1934.9000244140625,93.44000244140624,846.92,42.66999816894531,0.1,55.48,62.4,59.1,1932.5999755859373,2010.0999755859373,2031.0999755859373,0.016222062004326077,0.0011901318727005616,58.488,54.51033333333333,53.58090185676394,55.78
2020-08-13 00:00:00+00:00,53.18,55.78,1956.699951171875,93.33999633789062,855.05,42.2400016784668,0.1,56.38,58.28,61.4,1934.9000244140625,2024.4000244140625,2051.5,-0.010642071656615792,0.011266694135483313,58.26800000000001,54.708,46.02272727272729,56.17
2020-08-14 00:00:00+00:00,54.43,56.17,1937.0,93.0999984741211,850.74,42.0099983215332,0.1,55.78,55.48,62.4,1956.699951171875,1932.5999755859373,2010.0999755859373,0.006991753316600846,-0.010067946881726408,58.087,54.913000000000004,45.59770937723695,56.5
2020-08-17 00:00:00+00:00,55.1,56.5,1985.0,92.8499984741211,850.15,42.88999938964844,0.1,56.17,56.38,58.28,1937.0,1934.9000244140625,2024.4000244140625,0.005875022253872153,0.0247805885389778,57.947,55.12466666666667,45.7142857142857,58.15
2020-08-18 00:00:00+00:00,56.5,58.15,1999.4000244140625,92.2699966430664,846.43,42.88999938964844,0.1,56.5,55.78,55.48,1985.0,1956.699951171875,1932.5999755859373,0.02920353982300883,0.007254420359729119,57.964,55.38466666666667,51.12540192926046,56.95
2020-08-19 00:00:00+00:00,55.55,56.95,1958.699951171875,92.88999938964844,851.21,42.93000030517578,0.1,58.15,56.17,56.38,1999.4000244140625,1937.0,1934.9000244140625,-0.020636285468615623,-0.020356143215570333,57.749,55.589666666666666,46.89197344598674,56.45
2020-08-20 00:00:00+00:00,55.05,56.45,1933.800048828125,92.79000091552734,848.21,42.58000183105469,0.1,56.95,56.5,55.78,1958.699951171875,1985.0,1956.699951171875,-0.008779631255487308,-0.012712463860966805,57.254000000000005,55.781333333333336,45.518453427065054,56.75
2020-08-21 00:00:00+00:00,55.35,56.75,1934.5999755859373,93.25,854.78,42.34000015258789,0.1,56.45,58.15,56.17,1933.800048828125,1999.4000244140625,1937.0,0.005314437555358653,0.00041365536126503066,56.689,55.98633333333333,46.67437825332562,56.55
2020-08-24 00:00:00+00:00,55.45,56.55,1927.699951171875,93.3000030517578,868.68,42.619998931884766,0.1,56.75,56.95,56.5,1934.5999755859373,1958.699951171875,1985.0,-0.0035242290748899174,-0.003566641425172379,56.516000000000005,56.187,45.89316484778863,56.15
2020-08-25 00:00:00+00:00,55.1,56.15,1911.800048828125,93.0199966430664,874.12,43.34999847412109,0.1,56.55,56.45,58.15,1927.699951171875,1933.800048828125,1999.4000244140625,-0.007073386383731228,-0.008248120945422155,56.583000000000006,56.369666666666674,41.16237267825044,56.0
2020-08-26 00:00:00+00:00,54.95,56.0,1940.699951171875,93.01000213623048,873.47,43.38999938964844,0.1,56.15,56.75,56.95,1911.800048828125,1934.5999755859373,1958.699951171875,-0.002671415850400649,0.015116592533547024,56.545,56.54666666666667,31.43053645116919,56.3
2020-08-27 00:00:00+00:00,55.3,56.3,1921.5999755859373,93.01000213623048,874.71,43.040000915527344,0.1,56.0,56.55,56.45,1940.699951171875,1927.699951171875,1933.800048828125,0.005357142857142838,-0.00984179732390078,56.597,56.733666666666664,27.962427745664726,56.75
2020-08-28 00:00:00+00:00,55.8,56.75,1964.5999755859373,92.37000274658205,878.98,42.970001220703125,0.1,56.3,56.15,56.75,1921.5999755859373,1911.800048828125,1934.5999755859373,0.00799289520426294,0.022377185962904944,56.65500000000001,56.92766666666667,42.477876106194685,57.4
2020-08-31 00:00:00+00:00,56.45,57.4,1967.5999755859373,92.13999938964844,881.65,42.61000061035156,0.1,56.75,56.0,56.55,1964.5999755859373,1940.699951171875,1927.699951171875,0.011453744493391982,0.0015270284217046015,56.745000000000005,57.124333333333325,61.970074812967596,57.7
2020-09-01 00:00:00+00:00,56.75,57.7,1968.199951171875,92.33999633789062,891.73,42.7599983215332,0.09,57.4,56.3,56.15,1967.5999755859373,1921.5999755859373,1911.800048828125,0.005226480836237002,0.00030492762420331054,56.7,57.27933333333333,58.89487870619947,57.7
2020-09-02 00:00:00+00:00,56.75,57.7,1934.4000244140625,92.8499984741211,891.73,41.5099983215332,0.09,57.7,56.75,56.0,1968.199951171875,1964.5999755859373,1940.699951171875,0.0,-0.017173014732414726,56.775,57.376,64.07624633431088,56.8
2020-09-03 00:00:00+00:00,55.85,56.8,1927.5999755859373,92.73999786376952,903.97,41.369998931884766,0.09,57.7,57.4,56.3,1934.4000244140625,1967.5999755859373,1921.5999755859373,-0.015597920277296451,-0.0035153271000319952,56.81,57.426,54.29740791268756,56.8
2020-09-04 00:00:00+00:00,55.85,56.8,1923.9000244140625,92.72000122070312,901.54,39.77000045776367,0.09,56.8,57.7,56.75,1927.5999755859373,1968.199951171875,1964.5999755859373,0.0,-0.0019194600636732728,56.815,57.422666666666665,52.14285714285712,56.5
2020-09-07 00:00:00+00:00,55.65,56.5,1923.9000244140625,92.72000122070312,888.25,39.77000045776367,0.09,56.8,57.7,57.4,1923.9000244140625,1934.4000244140625,1967.5999755859373,-0.005281690140845008,0.0,56.81,57.39266666666666,35.39823008849558,56.4
2020-09-08 00:00:00+00:00,55.6,56.4,1933.0,93.4800033569336,890.14,36.7599983215332,0.09,56.5,56.8,57.7,1923.9000244140625,1927.5999755859373,1968.199951171875,-0.0017699115044248481,0.004729962820551936,56.835,57.349333333333334,43.956043956043914,56.45
2020-09-09 00:00:00+00:00,55.7,56.45,1944.699951171875,93.26000213623048,889.32,38.04999923706055,0.09,56.4,56.8,57.7,1933.0,1923.9000244140625,1934.4000244140625,0.0008865248226950229,0.006052742458290128,56.88000000000001,57.30433333333334,50.0,56.75
2020-09-10 00:00:00+00:00,56.05,56.75,1954.199951171875,93.33999633789062,888.82,37.29999923706055,0.09,56.45,56.5,56.8,1944.699951171875,1923.9000244140625,1927.5999755859373,0.005314437555358653,0.004885072370303334,56.925,57.263333333333335,50.0,56.65
2020-09-11 00:00:00+00:00,55.95,56.65,1937.800048828125,93.33000183105467,888.97,37.33000183105469,0.09,56.75,56.4,56.8,1954.199951171875,1933.0,1923.9000244140625,-0.0017621145374450142,-0.008392131180801399,56.915,57.219,51.250000000000014,56.5
2020-09-14 00:00:00+00:00,55.95,56.5,1953.0999755859373,93.06999969482422,894.57,37.2599983215332,0.09,56.65,56.45,56.5,1937.800048828125,1944.699951171875,1923.9000244140625,-0.0026478375992938785,0.007895513661001718,56.825,57.17233333333333,54.66666666666668,56.7
2020-09-15 00:00:00+00:00,56.15,56.7,1956.300048828125,93.0500030517578,896.26,38.27999877929688,0.09,56.5,56.75,56.4,1953.0999755859373,1954.199951171875,1933.0,0.0035398230088496963,0.0016384584927495727,56.725,57.129666666666665,59.21052631578948,56.75
2020-09-16 00:00:00+00:00,56.25,56.75,1960.199951171875,93.20999908447266,897.47,40.15999984741211,0.09,56.7,56.65,56.45,1956.300048828125,1937.800048828125,1944.699951171875,0.0008818342151675207,0.0019935093014418204,56.629999999999995,57.05133333333333,56.338028169014116,56.5
2020-09-17 00:00:00+00:00,56.05,56.5,1940.0,92.97000122070312,894.04,40.970001220703125,0.09,56.75,56.5,56.75,1960.199951171875,1953.0999755859373,1954.199951171875,-0.004405286343612369,-0.010305046258060946,56.6,56.888,46.26865671641792,56.55
2020-09-18 00:00:00+00:00,56.1,56.55,1952.0999755859373,92.93000030517578,900.95,41.11000061035156,0.09,56.5,56.7,56.65,1940.0,1956.300048828125,1937.800048828125,0.0008849557522123686,0.006237100817493513,56.575,56.693,34.54545454545456,56.55
2020-09-21 00:00:00+00:00,56.1,56.55,1901.199951171875,93.54000091552734,907.94,39.310001373291016,0.09,56.55,56.75,56.5,1952.0999755859373,1960.199951171875,1953.0999755859373,0.0,-0.026074496721810725,56.580000000000005,56.63533333333334,26.530612244897867,56.15
2020-09-22 00:00:00+00:00,55.7,56.15,1898.5999755859373,93.98999786376952,906.19,39.59999847412109,0.09,56.55,56.5,56.7,1901.199951171875,1940.0,1956.300048828125,-0.007073386383731228,-0.0013675445259374586,56.55499999999999,56.657666666666664,22.807017543859587,55.85
2020-09-23 00:00:00+00:00,55.4,55.85,1859.9000244140625,94.38999938964844,912.5,39.93000030517578,0.09,56.15,56.55,56.75,1898.5999755859373,1952.0999755859373,1960.199951171875,-0.005342831700801409,-0.02038341497393703,56.495000000000005,56.64,28.888888888888914,55.0
2020-09-24 00:00:00+00:00,54.45,55.0,1868.300048828125,94.3499984741211,908.58,40.310001373291016,0.09,55.85,56.55,56.5,1859.9000244140625,1901.199951171875,1940.0,-0.015219337511190756,0.004516384915210114,56.32000000000001,56.614000000000004,20.967741935483858,55.65
2020-09-25 00:00:00+00:00,55.15,55.65,1857.699951171875,94.58000183105467,908.27,40.25,0.09,55.0,56.15,56.55,1868.300048828125,1898.5999755859373,1952.0999755859373,0.011818181818181728,-0.005673659144257326,56.220000000000006,56.596666666666664,37.681159420289816,55.3
2020-09-28 00:00:00+00:00,54.65,55.3,1872.800048828125,94.26000213623048,912.5,40.59999847412109,0.09,55.65,55.85,56.55,1857.699951171875,1859.9000244140625,1901.199951171875,-0.0062893081761006275,0.00812838351356171,56.1,56.55666666666666,35.1351351351351,55.55
2020-09-29 00:00:00+00:00,55.05,55.55,1894.300048828125,93.88999938964844,903.98,39.290000915527344,0.09,55.3,55.0,56.15,1872.800048828125,1868.300048828125,1898.5999755859373,0.004520795660036159,0.01148013639440748,55.985,56.470000000000006,38.46153846153836,55.6
2020-09-30 00:00:00+00:00,55.1,55.6,1887.5,93.88999938964844,905.21,40.220001220703125,0.09,55.55,55.65,55.85,1894.300048828125,1857.699951171875,1859.9000244140625,0.0009000900090010422,-0.003589742201786761,55.86999999999999,56.425,34.246575342465775,56.05
2020-10-01 00:00:00+00:00,55.55,56.05,1908.4000244140625,93.70999908447266,914.09,38.720001220703125,0.09,55.6,55.3,55.0,1887.5,1872.800048828125,1868.300048828125,0.008093525179855954,0.011072860616721858,55.825,56.41166666666666,42.49999999999997,56.55
2020-10-02 00:00:00+00:00,56.05,56.55,1900.199951171875,93.83999633789062,909.91,37.04999923706055,0.09,56.05,55.55,55.65,1908.4000244140625,1894.300048828125,1857.699951171875,0.008920606601248826,-0.004296831449006722,55.825,56.404999999999994,50.57471264367813,56.35
2020-10-05 00:00:00+00:00,55.85,56.35,1912.5,93.51000213623048,914.68,39.220001220703125,0.09,56.55,55.6,55.3,1900.199951171875,1887.5,1872.800048828125,-0.0035366931918655586,0.006473028704447437,55.80499999999999,56.39833333333333,45.97701149425284,56.35
2020-10-06 00:00:00+00:00,55.85,56.35,1901.0999755859373,93.83000183105467,915.67,40.66999816894531,0.09,56.35,56.05,55.55,1912.5,1908.4000244140625,1894.300048828125,0.0,-0.005960797079248459,55.825,56.404999999999994,45.34883720930233,56.2
2020-10-07 00:00:00+00:00,55.7,56.2,1883.5999755859373,93.62999725341795,919.72,39.95000076293945,0.09,56.35,56.55,55.6,1901.0999755859373,1900.199951171875,1887.5,-0.002661934338952898,-0.009205197109429464,55.86,56.41166666666666,46.42857142857145,56.15
2020-10-08 00:00:00+00:00,55.65,56.15,1888.5999755859373,93.61000061035156,918.84,41.18999862670898,0.09,56.2,56.35,56.05,1883.5999755859373,1912.5,1908.4000244140625,-0.000889679715302516,0.0026544914338537673,55.975,56.406666666666666,45.238095238095255,56.3
2020-10-09 00:00:00+00:00,55.8,56.3,1919.5,93.05999755859376,924.0,40.59999847412109,0.09,56.15,56.35,56.55,1888.5999755859373,1901.0999755859373,1900.199951171875,0.002671415850400649,0.01636133898840919,56.04,56.391666666666666,47.126436781609186,56.4
2020-10-12 00:00:00+00:00,55.9,56.4,1922.5,93.06999969482422,925.83,39.43000030517578,0.09,56.3,56.2,56.35,1919.5,1883.5999755859373,1912.5,0.001776198934280604,0.0015629070070330986,56.15,56.358333333333334,53.086419753086425,56.5
2020-10-13 00:00:00+00:00,56.0,56.5,1888.5,93.52999877929688,929.86,40.20000076293945,0.09,56.4,56.15,56.35,1922.5,1888.5999755859373,1901.0999755859373,0.0017730496453900457,-0.01768530559167747,56.245000000000005,56.318333333333335,58.44155844155843,56.3
2020-10-14 00:00:00+00:00,55.8,56.3,1901.300048828125,93.37999725341795,940.18,41.040000915527344,0.09,56.5,56.3,56.2,1888.5,1919.5,1883.5999755859373,-0.0035398230088495852,0.00677789188674871,56.315,56.27166666666667,70.31249999999994,56.2
2020-10-15 00:00:00+00:00,55.7,56.2,1903.199951171875,93.86000061035156,942.76,40.959999084472656,0.09,56.3,56.4,56.15,1901.300048828125,1922.5,1888.5999755859373,-0.001776198934280493,0.0009992648687517924,56.330000000000005,56.251666666666665,60.37735849056612,56.3
2020-10-16 00:00:00+00:00,55.85,56.3,1900.800048828125,93.68000030517578,943.3,40.880001068115234,0.09,56.2,56.5,56.3,1903.199951171875,1888.5,1919.5,0.00177935943060481,-0.001260982768664043,56.30499999999999,56.23500000000001,70.8333333333334,56.4
2020-10-19 00:00:00+00:00,55.9,56.4,1906.4000244140625,93.43000030517578,943.69,40.83000183105469,0.09,56.3,56.3,56.4,1900.800048828125,1901.300048828125,1922.5,0.001776198934280604,0.0029461150263490055,56.31,56.23166666666667,68.88888888888899,56.4
2020-10-20 00:00:00+00:00,55.9,56.4,1910.4000244140625,93.06999969482422,944.42,41.459999084472656,0.09,56.4,56.2,56.5,1906.4000244140625,1903.199951171875,1888.5,0.0,0.002098195524955271,56.315,56.23166666666667,68.18181818181822,56.45
2020-10-21 00:00:00+00:00,55.95,56.45,1924.5999755859373,92.61000061035156,939.03,40.02999877929688,0.09,56.4,56.3,56.3,1910.4000244140625,1900.800048828125,1901.300048828125,0.0008865248226950229,0.007432972670857296,56.339999999999996,56.23166666666666,61.111111111111285,56.45
2020-10-22 00:00:00+00:00,55.95,56.45,1901.0999755859373,92.9499969482422,949.9,40.63999938964844,0.09,56.45,56.4,56.2,1924.5999755859373,1906.4000244140625,1903.199951171875,0.0,-0.012210329573991374,56.370000000000005,56.221666666666664,46.15384615384636,56.4
2020-10-23 00:00:00+00:00,55.9,56.4,1902.0,92.7699966430664,961.26,39.84999847412109,0.09,56.45,56.4,56.3,1901.0999755859373,1910.4000244140625,1900.800048828125,-0.0008857395925598865,0.0004734229791283351,56.379999999999995,56.21333333333334,52.17391304347813,56.35
2020-10-26 00:00:00+00:00,55.85,56.35,1902.699951171875,93.0500030517578,950.8,38.560001373291016,0.09,56.4,56.45,56.4,1902.0,1924.5999755859373,1906.4000244140625,-0.0008865248226950229,0.0003680079768006994,56.375,56.208333333333336,50.0,56.35
2020-10-27 00:00:00+00:00,55.9,56.35,1908.800048828125,92.94000244140624,946.47,39.56999969482422,0.09,56.35,56.45,56.4,1902.699951171875,1901.0999755859373,1910.4000244140625,0.0,0.00320602187039154,56.36,56.19666666666667,57.142857142857046,56.4
2020-10-28 00:00:00+00:00,55.95,56.4,1876.199951171875,93.41000366210938,921.05,37.38999938964844,0.09,56.35,56.4,56.45,1908.800048828125,1902.0,1924.5999755859373,0.0008873114463177068,-0.017078843683110856,56.370000000000005,56.184999999999995,61.90476190476193,56.3
2020-10-29 00:00:00+00:00,55.8,56.3,1865.5999755859373,93.95999908447266,919.08,36.16999816894531,0.09,56.4,56.35,56.45,1876.199951171875,1902.699951171875,1901.0999755859373,-0.0017730496453900457,-0.005649704648652665,56.379999999999995,56.17833333333333,50.0,56.35
2020-10-30 00:00:00+00:00,55.85,56.35,1877.4000244140625,94.04000091552734,925.47,35.790000915527344,0.09,56.3,56.35,56.4,1865.5999755859373,1908.800048828125,1902.0,0.000888099467140302,0.006325069137299355,56.385000000000005,56.17166666666667,47.36842105263174,56.35
2020-11-01 00:00:00+00:00,55.85,56.35,1877.4000244140625,94.04000091552734,925.47,35.790000915527344,0.09,56.35,56.4,56.35,1877.4000244140625,1876.199951171875,1902.699951171875,0.0,0.0,56.38000000000001,56.16499999999999,41.17647058823539,56.6
2020-11-02 00:00:00+00:00,56.1,56.6,1890.4000244140625,94.0500030517578,933.68,36.810001373291016,0.09,56.35,56.3,56.35,1877.4000244140625,1865.5999755859373,1908.800048828125,0.004436557231588312,0.0069244699216712835,56.4,56.18,66.66666666666694,56.7
2020-11-03 00:00:00+00:00,56.2,56.7,1908.5,93.5500030517578,935.41,37.65999984741211,0.09,56.6,56.35,56.4,1890.4000244140625,1877.4000244140625,1876.199951171875,0.0017667844522968323,0.009574680148212389,56.425,56.208333333333336,77.7777777777776,56.35
2020-11-04 00:00:00+00:00,55.85,56.35,1894.5999755859373,93.41000366210938,939.76,39.150001525878906,0.09,56.7,56.35,56.3,1908.5,1877.4000244140625,1865.5999755859373,-0.006172839506172867,-0.007283219499115923,56.415,56.25333333333333,52.17391304347842,56.55
2020-11-05 00:00:00+00:00,56.05,56.55,1945.300048828125,92.52999877929688,937.75,38.790000915527344,0.09,56.35,56.6,56.35,1894.5999755859373,1890.4000244140625,1877.4000244140625,0.003549245785270605,0.02676030502244031,56.42999999999999,56.28333333333333,55.99999999999991,56.75
2020-11-06 00:00:00+00:00,56.25,56.75,1950.300048828125,92.2300033569336,938.29,37.13999938964844,0.09,56.55,56.7,56.35,1945.300048828125,1908.5,1877.4000244140625,0.0035366931918656697,0.0025702975759509528,56.470000000000006,56.33166666666667,62.068965517241345,57.0
2020-11-09 00:00:00+00:00,56.5,57.0,1853.199951171875,92.7300033569336,951.99,40.290000915527344,0.09,56.75,56.35,56.6,1950.300048828125,1894.5999755859373,1890.4000244140625,0.004405286343612369,-0.04978726104970077,56.535000000000004,56.379999999999995,66.66666666666652,56.35
2020-11-10 00:00:00+00:00,55.85,56.35,1875.4000244140625,92.75,951.9,41.36000061035156,0.09,57.0,56.55,56.7,1853.199951171875,1945.300048828125,1908.5,-0.011403508771929749,0.01197931892246662,56.53000000000001,56.405,47.82608695652171,56.43
2020-11-11 00:00:00+00:00,55.93,56.43,1860.699951171875,93.04000091552734,952.22,41.45000076293945,0.09,56.35,56.75,56.35,1875.4000244140625,1950.300048828125,1894.5999755859373,0.0014196983141081532,-0.007838366775525851,56.543000000000006,56.41766666666667,50.64377682403436,56.35
2020-11-12 00:00:00+00:00,55.85,56.35,1872.5999755859373,92.95999908447266,959.28,41.119998931884766,0.09,56.43,57.0,56.55,1860.699951171875,1853.199951171875,1945.300048828125,-0.0014176856282118733,0.00639545586410506,56.54299999999999,56.41100000000001,50.0,56.35
2020-11-13 00:00:00+00:00,55.85,56.35,1885.699951171875,92.76000213623048,966.29,40.130001068115234,0.09,56.35,56.35,56.75,1872.5999755859373,1875.4000244140625,1950.300048828125,0.0,0.006995608115309748,56.543000000000006,56.410999999999994,50.0,56.4
2020-11-16 00:00:00+00:00,55.9,56.4,1887.300048828125,92.56999969482422,950.79,41.34000015258789,0.09,56.35,56.43,57.0,1885.699951171875,1860.699951171875,1853.199951171875,0.0008873114463177068,0.0008485430862188448,56.523,56.412666666666674,50.0,56.3
2020-11-17 00:00:00+00:00,55.8,56.3,1884.5,92.41999816894533,968.9,41.43000030517578,0.09,56.4,56.35,56.35,1887.300048828125,1872.5999755859373,1875.4000244140625,-0.0017730496453900457,-0.0014836267449171991,56.483000000000004,56.416000000000004,50.0,56.3
2020-11-18 00:00:00+00:00,55.8,56.3,1873.5,92.31999969482422,973.53,41.81999969482422,0.09,56.3,56.35,56.43,1884.5,1885.699951171875,1860.699951171875,0.0,-0.005837092066861227,56.477999999999994,56.421,48.917748917748824,56.1
2020-11-19 00:00:00+00:00,55.65,56.1,1861.0999755859373,92.29000091552734,983.26,41.7400016784668,0.09,56.3,56.4,56.35,1873.5,1887.300048828125,1872.5999755859373,-0.003552397868561208,-0.006618641267180481,56.43300000000001,56.414333333333325,45.019920318725084,56.15
2020-11-20 00:00:00+00:00,55.7,56.15,1872.5999755859373,92.38999938964844,990.0,42.150001525878906,0.09,56.1,56.3,56.35,1861.0999755859373,1884.5,1885.699951171875,0.0008912655971478056,0.006179141449066616,56.373000000000005,56.406,40.259740259740155,56.07
2020-11-23 00:00:00+00:00,55.62,56.07,1837.800048828125,92.51000213623048,994.19,43.060001373291016,0.09,56.15,56.3,56.4,1872.5999755859373,1873.5,1887.300048828125,-0.0014247551202136721,-0.018583748377398845,56.28000000000001,56.391666666666666,36.244541484716,55.45
2020-11-24 00:00:00+00:00,55.0,55.45,1804.800048828125,92.2300033569336,995.76,44.90999984741211,0.09,56.07,56.1,56.3,1837.800048828125,1861.0999755859373,1884.5,-0.01105760656322452,-0.0179562515634073,56.19,56.36333333333333,32.4218749999999,54.8
2020-11-25 00:00:00+00:00,54.25,54.8,1805.699951171875,91.98999786376952,999.94,45.709999084472656,0.09,55.45,56.15,56.3,1804.800048828125,1872.5999755859373,1873.5,-0.011722272317403193,0.0004986160900950498,56.027,56.31666666666667,20.93023255813945,55.0
2020-11-26 00:00:00+00:00,54.5,55.0,1805.699951171875,91.98999786376952,1005.97,45.709999084472656,0.09,54.8,56.07,56.1,1805.699951171875,1837.800048828125,1861.0999755859373,0.0036496350364965124,0.0,55.891999999999996,56.273333333333326,20.93023255813945,54.9
2020-11-27 00:00:00+00:00,54.4,54.9,1781.9000244140625,91.79000091552734,1010.22,45.52999877929688,0.09,55.0,55.45,56.15,1805.699951171875,1804.800048828125,1872.5999755859373,-0.0018181818181818299,-0.013180443817571552,55.747,56.223333333333336,13.286713286713166,53.75
2020-11-30 00:00:00+00:00,53.2,53.75,1775.699951171875,91.87000274658205,1003.08,45.34000015258789,0.09,54.9,54.8,56.07,1781.9000244140625,1805.699951171875,1837.800048828125,-0.020947176684881552,-0.0034794731226440723,55.48199999999999,56.135,11.309523809523697,54.3
2020-12-01 00:00:00+00:00,53.7,54.3,1814.0999755859373,91.30999755859376,1008.87,44.54999923706055,0.09,53.75,55.0,55.45,1775.699951171875,1805.699951171875,1804.800048828125,0.01023255813953483,0.02162528888324866,55.282000000000004,56.063333333333325,22.19321148825057,55.1
2020-12-02 00:00:00+00:00,54.45,55.1,1825.699951171875,91.12000274658205,1014.32,45.27999877929688,0.09,54.3,54.9,54.8,1814.0999755859373,1781.9000244140625,1805.699951171875,0.014732965009208288,0.006394341955818117,55.162,56.01833333333334,36.26373626373625,55.5
2020-12-03 00:00:00+00:00,54.85,55.5,1836.800048828125,90.70999908447266,1019.8,45.63999938964844,0.09,55.1,53.75,55.0,1825.699951171875,1775.699951171875,1805.699951171875,0.007259528130671544,0.006079913432174289,55.102,55.98833333333334,41.41414141414139,55.35
2020-12-04 00:00:00+00:00,54.7,55.35,1835.9000244140625,90.6999969482422,1021.49,46.2599983215332,0.09,55.5,54.3,54.9,1836.800048828125,1814.0999755859373,1781.9000244140625,-0.002702702702702675,-0.0004899958569996032,55.022000000000006,55.955000000000005,39.603960396039625,55.2
2020-12-07 00:00:00+00:00,54.65,55.2,1861.800048828125,90.79000091552734,1029.98,45.7599983215332,0.09,55.35,55.1,53.75,1835.9000244140625,1825.699951171875,1775.699951171875,-0.0027100271002710175,0.014107535306737917,54.935,55.916666666666664,39.21568627450985,55.5
2020-12-08 00:00:00+00:00,54.95,55.5,1870.800048828125,90.97000122070312,1029.26,45.59999847412109,0.09,55.2,55.5,54.3,1861.800048828125,1836.800048828125,1814.0999755859373,0.005434782608695565,0.004834031455560828,54.94,55.88666666666667,42.59259259259261,55.3
2020-12-09 00:00:00+00:00,54.75,55.3,1834.5999755859373,91.08999633789062,1039.13,45.52000045776367,0.09,55.5,55.35,55.1,1870.800048828125,1835.9000244140625,1825.699951171875,-0.003603603603603678,-0.019350049335771335,54.989999999999995,55.85333333333334,42.59259259259256,55.05
2020-12-10 00:00:00+00:00,54.45,55.05,1833.5999755859373,90.79000091552734,1030.91,46.77999877929688,0.09,55.3,55.2,55.5,1834.5999755859373,1861.800048828125,1836.800048828125,-0.004520795660036159,-0.000545077953399975,54.995000000000005,55.809999999999995,40.17857142857142,55.25
2020-12-11 00:00:00+00:00,54.75,55.25,1839.800048828125,90.9800033569336,1045.96,46.56999969482422,0.09,55.05,55.5,55.35,1833.5999755859373,1870.800048828125,1835.9000244140625,0.0036330608537693543,0.0033813663420270146,55.029999999999994,55.77333333333333,42.83216783216784,55.1
2020-12-14 00:00:00+00:00,54.6,55.1,1828.699951171875,90.70999908447266,1064.09,46.9900016784668,0.09,55.25,55.3,55.2,1839.800048828125,1834.5999755859373,1861.800048828125,-0.002714932126696823,-0.006033317404964933,55.165,55.72333333333333,46.66666666666666,55.25
2020-12-15 00:00:00+00:00,54.75,55.25,1852.300048828125,90.47000122070312,1055.27,47.619998931884766,0.09,55.1,55.05,55.5,1828.699951171875,1833.5999755859373,1870.800048828125,0.0027223230490018846,0.012905396339692787,55.260000000000005,55.675,54.736842105263186,55.4
2020-12-16 00:00:00+00:00,54.9,55.4,1856.0999755859373,90.4499969482422,1066.99,47.81999969482422,0.09,55.25,55.25,55.3,1852.300048828125,1839.800048828125,1834.5999755859373,0.002714932126696823,0.0020514639408535373,55.29,55.64333333333333,54.25531914893616,55.55
2020-12-17 00:00:00+00:00,55.05,55.55,1887.199951171875,89.81999969482422,1051.77,48.36000061035156,0.09,55.4,55.1,55.05,1856.0999755859373,1828.699951171875,1833.5999755859373,0.0027075812274368616,0.016755549806049652,55.295,55.61,56.84210526315789,55.5
2020-12-18 00:00:00+00:00,55.0,55.5,1885.699951171875,90.0199966430664,1067.46,49.09999847412109,0.09,55.55,55.25,55.25,1887.199951171875,1852.300048828125,1839.800048828125,-0.0009000900090008201,-0.0007948283376483234,55.31,55.568333333333335,73.97260273972609,55.8
2020-12-21 00:00:00+00:00,55.25,55.8,1879.199951171875,90.04000091552734,1081.08,47.7400016784668,0.09,55.5,55.4,55.1,1885.699951171875,1856.0999755859373,1828.699951171875,0.00540540540540535,-0.0034469958998304406,55.36999999999999,55.52833333333333,72.05882352941182,55.55
2020-12-22 00:00:00+00:00,55.05,55.55,1866.5999755859373,90.6500015258789,1083.45,47.02000045776367,0.09,55.8,55.55,55.25,1879.199951171875,1887.199951171875,1852.300048828125,-0.0044802867383512135,-0.006704968025398439,55.375,55.501666666666665,57.894736842105225,55.6
2020-12-23 00:00:00+00:00,55.1,55.6,1874.699951171875,90.41000366210938,1078.9,48.119998931884766,0.09,55.55,55.5,55.4,1866.5999755859373,1885.699951171875,1856.0999755859373,0.0009000900090010422,0.00433942767163864,55.404999999999994,55.474000000000004,52.000000000000036,55.8
2020-12-24 00:00:00+00:00,55.3,55.8,1879.9000244140625,90.33000183105467,1067.52,48.22999954223633,0.09,55.6,55.8,55.55,1874.699951171875,1879.199951171875,1887.199951171875,0.003597122302158251,0.0027738162786727916,55.48,55.45566666666666,58.82352941176465,55.8
2020-12-25 00:00:00+00:00,55.3,55.8,1879.9000244140625,90.33000183105467,1084.42,48.22999954223633,0.09,55.8,55.55,55.5,1879.9000244140625,1866.5999755859373,1885.699951171875,0.0,0.0,55.535000000000004,55.43733333333333,62.49999999999993,55.75
2020-12-28 00:00:00+00:00,55.25,55.75,1877.199951171875,90.33999633789062,1091.33,47.619998931884766,0.09,55.8,55.6,55.8,1879.9000244140625,1874.699951171875,1879.199951171875,-0.0008960573476701761,-0.0014362855508920358,55.6,55.41566666666666,55.81395348837212,55.9
2020-12-29 00:00:00+00:00,55.4,55.9,1879.699951171875,90.01000213623047,1099.49,48.0,0.09,55.75,55.8,55.55,1877.199951171875,1879.9000244140625,1866.5999755859373,0.0026905829596413078,0.0013317707569933113,55.665,55.40233333333333,64.2857142857144,55.9
2020-12-30 00:00:00+00:00,55.4,55.9,1891.0,89.62999725341797,1097.54,48.400001525878906,0.09,55.9,55.8,55.6,1879.699951171875,1879.9000244140625,1874.699951171875,0.0,0.006011623728074289,55.714999999999996,55.389,72.97297297297317,56.1
2020-12-31 00:00:00+00:00,55.55,56.1,1893.0999755859373,89.94000244140625,1103.87,48.52000045776367,0.09,55.9,55.75,55.8,1891.0,1877.199951171875,1879.9000244140625,0.003577817531305927,0.0011105106218600724,55.77,55.389,72.97297297297317,56.1
2021-01-01 00:00:00+00:00,55.55,56.1,1893.0999755859373,89.94000244140625,1103.87,48.52000045776367,0.09,56.1,55.9,55.8,1893.0999755859373,1879.699951171875,1879.9000244140625,0.0,0.0,55.83,55.38733333333333,79.41176470588255,56.8
2021-01-04 00:00:00+00:00,56.25,56.8,1944.699951171875,89.87999725341797,1120.47,47.619998931884766,0.09,56.1,55.9,55.75,1893.0999755859373,1891.0,1877.199951171875,0.012477718360071277,0.027256867704499754,55.92999999999999,55.41166666666667,84.4444444444446,57.15
2021-01-05 00:00:00+00:00,56.6,57.15,1952.699951171875,89.5980980682373,1132.55,49.93000030517578,0.09,56.8,56.1,55.9,1944.699951171875,1893.0999755859373,1879.699951171875,0.0061619718309859906,0.004113745153939696,56.089999999999996,55.468333333333334,85.71428571428588,57.3
2021-01-06 00:00:00+00:00,56.75,57.3,1906.9000244140625,89.5980980682373,1143.21,50.630001068115234,0.09,57.15,56.1,55.9,1952.699951171875,1893.0999755859373,1891.0,0.002624671916010568,-0.023454666821867143,56.260000000000005,55.55166666666666,85.71428571428588,56.8
2021-01-07 00:00:00+00:00,56.3,56.8,1912.300048828125,89.83000183105469,1156.49,50.83000183105469,0.09,57.3,56.8,56.1,1906.9000244140625,1944.699951171875,1893.0999755859373,-0.008726003490401424,0.002831834047367865,56.36,55.61166666666667,72.41379310344828,56.35
2021-01-08 00:00:00+00:00,55.75,56.35,1834.0999755859373,90.0999984741211,1167.69,52.2400016784668,0.09,56.8,57.15,56.1,1912.300048828125,1952.699951171875,1893.0999755859373,-0.007922535211267512,-0.040893202554750485,56.415,55.66,59.01639344262305,56.45
2021-01-11 00:00:00+00:00,55.85,56.45,1849.5999755859373,90.54000091552734,1184.89,52.25,0.09,56.35,57.3,56.8,1834.0999755859373,1906.9000244140625,1944.699951171875,0.0017746228926354135,0.008451011507727868,56.485,55.75,65.51724137931049,56.65
2021-01-12 00:00:00+00:00,56.05,56.65,1842.9000244140625,90.05000305175781,1192.28,53.209999084472656,0.09,56.45,56.8,57.15,1849.5999755859373,1912.300048828125,1952.699951171875,0.003542958370239102,-0.003622378492815659,56.56,55.82833333333333,67.2131147540984,56.5
2021-01-13 00:00:00+00:00,55.9,56.5,1853.5999755859373,90.31999969482422,1186.05,52.90999984741211,0.09,56.65,56.35,57.3,1842.9000244140625,1834.0999755859373,1906.9000244140625,-0.0026478375992938785,0.005806039953402564,56.620000000000005,55.875,61.66666666666677,56.45
2021-01-14 00:00:00+00:00,55.85,56.45,1850.300048828125,90.23999786376952,1187.4,53.56999969482422,0.09,56.5,56.45,56.8,1853.5999755859373,1849.5999755859373,1912.300048828125,-0.0008849557522123686,-0.0017802798884744009,56.654999999999994,55.906666666666666,60.65573770491819,56.6
2021-01-15 00:00:00+00:00,56.05,56.6,1829.300048828125,90.77999877929688,1194.2,52.36000061035156,0.09,56.45,56.65,56.35,1850.300048828125,1842.9000244140625,1834.0999755859373,0.0026572187776794376,-0.011349510590620282,56.705,55.94833333333334,63.492063492063586,56.45
2021-01-18 00:00:00+00:00,55.9,56.45,1829.300048828125,90.77999877929688,1191.94,52.36000061035156,0.09,56.6,56.5,56.45,1829.300048828125,1853.5999755859373,1849.5999755859373,-0.0026501766784452485,0.0,56.67,55.989999999999995,58.73015873015884,56.4
2021-01-19 00:00:00+00:00,55.85,56.4,1839.5,90.5,1131.0,52.97999954223633,0.09,56.45,56.45,56.65,1829.300048828125,1850.300048828125,1842.9000244140625,-0.0008857395925598865,0.0055758765099303,56.595000000000006,56.019999999999996,57.81250000000003,56.6
2021-01-20 00:00:00+00:00,56.05,56.6,1865.9000244140625,90.47000122070312,1134.68,53.2400016784668,0.09,56.4,56.6,56.5,1839.5,1829.300048828125,1853.5999755859373,0.0035460992907800915,0.01435173928462219,56.525,56.063333333333325,57.81250000000003,56.55
2021-01-21 00:00:00+00:00,56.0,56.55,1865.300048828125,90.12999725341795,1164.21,53.130001068115234,0.09,56.6,56.45,56.45,1865.9000244140625,1829.300048828125,1850.300048828125,-0.0008833922261485272,-0.0003215475524342981,56.5,56.11333333333334,56.92307692307687,56.45
2021-01-22 00:00:00+00:00,55.9,56.45,1855.699951171875,90.23999786376952,1166.78,52.27000045776367,0.09,56.55,56.4,56.6,1865.300048828125,1839.5,1829.300048828125,-0.0017683465959327238,-0.005146677427195323,56.510000000000005,56.15333333333333,43.396226415094425,56.55
2021-01-25 00:00:00+00:00,56.0,56.55,1854.9000244140625,90.38999938964844,1166.05,52.77000045776367,0.09,56.45,56.6,56.45,1855.699951171875,1865.9000244140625,1829.300048828125,0.001771479185119551,-0.00043106470812126485,56.52,56.201666666666675,37.49999999999989,56.6
2021-01-26 00:00:00+00:00,56.1,56.6,1850.699951171875,90.16999816894533,1136.12,52.61000061035156,0.09,56.55,56.55,56.4,1854.9000244140625,1865.300048828125,1839.5,0.0008841732979665284,-0.002264312462616047,56.515,56.24666666666667,34.7826086956522,56.65
2021-01-27 00:00:00+00:00,56.15,56.65,1844.9000244140625,90.6500015258789,1097.17,52.84999847412109,0.09,56.6,56.45,56.6,1850.699951171875,1855.699951171875,1865.9000244140625,0.0008833922261484162,-0.0031339098237614937,56.529999999999994,56.288333333333334,45.94594594594596,56.65
2021-01-28 00:00:00+00:00,56.15,56.65,1837.9000244140625,90.45999908447266,1023.94,52.34000015258789,0.09,56.65,56.55,56.55,1844.9000244140625,1854.9000244140625,1865.300048828125,0.0,-0.0037942435402282815,56.55,56.325,60.71428571428568,56.75
2021-01-29 00:00:00+00:00,56.25,56.75,1847.300048828125,90.58000183105467,1056.61,52.20000076293945,0.09,56.65,56.6,56.45,1837.9000244140625,1850.699951171875,1855.699951171875,0.001765225066195919,0.005114546106532281,56.565,56.36666666666667,60.71428571428568,57.1
2021-02-01 00:00:00+00:00,56.6,57.1,1860.800048828125,91.0199966430664,1035.51,53.54999923706055,0.08,56.75,56.65,56.55,1847.300048828125,1844.9000244140625,1854.9000244140625,0.006167400881057272,0.0073079627798224855,56.629999999999995,56.410000000000004,64.51612903225818,56.85
2021-02-02 00:00:00+00:00,56.35,56.85,1830.5,91.1999969482422,1075.53,54.7599983215332,0.08,57.1,56.65,56.6,1860.800048828125,1837.9000244140625,1850.699951171875,-0.004378283712784592,-0.016283344815692047,56.675,56.45333333333333,60.60606060606066,56.85
2021-02-03 00:00:00+00:00,56.35,56.85,1832.199951171875,91.12000274658205,1111.29,55.68999862670898,0.08,56.85,56.75,56.65,1830.5,1847.300048828125,1844.9000244140625,0.0,0.0009286813285305229,56.7,56.495,62.49999999999994,56.75
2021-02-04 00:00:00+00:00,56.25,56.75,1788.9000244140625,91.52999877929688,1112.19,56.22999954223633,0.08,56.85,57.1,56.65,1832.199951171875,1860.800048828125,1837.9000244140625,-0.0017590149516271136,-0.023632751834819055,56.720000000000006,56.526666666666664,54.838709677419295,56.9
2021-02-05 00:00:00+00:00,56.35,56.9,1810.9000244140625,91.04000091552734,1126.91,56.84999847412109,0.08,56.75,56.85,56.75,1788.9000244140625,1830.5,1847.300048828125,0.002643171806167466,0.012298060092657215,56.765,56.56333333333334,64.51612903225788,57.05
2021-02-08 00:00:00+00:00,56.5,57.05,1831.9000244140625,90.93000030517578,1083.18,57.970001220703125,0.08,56.9,56.85,57.1,1810.9000244140625,1832.199951171875,1860.800048828125,0.002636203866432263,0.011596443600907724,56.815,56.60666666666667,69.69696969696967,57.35
2021-02-09 00:00:00+00:00,56.75,57.35,1835.300048828125,90.44000244140624,1114.93,58.36000061035156,0.08,57.05,56.75,56.85,1831.9000244140625,1788.9000244140625,1830.5,0.005258545135845782,0.0018560098088049592,56.89,56.655,71.42857142857143,57.35
2021-02-10 00:00:00+00:00,56.75,57.35,1840.5999755859373,90.37000274658205,1114.93,58.68000030517578,0.08,57.35,56.9,56.85,1835.300048828125,1810.9000244140625,1832.199951171875,0.0,0.002887771272711781,56.96,56.70333333333333,73.52941176470607,57.35
2021-02-11 00:00:00+00:00,56.75,57.35,1824.9000244140625,90.41999816894533,1114.93,58.2400016784668,0.08,57.35,57.05,56.75,1840.5999755859373,1831.9000244140625,1788.9000244140625,0.0,-0.008529800815017863,57.03000000000001,56.745,78.12499999999993,57.35
2021-02-12 00:00:00+00:00,56.75,57.35,1821.5999755859373,90.4800033569336,1114.93,59.470001220703125,0.08,57.35,57.35,56.9,1824.9000244140625,1835.300048828125,1810.9000244140625,0.0,-0.0018083449964251264,57.09000000000001,56.78666666666667,76.66666666666669,57.35
2021-02-16 00:00:00+00:00,56.75,57.35,1797.199951171875,90.51000213623048,1114.93,60.04999923706055,0.08,57.35,57.35,57.05,1821.5999755859373,1840.5999755859373,1831.9000244140625,0.0,-0.013394831324706091,57.11500000000001,56.80499999999999,75.86206896551718,56.9
2021-02-17 00:00:00+00:00,56.35,56.9,1771.0999755859375,90.9499969482422,1155.78,61.13999938964844,0.08,57.35,57.35,57.35,1797.199951171875,1824.9000244140625,1835.300048828125,-0.007846556233653046,-0.014522577506703604,57.120000000000005,56.79666666666667,56.75675675675672,56.5
2021-02-18 00:00:00+00:00,56.05,56.5,1773.4000244140625,90.58999633789062,1174.38,60.52000045776367,0.08,56.9,57.35,57.35,1771.0999755859375,1821.5999755859373,1840.5999755859373,-0.007029876977152849,0.0012986555585965398,57.085,56.77,46.66666666666671,56.3
2021-02-19 00:00:00+00:00,55.75,56.3,1775.800048828125,90.36000061035156,1173.5,59.2400016784668,0.08,56.5,57.35,57.35,1773.4000244140625,1797.199951171875,1824.9000244140625,-0.0035398230088495852,0.0013533463296615533,57.04,56.75333333333333,40.4255319148936,56.3
2021-02-22 00:00:00+00:00,55.8,56.3,1806.699951171875,90.01000213623047,1175.04,61.4900016784668,0.08,56.3,56.9,57.35,1775.800048828125,1771.0999755859375,1821.5999755859373,0.0,0.01740055270532359,56.98,56.751666666666665,29.99999999999997,56.6
2021-02-23 00:00:00+00:00,56.1,56.6,1804.4000244140625,90.16999816894533,1177.64,61.66999816894531,0.08,56.3,56.5,57.35,1806.699951171875,1773.4000244140625,1797.199951171875,0.005328596802842034,-0.0012729987380144525,56.935,56.75666666666667,43.90243902439028,56.5
2021-02-24 00:00:00+00:00,56.05,56.5,1796.4000244140625,90.18000030517578,1162.01,63.220001220703125,0.08,56.6,56.3,56.9,1804.4000244140625,1775.800048828125,1771.0999755859375,-0.0017667844522968323,-0.004433606679094204,56.85,56.75166666666667,41.860465116279094,56.45
2021-02-25 00:00:00+00:00,56.05,56.45,1774.4000244140625,90.12999725341795,1165.43,63.52999877929688,0.08,56.5,56.3,56.5,1796.4000244140625,1806.699951171875,1773.4000244140625,-0.0008849557522123686,-0.012246715487089666,56.760000000000005,56.75,42.85714285714296,56.35
2021-02-26 00:00:00+00:00,55.95,56.35,1728.0999755859375,90.93000030517578,1168.47,61.5,0.08,56.45,56.6,56.3,1774.4000244140625,1804.4000244140625,1775.800048828125,-0.001771479185119551,-0.026093354480996478,56.660000000000004,56.74666666666667,36.585365853658686,56.25
2021-03-01 00:00:00+00:00,55.85,56.25,1722.5,91.04000091552734,1186.17,60.63999938964844,0.07,56.35,56.5,56.3,1728.0999755859375,1796.4000244140625,1806.699951171875,-0.0017746228926353025,-0.003240539126816877,56.55,56.735,30.000000000000213,56.1
2021-03-02 00:00:00+00:00,55.7,56.1,1733.0999755859375,90.79000091552734,1186.61,59.75,0.07,56.25,56.45,56.6,1722.5,1774.4000244140625,1804.4000244140625,-0.002666666666666595,0.006153831980225011,56.425,56.723333333333336,16.21621621621638,56.0
2021-03-03 00:00:00+00:00,55.6,56.0,1715.300048828125,90.9499969482422,1186.95,61.27999877929688,0.07,56.1,56.35,56.5,1733.0999755859375,1728.0999755859375,1796.4000244140625,-0.0017825311942959443,-0.010270571235681092,56.335,56.71,15.384615384615529,56.0
2021-03-04 00:00:00+00:00,55.6,56.0,1700.199951171875,91.62999725341795,1168.52,63.83000183105469,0.07,56.0,56.25,56.45,1715.300048828125,1722.5,1774.4000244140625,0.0,-0.00880318149968351,56.285000000000004,56.690000000000005,15.384615384615529,55.5
2021-03-05 00:00:00+00:00,55.1,55.5,1698.0,91.9800033569336,1168.69,66.08999633789062,0.07,56.0,56.1,56.35,1700.199951171875,1733.0999755859375,1728.0999755859375,-0.008928571428571397,-0.0012939367339462882,56.205,56.654999999999994,12.244897959183788,55.5
2021-03-08 00:00:00+00:00,55.1,55.5,1677.699951171875,92.30999755859376,1168.27,65.05000305175781,0.07,55.5,56.0,56.25,1698.0,1715.300048828125,1722.5,0.0,-0.011955270216799208,56.125,56.623333333333335,12.244897959183788,55.15
2021-03-09 00:00:00+00:00,54.7,55.15,1716.5999755859375,91.95999908447266,1161.97,64.01000213623047,0.07,55.5,56.0,56.1,1677.699951171875,1700.199951171875,1733.0999755859375,-0.006306306306306353,0.02318652056161219,55.98,56.57666666666667,12.765957446808642,55.38
2021-03-10 00:00:00+00:00,54.98,55.38,1721.5,91.79000091552734,1170.08,64.44000244140625,0.07,55.15,55.5,56.0,1716.5999755859375,1698.0,1715.300048828125,0.004170444242973748,0.002854494048556644,55.867999999999995,56.535999999999994,24.31192660550481,55.8
2021-03-11 00:00:00+00:00,55.5,55.8,1722.300048828125,91.41999816894533,1181.73,66.0199966430664,0.07,55.38,55.5,56.0,1721.5,1677.699951171875,1700.199951171875,0.007583965330444142,0.00046473937155089295,55.803,56.507666666666665,39.58333333333336,55.6
2021-03-12 00:00:00+00:00,55.2,55.6,1719.5,91.68000030517578,1181.56,65.61000061035156,0.07,55.8,55.15,55.5,1722.300048828125,1716.5999755859375,1698.0,-0.0035842293906809264,-0.0016257613358544587,55.727999999999994,56.47266666666667,36.538461538461625,55.7
2021-03-15 00:00:00+00:00,55.3,55.7,1728.9000244140625,91.83000183105467,1184.56,65.38999938964844,0.07,55.6,55.38,55.5,1719.5,1721.5,1677.699951171875,0.0017985611510791255,0.005466719635977002,55.673,56.43766666666667,31.25000000000003,55.65
2021-03-16 00:00:00+00:00,55.25,55.65,1730.5999755859375,91.87000274658205,1179.9,64.80000305175781,0.07,55.7,55.8,55.15,1728.9000244140625,1722.300048828125,1716.5999755859375,-0.0008976660682227244,0.0009832559129330232,55.628,56.389333333333326,31.91489361702125,55.65
2021-03-17 00:00:00+00:00,55.25,55.65,1726.800048828125,91.4000015258789,1186.09,64.5999984741211,0.07,55.65,55.6,55.38,1730.5999755859375,1719.5,1721.5,0.0,-0.0021957279622206727,55.592999999999996,56.349333333333334,32.60869565217385,55.5
2021-03-18 00:00:00+00:00,55.1,55.5,1732.199951171875,91.8499984741211,1200.94,60.0,0.07,55.65,55.7,55.8,1726.800048828125,1728.9000244140625,1722.300048828125,-0.0026954177897573484,0.003127115005246095,55.54299999999999,56.30433333333334,31.91489361702125,55.5
2021-03-19 00:00:00+00:00,55.1,55.5,1741.4000244140625,91.91999816894533,1194.05,61.41999816894531,0.07,55.5,55.65,55.6,1732.199951171875,1730.5999755859375,1719.5,0.0,0.0053112074249646035,55.54299999999999,56.26266666666667,33.33333333333333,55.45
2021-03-22 00:00:00+00:00,55.05,55.45,1737.800048828125,91.8000030517578,1194.43,61.54999923706055,0.07,55.5,55.65,55.7,1741.4000244140625,1726.800048828125,1728.9000244140625,-0.0009009009009008917,-0.002067288121894273,55.538,56.214333333333336,34.883720930232585,55.6
2021-03-23 00:00:00+00:00,55.2,55.6,1724.699951171875,92.33999633789062,1183.45,57.7599983215332,0.07,55.45,55.5,55.65,1737.800048828125,1732.199951171875,1730.5999755859375,0.0027051397655544207,-0.00753832275760602,55.583000000000006,56.166000000000004,40.90909090909092,55.5
2021-03-24 00:00:00+00:00,55.1,55.5,1732.9000244140625,92.52999877929688,1161.81,61.18000030517578,0.07,55.6,55.5,55.65,1724.699951171875,1741.4000244140625,1726.800048828125,-0.0017985611510791255,0.00475449265051342,55.595000000000006,56.10433333333333,39.130434782608674,55.48
2021-03-25 00:00:00+00:00,55.08,55.48,1724.9000244140625,92.87999725341795,1163.1,58.560001373291016,0.07,55.5,55.45,55.5,1732.9000244140625,1737.800048828125,1732.199951171875,-0.0003603603603604677,-0.004616538685031757,55.563,56.042,49.45054945054936,55.3
2021-03-26 00:00:00+00:00,54.9,55.3,1732.199951171875,92.7699966430664,1162.21,60.970001220703125,0.07,55.48,55.6,55.5,1724.9000244140625,1724.699951171875,1741.4000244140625,-0.0032444124008651487,0.004232086877204555,55.533,55.97366666666667,44.99999999999993,55.17
2021-03-29 00:00:00+00:00,54.77,55.17,1712.0999755859375,92.94000244140624,1175.68,61.560001373291016,0.07,55.3,55.5,55.45,1732.199951171875,1732.9000244140625,1737.800048828125,-0.0023508137432187715,-0.011603727140356623,55.48,55.900999999999996,50.56179775280908,54.85
2021-03-30 00:00:00+00:00,54.45,54.85,1683.9000244140625,93.3000030517578,1186.36,60.54999923706055,0.07,55.17,55.48,55.6,1712.0999755859375,1724.9000244140625,1724.699951171875,-0.005800253761102048,-0.016470972241106496,55.4,55.81766666666667,35.82887700534749,54.5
2021-03-31 00:00:00+00:00,54.1,54.5,1713.800048828125,93.2300033569336,1191.44,59.15999984741211,0.07,54.85,55.3,55.5,1683.9000244140625,1732.199951171875,1732.9000244140625,-0.006381039197812188,0.017756413077116395,55.285000000000004,55.73766666666666,13.888888888888914,54.9
2021-04-01 00:00:00+00:00,54.5,54.9,1726.5,92.93000030517578,1216.1,61.45000076293945,0.07,54.5,55.17,55.48,1713.800048828125,1712.0999755859375,1724.9000244140625,0.007339449541284404,0.007410404253727965,55.225,55.684333333333335,32.49999999999993,55.35
2021-04-02 00:00:00+00:00,54.95,55.35,1726.5,92.93000030517578,1224.45,61.45000076293945,0.07,54.9,54.85,55.3,1726.5,1683.9000244140625,1732.199951171875,0.00819672131147553,0.0,55.21,55.65266666666666,42.55319148936168,55.1
2021-04-05 00:00:00+00:00,54.7,55.1,1727.0,92.5999984741211,1236.05,58.650001525878906,0.07,55.35,54.5,55.17,1726.5,1713.800048828125,1712.0999755859375,-0.004516711833784992,0.0002896032435564244,55.175,55.61266666666667,39.21568627450985,55.25
2021-04-06 00:00:00+00:00,54.85,55.25,1741.5,92.33999633789062,1239.96,59.33000183105469,0.07,55.1,54.9,54.85,1727.0,1726.5,1683.9000244140625,0.0027223230490018846,0.008396062536189852,55.14,55.56766666666667,42.59259259259261,55.25
2021-04-07 00:00:00+00:00,54.85,55.25,1740.0999755859375,92.45999908447266,1242.38,59.77000045776367,0.07,55.25,55.35,54.5,1741.5,1726.5,1713.800048828125,0.0,-0.0008039186988587632,55.114999999999995,55.525999999999996,45.09803921568626,55.25
2021-04-08 00:00:00+00:00,54.85,55.25,1756.800048828125,92.05999755859376,1234.89,59.59999847412109,0.07,55.25,55.1,54.9,1740.0999755859375,1727.0,1726.5,0.0,0.009597191814547434,55.092000000000006,55.486000000000004,45.09803921568626,55.25
2021-04-09 00:00:00+00:00,54.85,55.25,1743.300048828125,92.16000366210938,1231.66,59.31999969482422,0.07,55.25,55.25,55.35,1756.800048828125,1741.5,1726.5,0.0,-0.007684426015928891,55.087,55.449333333333335,45.99999999999994,55.25
2021-04-12 00:00:00+00:00,54.85,55.25,1731.199951171875,92.13999938964844,1252.45,59.70000076293945,0.07,55.25,55.25,55.1,1743.300048828125,1740.0999755859375,1727.0,0.0,-0.006940915113484825,55.095000000000006,55.416000000000004,42.55319148936168,55.2
2021-04-13 00:00:00+00:00,54.8,55.2,1746.199951171875,91.8499984741211,1248.33,60.18000030517578,0.07,55.25,55.25,55.25,1731.199951171875,1756.800048828125,1741.5,-0.0009049773755656076,0.008664510410739235,55.129999999999995,55.386,43.478260869565275,55.3
2021-04-14 00:00:00+00:00,54.9,55.3,1734.9000244140625,91.69000244140624,1255.87,63.150001525878906,0.07,55.2,55.25,55.25,1746.199951171875,1743.300048828125,1740.0999755859375,0.0018115942028984477,-0.006471152831168725,55.21,55.36266666666667,46.21848739495797,55.3
2021-04-15 00:00:00+00:00,54.93,55.3,1765.4000244140625,91.66999816894533,1247.25,63.459999084472656,0.07,55.3,55.25,55.25,1734.9000244140625,1731.199951171875,1756.800048828125,0.0,0.017580263744765956,55.25,55.339333333333336,50.0,55.45
2021-04-16 00:00:00+00:00,55.08,55.45,1779.0,91.55999755859376,1238.71,63.130001068115234,0.07,55.3,55.2,55.25,1765.4000244140625,1746.199951171875,1743.300048828125,0.002712477396021873,0.007703622633885132,55.260000000000005,55.33766666666667,56.30630630630634,55.45
2021-04-19 00:00:00+00:00,55.08,55.45,1769.4000244140625,91.06999969482422,1260.58,63.380001068115234,0.07,55.45,55.3,55.25,1779.0,1734.9000244140625,1731.199951171875,0.0,-0.005396276327114924,55.295,55.336000000000006,65.78947368421058,55.45
2021-04-20 00:00:00+00:00,55.08,55.45,1777.300048828125,91.23999786376952,1268.28,62.43999862670898,0.07,55.45,55.3,55.2,1769.4000244140625,1765.4000244140625,1746.199951171875,0.0,0.004464804060731575,55.315,55.346,80.64516129032273,55.45
2021-04-21 00:00:00+00:00,55.08,55.45,1792.300048828125,91.16000366210938,1268.28,61.34999847412109,0.07,55.45,55.45,55.3,1777.300048828125,1779.0,1734.9000244140625,0.0,0.00843976795583301,55.335,55.348333333333336,73.91304347826109,55.45
2021-04-22 00:00:00+00:00,55.08,55.45,1781.199951171875,91.33000183105467,1227.82,61.43000030517578,0.07,55.45,55.45,55.3,1792.300048828125,1769.4000244140625,1765.4000244140625,0.0,-0.0061932139451247314,55.355000000000004,55.336666666666666,57.14285714285728,55.75
2021-04-23 00:00:00+00:00,55.4,55.75,1777.0,90.86000061035156,1248.53,62.13999938964844,0.07,55.45,55.45,55.45,1781.199951171875,1777.300048828125,1779.0,0.0054102795311090635,-0.0023579335768069143,55.40500000000001,55.34166666666667,93.33333333333366,55.5
2021-04-26 00:00:00+00:00,55.15,55.5,1779.199951171875,90.80999755859376,1215.77,61.90999984741211,0.07,55.75,55.45,55.45,1777.0,1792.300048828125,1769.4000244140625,-0.004484304932735439,0.0012380141653769439,55.43000000000001,55.335,64.70588235294127,55.65
2021-04-27 00:00:00+00:00,55.3,55.65,1778.0,90.91000366210938,1219.75,62.93999862670898,0.07,55.5,55.45,55.45,1779.199951171875,1781.199951171875,1777.300048828125,0.002702702702702675,-0.0006744330062985471,55.475,55.33500000000001,70.00000000000007,55.65
2021-04-28 00:00:00+00:00,55.3,55.65,1773.199951171875,90.61000061035156,1229.55,63.86000061035156,0.07,55.65,55.75,55.45,1778.0,1777.0,1792.300048828125,0.0,-0.0026996900045697103,55.510000000000005,55.335,70.00000000000007,55.65
2021-04-29 00:00:00+00:00,55.3,55.65,1768.0999755859375,90.61000061035156,1239.39,65.01000213623047,0.07,55.65,55.5,55.45,1773.199951171875,1779.199951171875,1781.199951171875,0.0,-0.0028761424127984325,55.545,55.34,70.00000000000007,55.65
2021-04-30 00:00:00+00:00,55.3,55.65,1767.300048828125,91.27999877929688,1239.39,63.58000183105469,0.07,55.65,55.65,55.75,1768.0999755859375,1778.0,1777.0,0.0,-0.00045242167799219857,55.565,55.345,70.00000000000007,55.65
2021-05-01 00:00:00+00:00,55.3,55.65,1767.300048828125,91.27999877929688,1239.39,63.58000183105469,0.06,55.65,55.65,55.5,1767.300048828125,1773.199951171875,1779.199951171875,0.0,0.0,55.585,55.35166666666667,73.68421052631567,55.75
2021-05-03 00:00:00+00:00,55.37,55.75,1791.4000244140625,90.9499969482422,1239.39,64.48999786376953,0.06,55.65,55.65,55.65,1767.300048828125,1768.0999755859375,1778.0,0.0017969451931716396,0.013636606642951188,55.614999999999995,55.35666666666667,73.68421052631587,55.65
2021-05-04 00:00:00+00:00,55.3,55.65,1775.800048828125,91.29000091552734,1242.2,65.69000244140625,0.06,55.75,55.65,55.65,1791.4000244140625,1767.300048828125,1773.199951171875,-0.0017937219730942422,-0.008708259112053973,55.635000000000005,55.36166666666667,66.66666666666666,55.66
2021-05-05 00:00:00+00:00,55.31,55.66,1784.0999755859375,91.30999755859376,1256.43,65.62999725341797,0.06,55.65,55.65,55.65,1775.800048828125,1767.300048828125,1768.0999755859375,0.00017969451931709735,0.004673908395987247,55.65599999999999,55.367666666666665,61.538461538461235,55.7
2021-05-06 00:00:00+00:00,55.35,55.7,1815.5,90.9499969482422,1250.57,64.70999908447266,0.06,55.66,55.75,55.65,1784.0999755859375,1791.4000244140625,1767.300048828125,0.0007186489399928497,0.017599924244015464,55.650999999999996,55.381,63.157894736842074,55.97
2021-05-07 00:00:00+00:00,55.62,55.97,1831.0999755859373,90.2300033569336,1241.81,64.9000015258789,0.06,55.7,55.65,55.65,1815.5,1775.800048828125,1767.300048828125,0.004847396768402179,0.008592660746867153,55.698,55.407666666666664,71.31147540983592,56.3
2021-05-10 00:00:00+00:00,55.9,56.3,1837.5,90.20999908447266,1259.58,64.91999816894531,0.06,55.97,55.66,55.75,1831.0999755859373,1784.0999755859375,1791.4000244140625,0.005896015722708592,0.0034951802192093595,55.763,55.456,77.41935483870954,56.23
2021-05-11 00:00:00+00:00,55.88,56.23,1835.9000244140625,90.13999938964844,1256.04,65.27999877929688,0.06,56.3,55.7,55.65,1837.5,1815.5,1775.800048828125,-0.001243339253996445,-0.0008707350127551416,55.821000000000005,55.51366666666667,74.07407407407393,56.13
2021-05-12 00:00:00+00:00,55.78,56.13,1822.5999755859373,90.70999908447266,1269.09,66.08000183105469,0.06,56.23,55.97,55.66,1835.9000244140625,1831.0999755859373,1784.0999755859375,-0.0017784101013692544,-0.00724442978989015,55.86900000000001,55.55466666666667,63.38028169014099,56.07
2021-05-13 00:00:00+00:00,55.72,56.07,1823.800048828125,90.75,1261.99,63.81999969482422,0.06,56.13,56.3,55.7,1822.5999755859373,1837.5,1815.5,-0.001068947087119243,0.0006584402821590007,55.911,55.57866666666667,73.17073170731715,56.25
2021-05-14 00:00:00+00:00,55.9,56.25,1837.9000244140625,90.31999969482422,1266.36,65.37000274658203,0.06,56.07,56.23,55.97,1823.800048828125,1835.9000244140625,1831.0999755859373,0.0032102728731941976,0.007731097274066512,55.971000000000004,55.617,73.80952380952391,56.37
2021-05-17 00:00:00+00:00,56.02,56.37,1867.5,90.22000122070312,1258.7,66.2699966430664,0.06,56.25,56.13,56.3,1837.9000244140625,1822.5999755859373,1837.5,0.0021333333333333204,0.016105324115969877,56.033,55.65433333333333,76.08695652173918,56.43
2021-05-18 00:00:00+00:00,56.08,56.43,1867.800048828125,89.75,1252.68,65.48999786376953,0.06,56.37,56.07,56.23,1867.5,1823.800048828125,1835.9000244140625,0.001064395955295394,0.0001606687165327525,56.111000000000004,55.693666666666665,77.08333333333341,56.25
2021-05-19 00:00:00+00:00,55.9,56.25,1881.300048828125,90.19000244140624,1262.49,63.36000061035156,0.06,56.43,56.25,56.13,1867.800048828125,1837.9000244140625,1822.5999755859373,-0.0031897926634768536,0.007227754388629659,56.17,55.727,68.51851851851859,56.33
2021-05-20 00:00:00+00:00,55.98,56.33,1881.800048828125,89.80999755859375,1278.22,62.04999923706055,0.06,56.25,56.37,56.07,1881.300048828125,1867.5,1823.800048828125,0.0014222222222222136,0.0002657736602469374,56.233000000000004,55.763,70.00000000000004,56.43
2021-05-21 00:00:00+00:00,56.08,56.43,1876.699951171875,90.0199966430664,1283.93,63.58000183105469,0.06,56.33,56.43,56.25,1881.800048828125,1867.800048828125,1837.9000244140625,0.0017752529735488576,-0.00271022293756773,56.278999999999996,55.80233333333333,70.00000000000004,56.4
2021-05-24 00:00:00+00:00,56.05,56.4,1884.5999755859373,89.83000183105469,1297.98,66.05000305175781,0.06,56.43,56.25,56.37,1876.699951171875,1881.300048828125,1867.5,-0.0005316321105794941,0.00420952982341638,56.289,55.842333333333336,73.00613496932522,56.42
2021-05-25 00:00:00+00:00,56.07,56.42,1898.0999755859373,89.63999938964844,1308.58,66.06999969482422,0.06,56.4,56.33,56.43,1884.5999755859373,1881.800048828125,1867.800048828125,0.00035460992907809796,0.007163323875032379,56.30800000000001,55.879666666666665,73.17073170731723,56.55
2021-05-26 00:00:00+00:00,56.15,56.55,1901.300048828125,90.04000091552734,1316.7,66.20999908447266,0.06,56.42,56.43,56.25,1898.0999755859373,1876.699951171875,1881.300048828125,0.0023041474654377225,0.0016859350315305832,56.35,55.92133333333333,74.56647398843928,56.54
2021-05-27 00:00:00+00:00,56.14,56.54,1895.699951171875,89.97000122070312,1303.57,66.8499984741211,0.06,56.55,56.4,56.33,1901.300048828125,1884.5999755859373,1881.800048828125,-0.00017683465959328348,-0.0029454044666445967,56.397000000000006,55.95766666666667,69.38775510204094,56.7
2021-05-28 00:00:00+00:00,56.3,56.7,1902.5,90.02999877929688,1320.46,66.31999969482422,0.06,56.54,56.42,56.43,1895.699951171875,1898.0999755859373,1876.699951171875,0.0028298549699328213,0.0035870913136444305,56.44199999999999,55.999333333333325,65.38461538461564,57.4
2021-05-31 00:00:00+00:00,56.6,57.4,1902.5,90.02999877929688,1328.05,66.31999969482422,0.06,56.7,56.55,56.4,1902.5,1901.300048828125,1884.5999755859373,0.012345679012345512,0.0,56.545,56.06433333333334,80.3108808290157,57.65
2021-06-01 00:00:00+00:00,56.95,57.65,1902.9000244140625,89.83000183105469,1337.78,67.72000122070312,0.08,57.4,56.54,56.42,1902.5,1895.699951171875,1898.0999755859373,0.00435540069686402,0.00021026250410649538,56.666999999999994,56.13766666666667,86.53846153846148,57.55
2021-06-02 00:00:00+00:00,56.95,57.55,1907.5,89.9000015258789,1340.78,68.83000183105469,0.08,57.65,56.7,56.55,1902.9000244140625,1902.5,1901.300048828125,-0.0017346053772766545,0.0024173501113669005,56.797000000000004,56.20766666666667,84.90566037735846,57.35
2021-06-03 00:00:00+00:00,56.75,57.35,1871.199951171875,90.5,1364.28,68.80999755859375,0.08,57.55,57.4,56.54,1907.5,1902.5,1895.699951171875,-0.0034752389226758718,-0.019030169765727356,56.899,56.260999999999996,75.70093457943936,57.25
2021-06-04 00:00:00+00:00,56.6,57.25,1889.800048828125,90.13999938964844,1374.05,69.62000274658203,0.08,57.35,57.65,56.7,1871.199951171875,1902.9000244140625,1902.5,-0.0017436791630339732,0.009940197809753748,56.980999999999995,56.31933333333333,70.75471698113216,57.2
2021-06-07 00:00:00+00:00,56.6,57.2,1896.800048828125,89.94999694824219,1358.78,69.2300033569336,0.08,57.25,57.55,57.4,1889.800048828125,1907.5,1902.5,-0.0008733624454148048,0.0037040955757943195,57.061,56.370999999999995,68.24644549763048,57.35
2021-06-08 00:00:00+00:00,56.75,57.35,1892.199951171875,90.08000183105467,1319.88,70.05000305175781,0.08,57.2,57.35,57.65,1896.800048828125,1871.199951171875,1902.9000244140625,0.002622377622377492,-0.002425188495272401,57.153999999999996,56.42766666666667,76.44230769230784,57.25
2021-06-09 00:00:00+00:00,56.65,57.25,1893.199951171875,90.12000274658205,1332.9,69.95999908447266,0.08,57.35,57.25,57.55,1892.199951171875,1889.800048828125,1907.5,-0.0017436791630339732,0.0005284853745930462,57.224000000000004,56.480999999999995,71.90476190476201,57.3
2021-06-10 00:00:00+00:00,56.7,57.3,1894.199951171875,90.08000183105467,1323.58,70.29000091552734,0.08,57.25,57.2,57.35,1893.199951171875,1896.800048828125,1871.199951171875,0.0008733624454146938,0.0005282062253282316,57.3,56.53600000000001,71.219512195122,57.5
2021-06-11 00:00:00+00:00,56.9,57.5,1877.4000244140625,90.55999755859376,1351.74,70.91000366210938,0.08,57.3,57.35,57.25,1894.199951171875,1892.199951171875,1889.800048828125,0.003490401396160525,-0.00886914116295856,57.38000000000001,56.59766666666667,74.7747747747749,57.15
2021-06-14 00:00:00+00:00,56.55,57.15,1864.0,90.5199966430664,1361.72,70.87999725341797,0.08,57.5,57.25,57.2,1877.4000244140625,1893.199951171875,1896.800048828125,-0.006086956521739184,-0.007137543538833557,57.355,56.64433333333333,64.31372549019608,57.2
2021-06-15 00:00:00+00:00,56.6,57.2,1854.5,90.54000091552734,1367.36,72.12000274658203,0.08,57.15,57.3,57.35,1864.0,1894.199951171875,1892.199951171875,0.0008748906386701893,-0.005096566523605128,57.31,56.696,63.15789473684223,57.25
2021-06-16 00:00:00+00:00,56.65,57.25,1859.5,91.12999725341795,1356.52,72.1500015258789,0.08,57.2,57.5,57.25,1854.5,1877.4000244140625,1893.199951171875,0.0008741258741258306,0.0026961445133459883,57.28000000000001,56.749,64.14342629482076,56.85
2021-06-17 00:00:00+00:00,56.25,56.85,1773.800048828125,91.88999938964844,1359.92,71.04000091552734,0.08,57.25,57.15,57.3,1859.5,1864.0,1894.199951171875,-0.006986899563318771,-0.04608763171383434,57.23,56.78733333333333,52.727272727272705,56.8
2021-06-18 00:00:00+00:00,56.2,56.8,1767.9000244140625,92.2300033569336,1377.77,71.63999938964844,0.08,56.85,57.2,57.5,1773.800048828125,1854.5,1877.4000244140625,-0.0008795074758136678,-0.0033262060275397465,57.185,56.815000000000005,35.714285714285694,56.95
2021-06-21 00:00:00+00:00,56.35,56.95,1781.800048828125,91.86000061035156,1372.63,73.66000366210938,0.08,56.8,57.25,57.15,1767.9000244140625,1859.5,1864.0,0.002640845070422726,0.007862449359187895,57.15999999999999,56.836666666666666,32.50000000000017,57.0
2021-06-22 00:00:00+00:00,56.45,57.0,1776.300048828125,91.7300033569336,1379.97,73.05999755859375,0.08,56.95,56.85,57.2,1781.800048828125,1773.800048828125,1854.5,0.0008779631255486642,-0.0030867661069026164,57.125,56.86233333333333,35.897435897436,57.1
2021-06-23 00:00:00+00:00,56.55,57.1,1782.300048828125,91.8000030517578,1376.87,73.08000183105469,0.08,57.0,56.8,57.25,1776.300048828125,1767.9000244140625,1859.5,0.0017543859649122862,0.003377807709884495,57.11,56.894666666666666,43.24324324324327,57.05
2021-06-24 00:00:00+00:00,56.5,57.05,1775.5999755859375,91.81999969482422,1379.72,73.30000305175781,0.08,57.1,56.95,56.85,1782.300048828125,1781.800048828125,1773.800048828125,-0.0008756567425569628,-0.0037592285578361695,57.085,56.92733333333333,44.4444444444444,57.05
2021-06-25 00:00:00+00:00,56.5,57.05,1776.5999755859375,91.80999755859376,1390.12,74.05000305175781,0.08,57.05,57.0,56.8,1775.5999755859375,1776.300048828125,1767.9000244140625,0.0,0.0005631899153806241,57.04,56.95399999999999,45.71428571428558,57.0
2021-06-28 00:00:00+00:00,56.5,57.0,1779.5999755859375,91.87999725341795,1405.81,72.91000366210938,0.08,57.05,57.1,56.95,1776.5999755859375,1782.300048828125,1781.800048828125,-0.0008764241893075564,0.0016886187331002223,57.025,56.975,39.393939393939434,56.9
2021-06-29 00:00:00+00:00,56.4,56.9,1762.800048828125,92.0500030517578,1410.04,72.9800033569336,0.08,57.0,57.05,57.0,1779.5999755859375,1775.5999755859375,1776.300048828125,-0.0017543859649122862,-0.009440282641204889,56.99499999999999,56.99066666666667,39.393939393939434,56.85
2021-06-30 00:00:00+00:00,56.25,56.85,1770.800048828125,92.44000244140624,1408.55,73.47000122070312,0.08,56.9,57.05,57.1,1762.800048828125,1776.5999755859375,1782.300048828125,-0.0008787346221440506,0.0045382345010247516,56.955,57.010666666666665,36.36363636363661,56.9
2021-07-01 00:00:00+00:00,56.3,56.9,1775.9000244140625,92.5999984741211,1417.08,75.2300033569336,0.1,56.85,57.0,57.05,1770.800048828125,1779.5999755859375,1775.5999755859375,0.0008795074758134458,0.0028800403463464797,56.96,57.02966666666667,30.000000000000057,57.15
2021-07-02 00:00:00+00:00,56.6,57.15,1782.5999755859375,92.2300033569336,1420.27,75.16000366210938,0.1,56.9,56.9,57.05,1775.9000244140625,1762.800048828125,1776.5999755859375,0.004393673110720586,0.0037727074045654785,56.99499999999999,57.053666666666665,50.0,57.35
2021-07-05 00:00:00+00:00,56.75,57.35,1782.5999755859375,92.2300033569336,1411.13,75.16000366210938,0.1,57.15,56.85,57.0,1782.5999755859375,1770.800048828125,1779.5999755859375,0.0034995625546807574,0.0,57.035000000000004,57.08533333333333,54.838709677419295,57.4
2021-07-06 00:00:00+00:00,56.8,57.4,1793.5,92.5500030517578,1354.79,73.37000274658203,0.1,57.35,56.9,56.9,1782.5999755859375,1775.9000244140625,1762.800048828125,0.0008718395815170421,0.006114677753476183,57.075,57.118,54.838709677419295,57.45
2021-07-07 00:00:00+00:00,56.85,57.45,1801.5,92.63999938964844,1388.55,72.19999694824219,0.1,57.4,57.15,56.85,1793.5,1782.5999755859375,1770.800048828125,0.0008710801393729817,0.004460551993309192,57.11,57.147999999999996,74.99999999999986,57.55
2021-07-08 00:00:00+00:00,56.9,57.55,1799.5999755859375,92.36000061035156,1374.68,72.94000244140625,0.1,57.45,57.35,56.9,1801.5,1782.5999755859375,1775.9000244140625,0.0017406440382941035,-0.0010546902104149325,57.15999999999999,57.18166666666666,80.0,57.5
2021-07-09 00:00:00+00:00,56.8,57.5,1810.0,92.12999725341795,1347.14,74.55999755859375,0.1,57.55,57.4,57.15,1799.5999755859375,1793.5,1782.5999755859375,-0.0008688097306689402,0.005779075658564725,57.205,57.208333333333336,73.91304347826093,57.35
2021-07-12 00:00:00+00:00,56.6,57.35,1805.5,92.2300033569336,1296.3,74.0999984741211,0.1,57.5,57.45,57.35,1810.0,1801.5,1782.5999755859375,-0.00260869565217392,-0.0024861878453038555,57.239999999999995,57.20666666666667,64.00000000000014,57.35
2021-07-13 00:00:00+00:00,56.6,57.35,1809.4000244140625,92.75,1297.54,75.25,0.1,57.35,57.55,57.4,1805.5,1799.5999755859375,1793.5,0.0,0.002160079985634278,57.285000000000004,57.196666666666665,60.86956521739138,57.4
2021-07-14 00:00:00+00:00,56.65,57.4,1824.300048828125,92.41000366210938,1279.91,73.12999725341797,0.1,57.35,57.5,57.45,1809.4000244140625,1810.0,1801.5,0.0008718395815170421,0.00823478734001215,57.339999999999996,57.19166666666667,65.2173913043481,57.6
2021-07-15 00:00:00+00:00,56.85,57.6,1828.4000244140625,92.62000274658205,1293.92,71.6500015258789,0.1,57.4,57.35,57.55,1824.300048828125,1805.5,1799.5999755859375,0.0034843205574912606,0.0022474239303842403,57.410000000000004,57.2,70.37037037037072,57.5
2021-07-16 00:00:00+00:00,56.75,57.5,1814.5,92.69000244140624,1299.31,71.80999755859375,0.1,57.6,57.35,57.5,1828.4000244140625,1809.4000244140625,1810.0,-0.0017361111111111605,-0.007602288464482521,57.44500000000001,57.208333333333336,67.85714285714296,57.55
2021-07-19 00:00:00+00:00,56.9,57.55,1808.699951171875,92.88999938964844,1243.51,66.41999816894531,0.1,57.5,57.4,57.35,1814.5,1824.300048828125,1805.5,0.0008695652173913437,-0.003196499767497918,57.464999999999996,57.22,74.07407407407425,57.55
2021-07-20 00:00:00+00:00,56.9,57.55,1810.9000244140625,92.97000122070312,1273.29,67.41999816894531,0.1,57.55,57.6,57.35,1808.699951171875,1828.4000244140625,1809.4000244140625,0.0,0.001216383757163264,57.480000000000004,57.226666666666674,76.92307692307696,57.45
2021-07-21 00:00:00+00:00,56.8,57.45,1802.9000244140625,92.75,1270.79,70.30000305175781,0.1,57.55,57.5,57.4,1810.9000244140625,1814.5,1824.300048828125,-0.0017376194613378804,-0.004417692800345763,57.48,57.233333333333334,70.37037037037072,57.45
2021-07-22 00:00:00+00:00,56.8,57.45,1805.0,92.81999969482422,1293.67,71.91000366210938,0.1,57.45,57.55,57.6,1802.9000244140625,1808.699951171875,1828.4000244140625,0.0,0.0011647765031341795,57.470000000000006,57.23833333333333,63.63636363636399,57.5
2021-07-23 00:00:00+00:00,56.85,57.5,1801.4000244140625,92.91000366210938,1268.83,72.06999969482422,0.1,57.45,57.55,57.5,1805.0,1810.9000244140625,1814.5,0.0008703220191470518,-0.0019944463079986097,57.470000000000006,57.23833333333333,57.894736842105345,57.45
2021-07-26 00:00:00+00:00,56.8,57.45,1798.699951171875,92.6500015258789,1272.71,71.91000366210938,0.1,57.5,57.45,57.55,1801.4000244140625,1802.9000244140625,1808.699951171875,-0.0008695652173912327,-0.0014988748782024386,57.480000000000004,57.248333333333335,52.63157894736869,57.3
2021-07-27 00:00:00+00:00,56.6,57.3,1799.5,92.43000030517578,1276.93,71.6500015258789,0.1,57.45,57.45,57.55,1798.699951171875,1805.0,1810.9000244140625,-0.0026109660574413773,0.0004447928225070896,57.475,57.251666666666665,42.85714285714246,57.2
2021-07-28 00:00:00+00:00,56.5,57.2,1799.5,92.31999969482422,1277.07,72.38999938964844,0.1,57.3,57.5,57.45,1799.5,1801.4000244140625,1802.9000244140625,-0.0017452006980801515,0.0,57.455000000000005,57.25,33.33333333333333,57.35
2021-07-29 00:00:00+00:00,56.65,57.35,1831.199951171875,91.86000061035156,1293.6,73.62000274658203,0.1,57.2,57.45,57.45,1799.5,1798.699951171875,1805.0,0.002622377622377492,0.01761597731140596,57.42999999999999,57.266666666666666,43.47826086956519,57.4
2021-07-30 00:00:00+00:00,56.7,57.4,1812.5999755859373,92.16999816894533,1310.05,73.94999694824219,0.1,57.35,57.3,57.5,1831.199951171875,1799.5,1801.4000244140625,0.0008718395815170421,-0.010157260857305395,57.42,57.28666666666666,52.380952380952294,57.4
2021-08-01 00:00:00+00:00,56.7,57.4,1812.5999755859373,92.16999816894533,1310.05,73.94999694824219,0.09,57.4,57.2,57.45,1812.5999755859373,1799.5,1798.699951171875,0.0,0.0,57.40500000000001,57.30166666666667,52.380952380952294,57.2
2021-08-02 00:00:00+00:00,56.5,57.2,1818.0999755859373,92.0500030517578,1314.22,71.26000213623047,0.09,57.4,57.35,57.3,1812.5999755859373,1831.199951171875,1799.5,-0.0034843205574912606,0.00303431538898824,57.36999999999999,57.30833333333333,41.666666666666714,57.3
2021-08-03 00:00:00+00:00,56.6,57.3,1810.0999755859373,92.08000183105467,1332.44,70.55999755859375,0.09,57.2,57.4,57.2,1818.0999755859373,1812.5999755859373,1799.5,0.0017482517482516613,-0.00440019806799774,57.355000000000004,57.315000000000005,36.363636363635834,57.35
2021-08-04 00:00:00+00:00,56.65,57.35,1810.5,92.2699966430664,1334.74,68.1500015258789,0.09,57.3,57.4,57.35,1810.0999755859373,1812.5999755859373,1831.199951171875,0.0008726003490402423,0.0002209957568410914,57.345000000000006,57.325,42.857142857142755,57.25
2021-08-05 00:00:00+00:00,56.55,57.25,1805.0999755859373,92.23999786376952,1345.55,69.08999633789062,0.09,57.35,57.2,57.4,1810.5,1818.0999755859373,1812.5999755859373,-0.0017436791630339732,-0.0029826149760081577,57.32000000000001,57.33166666666667,36.363636363636246,57.25
2021-08-06 00:00:00+00:00,56.55,57.25,1760.0,92.8000030517578,1341.45,68.27999877929688,0.09,57.25,57.3,57.4,1805.0999755859373,1810.0999755859373,1812.5999755859373,0.0,-0.024984752199831872,57.3,57.34,36.363636363636246,56.9
2021-08-09 00:00:00+00:00,56.2,56.9,1723.4000244140625,92.9499969482422,1359.86,66.4800033569336,0.09,57.25,57.35,57.2,1760.0,1810.5,1818.0999755859373,-0.006113537117903967,-0.020795440673828103,57.260000000000005,57.34,29.629629629629278,56.95
2021-08-10 00:00:00+00:00,56.25,56.95,1728.800048828125,93.05999755859376,1362.43,68.29000091552734,0.09,56.9,57.25,57.3,1723.4000244140625,1805.0999755859373,1810.0999755859373,0.0008787346221441616,0.0031333551918095726,57.23499999999999,57.343333333333334,32.14285714285704,56.9
2021-08-11 00:00:00+00:00,56.2,56.9,1750.4000244140625,92.91000366210938,1357.79,69.25,0.09,56.95,57.25,57.35,1728.800048828125,1760.0,1810.5,-0.0008779631255487752,0.012494201166051155,57.19000000000001,57.343333333333334,28.5714285714285,57.1
2021-08-12 00:00:00+00:00,56.4,57.1,1749.0,93.04000091552734,1353.05,69.08999633789062,0.09,56.9,56.9,57.25,1750.4000244140625,1723.4000244140625,1805.0999755859373,0.0035149384885764245,-0.0007998311211925291,57.15999999999999,57.34166666666667,38.709677419354826,57.1
2021-08-13 00:00:00+00:00,56.4,57.1,1775.199951171875,92.5199966430664,1357.05,68.44000244140625,0.09,57.1,56.95,57.25,1749.0,1728.800048828125,1760.0,0.0,0.014979960647155455,57.129999999999995,57.333333333333336,42.857142857143,57.1
2021-08-16 00:00:00+00:00,56.4,57.1,1786.9000244140625,92.62999725341795,1370.96,67.29000091552734,0.09,57.1,56.9,56.9,1775.199951171875,1750.4000244140625,1723.4000244140625,0.0,0.006590848109512271,57.120000000000005,57.32333333333334,46.15384615384612,57.35
2021-08-17 00:00:00+00:00,56.65,57.35,1785.0,93.12999725341795,1363.09,66.58999633789062,0.09,57.1,57.1,56.95,1786.9000244140625,1749.0,1728.800048828125,0.004378283712784592,-0.001063307621077203,57.125,57.32000000000001,50.0,57.35
2021-08-18 00:00:00+00:00,56.65,57.35,1781.5999755859375,93.13999938964844,1360.94,65.45999908447266,0.09,57.35,57.1,56.9,1785.0,1775.199951171875,1750.4000244140625,0.0,-0.0019047755821078871,57.125,57.31333333333334,48.14814814814826,57.25
2021-08-19 00:00:00+00:00,56.55,57.25,1780.199951171875,93.56999969482422,1374.85,63.68999862670898,0.09,57.35,57.1,57.1,1781.5999755859375,1786.9000244140625,1749.0,-0.0017436791630339732,-0.0007858242216253197,57.125,57.305,44.82758620689663,57.15
2021-08-20 00:00:00+00:00,56.45,57.15,1781.0,93.5,1329.43,62.31999969482422,0.09,57.25,57.35,57.1,1780.199951171875,1785.0,1775.199951171875,-0.0017467248908297206,0.0004494151500220589,57.114999999999995,57.29833333333333,48.14814814814801,57.1
2021-08-23 00:00:00+00:00,56.4,57.1,1803.199951171875,92.95999908447266,1298.86,65.63999938964844,0.09,57.15,57.35,57.1,1781.0,1781.5999755859375,1786.9000244140625,-0.0008748906386700783,0.012464879939289686,57.135000000000005,57.29,42.30769230769258,57.2
2021-08-24 00:00:00+00:00,56.5,57.2,1805.5999755859373,92.88999938964844,1298.74,67.54000091552734,0.09,57.1,57.25,57.35,1803.199951171875,1780.199951171875,1785.0,0.0017513134851139256,0.0013309807448156352,57.160000000000004,57.28333333333333,44.444444444444564,57.15
2021-08-25 00:00:00+00:00,56.45,57.15,1788.199951171875,92.83000183105467,1309.55,68.36000061035156,0.09,57.2,57.15,57.35,1805.5999755859373,1781.0,1781.5999755859375,-0.0008741258741259417,-0.009636699517796443,57.18499999999999,57.26833333333334,46.15384615384615,57.0
2021-08-26 00:00:00+00:00,56.3,57.0,1792.199951171875,93.05999755859376,1301.12,67.41999816894531,0.09,57.15,57.1,57.25,1788.199951171875,1803.199951171875,1780.199951171875,-0.002624671916010457,0.002236886315413855,57.175,57.25166666666667,41.37931034482769,57.1
2021-08-27 00:00:00+00:00,56.4,57.1,1816.5999755859373,92.69000244140624,1313.2,68.73999786376953,0.09,57.0,57.2,57.15,1792.199951171875,1805.5999755859373,1781.0,0.0017543859649122862,0.01361456594065169,57.175,57.23666666666667,58.33333333333334,57.3
2021-08-30 00:00:00+00:00,56.6,57.3,1809.0,92.6500015258789,1328.14,69.20999908447266,0.09,57.1,57.15,57.1,1816.5999755859373,1788.199951171875,1803.199951171875,0.003502626970227629,-0.004183626383395644,57.19500000000001,57.22833333333333,62.96296296296267,57.4
2021-08-31 00:00:00+00:00,56.7,57.4,1815.0,92.62999725341795,1331.47,68.5,0.09,57.3,57.0,57.2,1809.0,1792.199951171875,1805.5999755859373,0.0017452006980802626,0.0033167495854062867,57.2,57.226666666666674,67.85714285714278,57.4
2021-09-01 00:00:00+00:00,56.7,57.4,1813.0999755859373,92.4499969482422,1334.65,68.58999633789062,0.08,57.4,57.1,57.15,1815.0,1816.5999755859373,1788.199951171875,0.0,-0.0010468454071971278,57.205,57.225,62.49999999999985,57.4
2021-09-02 00:00:00+00:00,56.7,57.4,1808.699951171875,92.2300033569336,1334.65,69.98999786376953,0.08,57.4,57.3,57.0,1813.0999755859373,1809.0,1792.199951171875,0.0,-0.002426796356136074,57.21999999999999,57.22166666666667,62.49999999999985,57.35
2021-09-03 00:00:00+00:00,56.65,57.35,1830.9000244140625,92.04000091552734,1334.65,69.29000091552734,0.08,57.4,57.4,57.1,1808.699951171875,1815.0,1816.5999755859373,-0.0008710801393727596,0.012274049782443841,57.239999999999995,57.218333333333334,60.0,57.35
2021-09-06 00:00:00+00:00,56.65,57.35,1830.9000244140625,92.04000091552734,1346.39,69.29000091552734,0.08,57.35,57.4,57.3,1830.9000244140625,1813.0999755859373,1809.0,0.0,0.0,57.265,57.220000000000006,50.0,57.35
2021-09-07 00:00:00+00:00,56.65,57.35,1795.9000244140625,92.5199966430664,1341.9,68.3499984741211,0.08,57.35,57.4,57.4,1830.9000244140625,1808.699951171875,1815.0,0.0,-0.0191162813552318,57.28000000000001,57.225,50.0,57.2
2021-09-08 00:00:00+00:00,56.5,57.2,1790.699951171875,92.6500015258789,1333.61,69.30000305175781,0.08,57.35,57.35,57.4,1795.9000244140625,1830.9000244140625,1813.0999755859373,-0.0026155187445510153,-0.0028955249019967377,57.285000000000004,57.220000000000006,47.61904761904774,57.25
2021-09-09 00:00:00+00:00,56.55,57.25,1797.4000244140625,92.4800033569336,1343.98,68.13999938964844,0.08,57.2,57.35,57.4,1790.699951171875,1830.9000244140625,1808.699951171875,0.0008741258741258306,0.0037415945858505495,57.30999999999999,57.215,55.00000000000011,57.3
2021-09-10 00:00:00+00:00,56.6,57.3,1789.5999755859375,92.58000183105467,1345.31,69.72000122070312,0.08,57.25,57.35,57.35,1797.4000244140625,1795.9000244140625,1830.9000244140625,0.0008733624454146938,-0.0043396287538539635,57.330000000000005,57.211666666666666,59.99999999999986,57.3
2021-09-13 00:00:00+00:00,56.6,57.3,1792.0,92.62000274658205,1341.43,70.44999694824219,0.08,57.3,57.2,57.35,1789.5999755859375,1790.699951171875,1830.9000244140625,0.0,0.0013410954664752062,57.33,57.215,55.555555555555294,57.25
2021-09-14 00:00:00+00:00,56.55,57.25,1804.699951171875,92.6500015258789,1339.7,70.45999908447266,0.08,57.3,57.25,57.35,1792.0,1797.4000244140625,1795.9000244140625,-0.0008726003490401313,0.007087026323590928,57.315,57.21333333333333,55.55555555555573,57.35
2021-09-15 00:00:00+00:00,56.65,57.35,1792.4000244140625,92.48999786376952,1345.83,72.61000061035156,0.08,57.25,57.3,57.2,1804.699951171875,1789.5999755859375,1790.699951171875,0.0017467248908296096,-0.006815496808666444,57.31,57.21333333333334,70.58823529411804,57.2
2021-09-16 00:00:00+00:00,56.5,57.2,1754.5999755859375,92.86000061035156,1345.87,72.61000061035156,0.08,57.35,57.3,57.25,1792.4000244140625,1792.0,1797.4000244140625,-0.0026155187445510153,-0.021089069578919428,57.290000000000006,57.211666666666666,55.55555555555573,56.65
2021-09-17 00:00:00+00:00,56.0,56.65,1749.4000244140625,93.1999969482422,1352.64,71.97000122070312,0.08,57.2,57.25,57.3,1754.5999755859375,1804.699951171875,1789.5999755859375,-0.009615384615384692,-0.0029636106487113123,57.220000000000006,57.19166666666667,23.9999999999999,56.8
2021-09-20 00:00:00+00:00,56.15,56.8,1761.800048828125,93.23999786376952,1350.48,70.29000091552734,0.08,56.65,57.35,57.3,1749.4000244140625,1792.4000244140625,1792.0,0.0026478375992939895,0.0070881583634456735,57.165,57.188333333333325,26.923076923076707,57.1
2021-09-21 00:00:00+00:00,56.45,57.1,1776.0,93.1999969482422,1339.84,70.55999755859375,0.08,56.8,57.2,57.25,1761.800048828125,1754.5999755859375,1804.699951171875,0.00528169014084523,0.00805991076076995,57.14,57.19333333333334,40.62500000000006,57.15
2021-09-22 00:00:00+00:00,56.5,57.15,1776.699951171875,93.45999908447266,1350.68,72.2300033569336,0.08,57.1,56.65,57.35,1776.0,1749.4000244140625,1792.4000244140625,0.0008756567425569628,0.000394116650830556,57.135000000000005,57.20166666666667,42.42424242424239,57.35
2021-09-23 00:00:00+00:00,56.7,57.35,1747.699951171875,93.0999984741211,1352.76,73.30000305175781,0.08,57.15,56.8,57.2,1776.699951171875,1761.800048828125,1754.5999755859375,0.0034995625546807574,-0.01632239590082285,57.145,57.21000000000001,50.0,57.05
2021-09-24 00:00:00+00:00,56.4,57.05,1749.699951171875,93.33000183105467,1351.17,73.9800033569336,0.08,57.35,57.1,56.65,1747.699951171875,1776.0,1749.4000244140625,-0.005231037489102031,0.0011443611923540598,57.11999999999999,57.208333333333336,42.857142857142755,57.0
2021-09-27 00:00:00+00:00,56.35,57.0,1750.0,93.37999725341795,1324.99,75.44999694824219,0.08,57.05,57.15,56.8,1749.699951171875,1776.699951171875,1761.800048828125,-0.0008764241893075564,0.00017148587557769268,57.089999999999996,57.205000000000005,41.86046511627903,57.1
2021-09-28 00:00:00+00:00,56.45,57.1,1735.800048828125,93.7699966430664,1339.31,75.29000091552734,0.08,57.0,57.35,57.1,1750.0,1747.699951171875,1776.0,0.0017543859649122862,-0.00811425781249997,57.075,57.196666666666665,47.619047619047585,56.95
2021-09-29 00:00:00+00:00,56.35,56.95,1721.5,94.33999633789062,1339.21,74.83000183105469,0.08,57.1,57.05,57.15,1735.800048828125,1749.699951171875,1776.699951171875,-0.0026269702276707774,-0.008238304197409896,57.035000000000004,57.18333333333333,43.18181818181825,56.85
2021-09-30 00:00:00+00:00,56.25,56.85,1755.300048828125,94.25,1342.06,75.02999877929688,0.08,56.95,57.0,57.35,1721.5,1750.0,1747.699951171875,-0.0017559262510974394,0.019634068445033348,57.0,57.169999999999995,40.00000000000012,57.2
2021-10-01 00:00:00+00:00,56.6,57.2,1757.0,94.04000091552734,1334.89,75.87999725341797,0.08,56.85,57.1,57.05,1755.300048828125,1735.800048828125,1749.699951171875,0.006156552330694787,0.0009684675694106026,57.05499999999999,57.17166666666666,48.07692307692319,57.4
2021-10-04 00:00:00+00:00,56.7,57.4,1766.199951171875,93.80999755859376,1339.54,77.62000274658203,0.08,57.2,56.95,57.0,1757.0,1721.5,1750.0,0.0034965034965033226,0.0052361702742600436,57.114999999999995,57.181666666666665,52.7272727272727,57.45
2021-10-05 00:00:00+00:00,56.75,57.45,1759.5999755859375,93.9800033569336,1354.63,78.93000030517578,0.08,57.4,56.85,57.1,1766.199951171875,1755.300048828125,1735.800048828125,0.0008710801393729817,-0.003736822425772557,57.15,57.190000000000005,51.85185185185187,57.45
2021-10-06 00:00:00+00:00,56.75,57.45,1760.5,94.2699966430664,1362.82,77.43000030517578,0.08,57.45,57.2,56.95,1759.5999755859375,1757.0,1721.5,0.0,0.0005114937636678807,57.18000000000001,57.20000000000001,54.90196078431371,57.85
2021-10-07 00:00:00+00:00,57.15,57.85,1757.9000244140625,94.22000122070312,1365.99,78.30000305175781,0.08,57.45,57.4,56.85,1760.5,1766.199951171875,1755.300048828125,0.006962576153176636,-0.0014768392990273105,57.23,57.22833333333333,75.0,57.85
2021-10-08 00:00:00+00:00,57.15,57.85,1756.300048828125,94.06999969482422,1372.73,79.3499984741211,0.08,57.85,57.45,57.2,1757.9000244140625,1759.5999755859375,1757.0,0.0,-0.0009101630147998474,57.31,57.25333333333333,73.33333333333336,57.95
2021-10-11 00:00:00+00:00,57.25,57.95,1754.5999755859375,94.31999969482422,1394.09,80.5199966430664,0.08,57.85,57.45,57.4,1756.300048828125,1760.5,1766.199951171875,0.0017286084701815252,-0.0009679856487631033,57.40500000000001,57.275,70.73170731707316,58.05
2021-10-12 00:00:00+00:00,57.35,58.05,1758.300048828125,94.5199966430664,1394.8,80.63999938964844,0.08,57.95,57.85,57.45,1754.5999755859375,1757.9000244140625,1759.5999755859375,0.0017256255392579245,0.002108784505683081,57.5,57.29666666666666,71.42857142857137,58.05
2021-10-13 00:00:00+00:00,57.35,58.05,1793.699951171875,94.08000183105467,1391.91,80.44000244140625,0.08,58.05,57.85,57.45,1758.300048828125,1756.300048828125,1760.5,0.0,0.020133026992374514,57.61,57.31833333333334,68.42105263157885,58.0
2021-10-14 00:00:00+00:00,57.3,58.0,1796.699951171875,93.95999908447266,1391.85,81.30999755859375,0.08,58.05,57.95,57.85,1793.699951171875,1754.5999755859375,1757.9000244140625,-0.0008613264427217437,0.0016725205339054305,57.725,57.33833333333334,78.78787878787902,57.8
2021-10-15 00:00:00+00:00,57.1,57.8,1767.199951171875,93.94000244140624,1392.7,82.27999877929688,0.08,58.0,58.05,57.85,1796.699951171875,1758.300048828125,1756.300048828125,-0.0034482758620689724,-0.0164189908174478,57.785000000000004,57.35333333333334,72.22222222222217,57.8
2021-10-18 00:00:00+00:00,57.1,57.8,1764.800048828125,93.9499969482422,1395.53,82.44000244140625,0.08,57.8,58.05,57.95,1767.199951171875,1793.699951171875,1754.5999755859375,0.0,-0.0013580253565299572,57.825,57.36833333333333,70.58823529411757,58.0
2021-10-19 00:00:00+00:00,57.3,58.0,1769.699951171875,93.79000091552734,1395.33,82.95999908447266,0.08,57.8,58.0,58.05,1764.800048828125,1796.699951171875,1758.300048828125,0.0034602076124568004,0.002776463173266297,57.879999999999995,57.39,79.99999999999991,58.05
2021-10-20 00:00:00+00:00,57.35,58.05,1784.0999755859375,93.55999755859376,1393.8,83.87000274658203,0.08,58.0,57.8,58.05,1769.699951171875,1767.199951171875,1793.699951171875,0.0008620689655172153,0.00813698638830096,57.94,57.41833333333333,85.29411764705878,58.1
2021-10-21 00:00:00+00:00,57.4,58.1,1781.199951171875,93.7699966430664,1384.77,82.5,0.08,58.05,57.8,58.0,1784.0999755859375,1764.800048828125,1796.699951171875,0.0008613264427219658,-0.0016254831308486484,57.96500000000001,57.44666666666667,82.14285714285712,58.2
2021-10-22 00:00:00+00:00,57.5,58.2,1795.5,93.61000061035156,1389.24,83.76000213623047,0.08,58.1,58.0,57.8,1781.199951171875,1769.699951171875,1767.199951171875,0.001721170395869276,0.008028323164233742,58.0,57.47666666666667,80.76923076923083,58.25
2021-10-25 00:00:00+00:00,57.55,58.25,1806.0,93.80999755859376,1385.4,83.76000213623047,0.08,58.2,58.05,57.8,1795.5,1784.0999755859375,1764.800048828125,0.0008591065292096189,0.005847953216374213,58.029999999999994,57.50833333333333,80.76923076923073,58.6
2021-10-26 00:00:00+00:00,57.9,58.6,1792.699951171875,93.9499969482422,1391.63,84.6500015258789,0.08,58.25,58.1,58.0,1806.0,1781.199951171875,1769.699951171875,0.006008583690987113,-0.007364368121885345,58.085,57.553333333333335,84.84848484848483,58.7
2021-10-27 00:00:00+00:00,58.0,58.7,1797.9000244140625,93.86000061035156,1423.02,82.66000366210938,0.08,58.6,58.2,58.05,1792.699951171875,1795.5,1784.0999755859375,0.0017064846416381396,0.0029006935816493495,58.15,57.598333333333336,81.4814814814815,58.5
2021-10-28 00:00:00+00:00,57.8,58.5,1801.5999755859373,93.3499984741211,1438.01,82.80999755859375,0.08,58.7,58.25,58.1,1797.9000244140625,1806.0,1781.199951171875,-0.0034071550255536653,0.002057929318445062,58.2,57.641666666666666,70.96774193548376,58.5
2021-10-29 00:00:00+00:00,57.8,58.5,1783.0,94.12000274658205,1444.27,83.56999969482422,0.08,58.5,58.6,58.2,1801.5999755859373,1792.699951171875,1795.5,0.0,-0.01032414289408945,58.27,57.70333333333334,68.96551724137917,58.3
2021-11-01 00:00:00+00:00,57.6,58.3,1795.0999755859375,93.87999725341795,1438.97,84.05000305175781,0.08,58.5,58.7,58.25,1783.0,1797.9000244140625,1806.0,-0.0034188034188035177,0.0067863015064146825,58.32000000000001,57.75333333333334,58.0645161290322,58.55
2021-11-02 00:00:00+00:00,57.85,58.55,1788.699951171875,94.08999633789062,1452.46,83.91000366210938,0.08,58.3,58.5,58.6,1795.0999755859375,1801.5999755859373,1792.699951171875,0.004288164665523064,-0.0035652746371263033,58.375,57.80166666666666,63.8888888888888,58.6
2021-11-03 00:00:00+00:00,57.9,58.6,1763.5999755859375,93.86000061035156,1444.3,80.86000061035156,0.08,58.55,58.5,58.7,1788.699951171875,1783.0,1797.9000244140625,0.000853970964987294,-0.014032524331145213,58.42999999999999,57.85,66.66666666666654,58.5
2021-11-04 00:00:00+00:00,57.8,58.5,1793.0,94.3499984741211,1448.34,78.80999755859375,0.08,58.6,58.3,58.5,1763.5999755859375,1795.0999755859375,1801.5999755859373,-0.0017064846416382506,0.0166704608874213,58.470000000000006,57.88833333333333,70.58823529411752,58.75
2021-11-05 00:00:00+00:00,58.05,58.75,1816.4000244140625,94.31999969482422,1456.51,81.2699966430664,0.08,58.5,58.55,58.5,1793.0,1788.699951171875,1783.0,0.004273504273504258,0.013050766544373982,58.525,57.945,74.35897435897422,59.0
2021-11-08 00:00:00+00:00,58.3,59.0,1827.4000244140625,94.0500030517578,1467.57,81.93000030517578,0.08,58.75,58.6,58.3,1816.4000244140625,1763.5999755859375,1795.0999755859375,0.004255319148936065,0.006055934734722435,58.6,58.01166666666666,74.99999999999983,59.3
2021-11-09 00:00:00+00:00,58.6,59.3,1830.199951171875,93.95999908447266,1461.5,84.1500015258789,0.08,59.0,58.5,58.55,1827.4000244140625,1793.0,1788.699951171875,0.005084745762711895,0.001532191485392076,58.67,58.08500000000001,77.7777777777776,59.4
2021-11-10 00:00:00+00:00,58.7,59.4,1847.5999755859373,94.8499984741211,1465.02,81.33999633789062,0.08,59.3,58.75,58.6,1830.199951171875,1816.4000244140625,1763.5999755859375,0.001686340640809414,0.009507171280887183,58.739999999999995,58.166666666666664,78.26086956521719,60.0
2021-11-11 00:00:00+00:00,59.3,60.0,1863.199951171875,95.18000030517578,1462.35,81.58999633789062,0.08,59.4,59.0,58.5,1847.5999755859373,1827.4000244140625,1793.0,0.010101010101010166,0.008443372911926206,58.89,58.27166666666667,82.14285714285697,60.7
2021-11-12 00:00:00+00:00,60.0,60.7,1867.9000244140625,95.12999725341795,1473.37,80.79000091552734,0.08,60.0,59.3,58.75,1863.199951171875,1830.199951171875,1816.4000244140625,0.011666666666666714,0.002522581239459143,59.10999999999999,58.388333333333335,85.50724637681147,60.8
2021-11-15 00:00:00+00:00,60.1,60.8,1866.0999755859373,95.41000366210938,1476.57,80.87999725341797,0.08,60.7,59.4,59.0,1867.9000244140625,1847.5999755859373,1827.4000244140625,0.0016474464579900872,-0.0009636751456705284,59.36,58.501666666666665,84.37499999999983,61.8
2021-11-16 00:00:00+00:00,61.1,61.8,1853.5999755859373,95.91999816894533,1466.45,80.76000213623047,0.08,60.8,60.0,59.3,1866.0999755859373,1863.199951171875,1830.199951171875,0.016447368421052655,-0.006698462120752757,59.685,58.64666666666666,87.80487804878034,61.8
2021-11-17 00:00:00+00:00,61.1,61.8,1869.699951171875,95.83000183105467,1475.85,78.36000061035156,0.08,61.8,60.7,59.4,1853.5999755859373,1867.9000244140625,1847.5999755859373,0.0,0.008685787547471513,60.004999999999995,58.79166666666666,92.30769230769221,61.75
2021-11-18 00:00:00+00:00,61.0,61.75,1861.0,95.54000091552734,1469.83,79.01000213623047,0.08,61.8,60.8,60.0,1869.699951171875,1866.0999755859373,1863.199951171875,-0.0008090614886731018,-0.004653126918264139,60.33,58.92166666666666,91.13924050632909,60.8
2021-11-19 00:00:00+00:00,60.1,60.8,1851.199951171875,96.06999969482422,1452.35,76.0999984741211,0.08,61.75,61.8,60.7,1861.0,1853.5999755859373,1867.9000244140625,-0.015384615384615441,-0.005266012266590514,60.535000000000004,59.02,76.59574468085106,60.0
2021-11-22 00:00:00+00:00,59.3,60.0,1806.0,96.5,1447.25,76.75,0.08,60.8,61.8,60.8,1851.199951171875,1869.699951171875,1866.0999755859373,-0.013157894736842035,-0.024416568908864678,60.635000000000005,59.08833333333334,63.80952380952384,60.05
2021-11-23 00:00:00+00:00,59.25,60.05,1783.5,96.48999786376952,1463.63,78.5,0.08,60.0,61.75,61.8,1806.0,1861.0,1853.5999755859373,0.0008333333333332416,-0.012458471760797396,60.709999999999994,59.155,63.80952380952379,60.1
2021-11-24 00:00:00+00:00,59.4,60.1,1784.0999755859375,96.83999633789062,1488.87,78.38999938964844,0.08,60.05,60.8,61.8,1783.5,1851.199951171875,1869.699951171875,0.0008326394671107629,0.0003364034684258943,60.779999999999994,59.22333333333333,65.38461538461542,60.15
2021-11-25 00:00:00+00:00,59.45,60.15,1784.0999755859375,96.83999633789062,1500.81,78.38999938964844,0.08,60.1,60.0,61.75,1784.0999755859375,1806.0,1861.0,0.0008319467554076532,0.0,60.794999999999995,59.294999999999995,64.0,61.05
2021-11-26 00:00:00+00:00,60.25,61.05,1785.300048828125,96.08999633789062,1493.03,68.1500015258789,0.08,60.15,60.05,60.8,1784.0999755859375,1783.5,1851.199951171875,0.014962593516209433,0.000672649099607403,60.830000000000005,59.40333333333333,68.14159292035399,60.65
2021-11-29 00:00:00+00:00,59.95,60.65,1782.300048828125,96.33999633789062,1484.84,69.94999694824219,0.08,61.05,60.1,60.0,1785.300048828125,1784.0999755859375,1806.0,-0.006552006552006495,-0.0016803898044864818,60.815,59.498333333333335,61.739130434782645,60.7
2021-11-30 00:00:00+00:00,60.0,60.7,1773.5999755859375,95.98999786376952,1478.44,66.18000030517578,0.08,60.65,60.15,60.05,1782.300048828125,1784.0999755859375,1783.5,0.0008244023083265883,-0.004881374069370614,60.705,59.58833333333333,61.40350877192987,60.65
2021-12-01 00:00:00+00:00,59.95,60.65,1781.5999755859375,96.0500030517578,1485.19,65.56999969482422,0.08,60.7,61.05,60.1,1773.5999755859375,1785.300048828125,1784.0999755859375,-0.0008237232289951546,0.004510599971877527,60.59000000000001,59.675,56.310679611650464,60.7
2021-12-02 00:00:00+00:00,60.0,60.7,1760.699951171875,96.12999725341795,1482.05,66.5,0.08,60.65,60.65,60.15,1781.5999755859375,1782.300048828125,1784.0999755859375,0.0008244023083265883,-0.011731042153381721,60.485,59.76166666666667,50.0,60.85
2021-12-03 00:00:00+00:00,60.15,60.85,1782.0,96.12000274658205,1443.32,66.26000213623047,0.08,60.7,60.7,61.05,1760.699951171875,1773.5999755859375,1785.300048828125,0.0024711696869852418,0.01209748930472121,60.489999999999995,59.85,50.54945054945059,61.5
2021-12-06 00:00:00+00:00,60.8,61.5,1777.5,96.29000091552734,1413.58,69.48999786376953,0.08,60.85,60.65,60.65,1782.0,1781.5999755859375,1782.300048828125,0.010682004930156141,-0.002525252525252486,60.64,59.958333333333336,46.42857142857146,61.35
2021-12-07 00:00:00+00:00,60.65,61.35,1782.5999755859375,96.37000274658205,1446.77,72.05000305175781,0.08,61.5,60.7,60.7,1777.5,1760.699951171875,1773.5999755859375,-0.0024390243902439046,0.002869184577179995,60.77,60.05,44.827586206896605,61.1
2021-12-08 00:00:00+00:00,60.4,61.1,1783.4000244140625,95.88999938964844,1452.87,72.36000061035156,0.08,61.35,60.85,60.65,1782.5999755859375,1782.0,1781.5999755859375,-0.004074979625101838,0.00044881007465624734,60.870000000000005,60.129999999999995,42.857142857142875,61.25
2021-12-09 00:00:00+00:00,60.55,61.25,1774.5999755859375,96.2699966430664,1467.98,70.94000244140625,0.08,61.1,61.5,60.7,1783.4000244140625,1777.5,1760.699951171875,0.002454991816693841,-0.004934422287571905,60.980000000000004,60.221666666666664,56.000000000000036,61.25
2021-12-10 00:00:00+00:00,60.55,61.25,1782.9000244140625,96.0500030517578,1463.54,71.66999816894531,0.08,61.25,61.35,60.85,1774.5999755859375,1782.5999755859375,1782.0,0.0,0.004677137914072427,61.0,60.313333333333325,71.18644067796608,61.55
2021-12-13 00:00:00+00:00,60.85,61.55,1786.300048828125,96.31999969482422,1476.21,71.29000091552734,0.08,61.25,61.1,61.5,1782.9000244140625,1783.4000244140625,1777.5,0.004897959183673528,0.0019070191079164633,61.089999999999996,60.42166666666666,73.43749999999997,61.6
2021-12-14 00:00:00+00:00,60.9,61.6,1770.4000244140625,96.56999969482422,1476.02,70.7300033569336,0.08,61.55,61.25,61.35,1786.300048828125,1774.5999755859375,1782.5999755859375,0.0008123476848092004,-0.008901093869696508,61.18000000000001,60.52333333333333,73.43749999999997,61.4
2021-12-15 00:00:00+00:00,60.7,61.4,1762.5999755859375,96.51000213623048,1475.5,70.87000274658203,0.08,61.6,61.25,61.1,1770.4000244140625,1782.9000244140625,1783.4000244140625,-0.0032467532467532756,-0.004405811523136682,61.254999999999995,60.61666666666667,68.6567164179104,61.55
2021-12-16 00:00:00+00:00,60.85,61.55,1796.5999755859375,96.04000091552734,1476.61,72.37999725341797,0.08,61.4,61.55,61.25,1762.5999755859375,1786.300048828125,1774.5999755859375,0.0024429967426709,0.01928968595877656,61.339999999999996,60.718333333333334,59.615384615384585,61.75
2021-12-17 00:00:00+00:00,61.05,61.75,1803.800048828125,96.56999969482422,1479.79,70.86000061035156,0.08,61.55,61.6,61.25,1796.5999755859375,1770.4000244140625,1782.9000244140625,0.0032493907392363575,0.004007610675737183,61.42999999999999,60.818333333333335,72.91666666666657,61.7
2021-12-20 00:00:00+00:00,61.0,61.7,1793.699951171875,96.5500030517578,1477.33,68.2300033569336,0.08,61.75,61.4,61.55,1803.800048828125,1762.5999755859375,1786.300048828125,-0.0008097165991902688,-0.005599344374567328,61.45,60.90833333333333,70.83333333333329,61.55
2021-12-21 00:00:00+00:00,60.85,61.55,1787.9000244140625,96.48999786376952,1478.74,71.12000274658203,0.08,61.7,61.55,61.6,1793.699951171875,1796.5999755859375,1770.4000244140625,-0.002431118314424774,-0.0032334988658628827,61.46999999999999,60.98333333333333,67.99999999999991,61.55
2021-12-22 00:00:00+00:00,60.85,61.55,1801.5999755859373,96.08000183105467,1477.67,72.76000213623047,0.08,61.55,61.75,61.4,1787.9000244140625,1803.800048828125,1762.5999755859375,0.0,0.0076625935369984965,61.515,61.055,67.34693877551007,61.6
2021-12-23 00:00:00+00:00,60.9,61.6,1811.199951171875,96.0199966430664,1456.96,73.79000091552734,0.08,61.55,61.7,61.55,1801.5999755859373,1793.699951171875,1796.5999755859375,0.0008123476848092004,0.005328583323728875,61.55,61.108333333333334,65.95744680851058,61.55
2021-12-24 00:00:00+00:00,60.85,61.55,1811.199951171875,96.0199966430664,1477.03,73.79000091552734,0.08,61.6,61.55,61.75,1811.199951171875,1787.9000244140625,1803.800048828125,-0.0008116883116884299,0.0,61.58,61.13666666666666,51.42857142857134,61.55
2021-12-27 00:00:00+00:00,60.85,61.55,1808.0999755859373,96.08999633789062,1488.88,75.56999969482422,0.08,61.55,61.55,61.7,1811.199951171875,1801.5999755859373,1793.699951171875,0.0,-0.0017115590048089047,61.58,61.16166666666666,56.24999999999981,61.5
2021-12-28 00:00:00+00:00,60.8,61.5,1810.199951171875,96.1999969482422,1494.39,75.9800033569336,0.08,61.55,61.6,61.55,1808.0999755859373,1811.199951171875,1787.9000244140625,-0.0008123476848090894,0.0011614266989066202,61.56999999999999,61.151666666666664,64.2857142857141,61.3
2021-12-29 00:00:00+00:00,60.6,61.3,1805.0999755859373,95.93000030517578,1485.82,76.55999755859375,0.08,61.5,61.55,61.55,1810.199951171875,1811.199951171875,1801.5999755859373,-0.003252032520325243,-0.0028173548356557054,61.56,61.135000000000005,51.72413793103437,61.3
2021-12-30 00:00:00+00:00,60.6,61.3,1812.699951171875,95.97000122070312,1485.97,76.98999786376953,0.08,61.3,61.55,61.6,1805.0999755859373,1808.0999755859373,1811.199951171875,0.0,0.004210279590453503,61.535000000000004,61.120000000000005,51.72413793103437,61.65
2021-12-31 00:00:00+00:00,60.95,61.65,1827.5,95.66999816894533,1498.28,75.20999908447266,0.08,61.3,61.5,61.55,1812.699951171875,1810.199951171875,1811.199951171875,0.005709624796084833,0.008164643474810607,61.525,61.148333333333326,53.33333333333333,61.65
2022-01-01 00:00:00+00:00,60.95,61.65,1827.5,95.66999816894533,1498.28,75.20999908447266,0.08,61.65,61.3,61.55,1827.5,1805.0999755859373,1808.0999755859373,0.0,0.0,61.519999999999996,61.20333333333333,51.72413793103437,61.6
2022-01-03 00:00:00+00:00,60.85,61.6,1799.4000244140625,96.23999786376952,1498.28,76.08000183105469,0.08,61.65,61.3,61.5,1827.5,1812.699951171875,1810.199951171875,-0.0008110300081102251,-0.015376183631156004,61.525,61.254999999999995,57.692307692307736,61.6
2022-01-04 00:00:00+00:00,60.9,61.6,1814.0,96.29000091552734,1525.58,76.98999786376953,0.08,61.6,61.65,61.3,1799.4000244140625,1827.5,1805.0999755859373,0.0,0.008113802038371976,61.529999999999994,61.305,52.17391304347842,61.7
2022-01-05 00:00:00+00:00,61.0,61.7,1824.5999755859373,96.19000244140624,1522.5,77.8499984741211,0.08,61.6,61.65,61.3,1814.0,1827.5,1812.699951171875,0.0016233766233766378,0.0058434264531077584,61.54,61.35666666666667,47.61904761904778,61.45
2022-01-06 00:00:00+00:00,60.75,61.45,1788.699951171875,96.25,1528.57,79.45999908447266,0.08,61.7,61.6,61.65,1824.5999755859373,1799.4000244140625,1827.5,-0.004051863857374438,-0.01967555896877271,61.529999999999994,61.37,40.00000000000011,61.6
2022-01-07 00:00:00+00:00,60.9,61.6,1797.0,95.73999786376952,1528.48,78.9000015258789,0.08,61.45,61.6,61.65,1788.699951171875,1814.0,1827.5,0.0024410089503661414,0.004640268940963033,61.535000000000004,61.401666666666664,52.000000000000156,61.5
2022-01-10 00:00:00+00:00,60.9,61.5,1798.4000244140625,95.98999786376952,1503.71,78.2300033569336,0.08,61.6,61.7,61.6,1797.0,1824.5999755859373,1799.4000244140625,-0.0016233766233766378,0.0007790898241861743,61.535000000000004,61.428333333333335,48.14814814814826,61.65
2022-01-11 00:00:00+00:00,61.0,61.65,1818.5999755859373,95.62000274658205,1492.31,81.22000122070312,0.08,61.5,61.45,61.6,1798.4000244140625,1788.699951171875,1814.0,0.0024390243902439046,0.011232179102341977,61.56999999999999,61.461666666666666,51.72413793103437,61.6
2022-01-12 00:00:00+00:00,60.95,61.6,1827.199951171875,95.0,1510.51,82.63999938964844,0.08,61.65,61.6,61.7,1818.5999755859373,1797.0,1824.5999755859373,-0.0008110300081102251,0.004728898988996644,61.6,61.49166666666667,51.72413793103463,61.7
2022-01-13 00:00:00+00:00,61.05,61.7,1821.199951171875,94.79000091552734,1496.05,82.12000274658203,0.08,61.6,61.5,61.45,1827.199951171875,1798.4000244140625,1788.699951171875,0.0016233766233766378,-0.003283712872338862,61.605000000000004,61.52,54.838709677419544,61.7
2022-01-14 00:00:00+00:00,61.05,61.7,1816.5,95.16999816894533,1496.02,83.81999969482422,0.08,61.7,61.65,61.6,1821.199951171875,1818.5999755859373,1797.0,0.0,-0.0025806892696492723,61.61,61.526666666666664,56.666666666666764,61.7
2022-01-17 00:00:00+00:00,61.1,61.7,1816.5,95.16999816894533,1452.84,83.81999969482422,0.08,61.7,61.6,61.5,1816.5,1827.199951171875,1798.4000244140625,0.0,0.0,61.620000000000005,61.53833333333333,65.38461538461564,61.7
2022-01-18 00:00:00+00:00,61.1,61.7,1812.300048828125,95.7300033569336,1438.94,85.43000030517578,0.08,61.7,61.7,61.65,1816.5,1821.199951171875,1818.5999755859373,0.0,-0.0023121118479906277,61.63000000000001,61.55833333333333,65.38461538461564,61.75
2022-01-19 00:00:00+00:00,61.15,61.75,1843.0999755859373,95.51000213623048,1442.79,86.95999908447266,0.08,61.7,61.7,61.6,1812.300048828125,1816.5,1827.199951171875,0.0008103727714747766,0.016994937884445838,61.635000000000005,61.575,55.00000000000011,61.7
2022-01-20 00:00:00+00:00,61.1,61.7,1842.5,95.73999786376952,1465.3,86.9000015258789,0.08,61.75,61.7,61.7,1843.0999755859373,1816.5,1821.199951171875,-0.0008097165991902688,-0.0003255252530436348,61.660000000000004,61.59,52.380952380952614,61.75
2022-01-21 00:00:00+00:00,61.15,61.75,1831.800048828125,95.63999938964844,1472.89,85.13999938964844,0.08,61.7,61.7,61.7,1842.5,1812.300048828125,1816.5,0.0008103727714747766,-0.005807300500339174,61.675,61.59666666666667,57.14285714285714,62.1
2022-01-24 00:00:00+00:00,61.5,62.1,1841.699951171875,95.91999816894533,1439.71,83.30999755859375,0.08,61.75,61.75,61.7,1831.800048828125,1843.0999755859373,1816.5,0.005668016194332104,0.005404466688426757,61.735,61.61333333333333,67.85714285714296,62.55
2022-01-25 00:00:00+00:00,61.9,62.55,1852.699951171875,95.9499969482422,1479.58,85.5999984741211,0.08,62.1,61.7,61.7,1841.699951171875,1842.5,1812.300048828125,0.007246376811594235,0.005972742733147518,61.825,61.651666666666664,74.28571428571432,62.45
2022-01-26 00:00:00+00:00,61.8,62.45,1829.9000244140625,96.48999786376952,1481.58,87.3499984741211,0.08,62.55,61.75,61.75,1852.699951171875,1831.800048828125,1843.0999755859373,-0.0015987210231813709,-0.012306324477091457,61.910000000000004,61.681666666666665,81.2500000000004,62.55
2022-01-27 00:00:00+00:00,61.95,62.55,1793.300048828125,97.26000213623048,1470.76,86.61000061035156,0.08,62.45,62.1,61.7,1829.9000244140625,1841.699951171875,1842.5,0.0016012810248198228,-0.020001079347303108,61.99499999999999,61.708333333333336,80.64516129032292,62.5
2022-01-28 00:00:00+00:00,61.8,62.5,1784.9000244140625,97.2699966430664,1478.96,86.81999969482422,0.08,62.55,62.55,61.75,1793.300048828125,1852.699951171875,1831.800048828125,-0.0007993605115906854,-0.004684115421483281,62.075,61.735,83.33333333333397,62.5
2022-01-31 00:00:00+00:00,61.8,62.5,1795.0,96.54000091552734,1478.96,88.1500015258789,0.08,62.5,62.45,62.1,1784.9000244140625,1829.9000244140625,1841.699951171875,0.0,0.005658566557111833,62.154999999999994,61.766666666666666,81.48148148148216,62.5
2022-02-01 00:00:00+00:00,61.8,62.5,1800.300048828125,96.38999938964844,1478.96,88.19999694824219,0.08,62.5,62.55,62.55,1795.0,1793.300048828125,1852.699951171875,0.0,0.0029526734418523493,62.23499999999999,61.798333333333325,84.61538461538521,62.5
2022-02-02 00:00:00+00:00,61.8,62.5,1809.199951171875,95.94000244140624,1478.96,88.26000213623047,0.08,62.5,62.5,62.45,1800.300048828125,1784.9000244140625,1829.9000244140625,0.0,0.004943566129181232,62.30999999999999,61.82833333333333,83.33333333333393,62.5
2022-02-03 00:00:00+00:00,61.8,62.5,1803.0,95.37999725341795,1478.96,90.2699966430664,0.08,62.5,62.5,62.55,1809.199951171875,1795.0,1793.300048828125,0.0,-0.0034269021330998184,62.39,61.86,83.33333333333393,62.5
2022-02-04 00:00:00+00:00,61.8,62.5,1806.5999755859373,95.4800033569336,1478.96,92.30999755859376,0.08,62.5,62.5,62.5,1803.0,1800.300048828125,1784.9000244140625,0.0,0.001996658672178242,62.464999999999996,61.891666666666666,83.33333333333393,63.45
2022-02-07 00:00:00+00:00,62.8,63.45,1820.5999755859373,95.4000015258789,1497.66,91.31999969482422,0.08,62.5,62.5,62.5,1806.5999755859373,1809.199951171875,1795.0,0.015200000000000102,0.007749363549869104,62.6,61.95666666666667,90.69767441860509,62.5
2022-02-08 00:00:00+00:00,61.8,62.5,1826.5999755859373,95.63999938964844,1500.99,89.36000061035156,0.08,63.45,62.5,62.5,1820.5999755859373,1803.0,1800.300048828125,-0.014972419227738398,0.003295616873810525,62.595000000000006,61.99666666666666,62.29508196721318,62.15
2022-02-09 00:00:00+00:00,61.35,62.15,1835.199951171875,95.48999786376952,1505.38,89.66000366210938,0.08,62.5,62.5,62.5,1826.5999755859373,1806.5999755859373,1809.199951171875,-0.005600000000000049,0.004708187726313318,62.565,62.025,56.71641791044772,62.2
2022-02-10 00:00:00+00:00,61.2,62.2,1836.199951171875,95.5500030517578,1506.79,89.87999725341797,0.08,62.15,63.45,62.5,1835.199951171875,1820.5999755859373,1803.0,0.0008045052292839916,0.0005448997529460264,62.53000000000001,62.04333333333334,56.71641791044782,62.35
2022-02-11 00:00:00+00:00,61.65,62.35,1840.800048828125,96.08000183105467,1501.71,93.0999984741211,0.08,62.2,62.5,62.5,1836.199951171875,1826.5999755859373,1806.5999755859373,0.002411575562700996,0.0025052269788561343,62.51500000000001,62.06666666666667,53.96825396825397,62.95
2022-02-14 00:00:00+00:00,62.25,62.95,1868.0,96.37000274658205,1471.96,95.45999908447266,0.08,62.35,62.15,63.45,1840.800048828125,1835.199951171875,1820.5999755859373,0.009623095429029727,0.014776157350273156,62.56,62.11166666666667,56.060606060606155,62.95
2022-02-15 00:00:00+00:00,62.25,62.95,1854.800048828125,95.98999786376952,1492.75,92.06999969482422,0.08,62.95,62.2,62.5,1868.0,1836.199951171875,1826.5999755859373,0.0,-0.007066355017063652,62.605000000000004,62.156666666666666,57.8125,62.9
2022-02-16 00:00:00+00:00,62.2,62.9,1870.199951171875,95.6999969482422,1492.1,93.66000366210938,0.08,62.95,62.35,62.15,1854.800048828125,1840.800048828125,1835.199951171875,-0.00079428117553626,0.008302729101975048,62.645,62.196666666666665,55.55555555555556,63.15
2022-02-17 00:00:00+00:00,62.55,63.15,1900.699951171875,95.8000030517578,1507.99,91.76000213623048,0.08,62.9,62.95,62.2,1870.199951171875,1868.0,1836.199951171875,0.003974562798092274,0.016308416637958123,62.71,62.25333333333334,59.701492537313364,63.2
2022-02-18 00:00:00+00:00,62.55,63.2,1898.5999755859373,96.04000091552734,1504.84,91.06999969482422,0.08,63.15,62.95,62.35,1900.699951171875,1854.800048828125,1840.800048828125,0.0007917656373714888,-0.0011048432892540871,62.78000000000001,62.306666666666665,60.294117647058805,63.4
2022-02-21 00:00:00+00:00,62.8,63.4,1898.5999755859373,96.04000091552734,1510.84,91.06999969482422,0.08,63.2,62.9,62.95,1898.5999755859373,1870.199951171875,1868.0,0.0031645569620253333,0.0,62.775,62.37,62.49999999999993,63.6
2022-02-22 00:00:00+00:00,63.0,63.6,1906.0999755859373,96.02999877929688,1503.47,92.3499984741211,0.08,63.4,63.15,62.95,1898.5999755859373,1900.699951171875,1854.800048828125,0.003154574132492094,0.003950279203856821,62.885000000000005,62.43500000000001,64.47368421052626,63.9
2022-02-23 00:00:00+00:00,63.3,63.9,1909.199951171875,96.19000244140624,1512.3,92.0999984741211,0.08,63.6,63.2,62.9,1906.0999755859373,1898.5999755859373,1870.199951171875,0.004716981132075526,0.0016263446963136197,63.06,62.51166666666666,67.07317073170722,65.65
2022-02-24 00:00:00+00:00,64.95,65.65,1925.0999755859373,97.13999938964844,1494.85,92.80999755859376,0.08,63.9,63.4,63.15,1909.199951171875,1898.5999755859373,1900.699951171875,0.027386541471048576,0.008328108537978274,63.404999999999994,62.64333333333333,76.92307692307688,65.8
2022-02-25 00:00:00+00:00,64.8,65.8,1886.5,96.62000274658205,1498.89,91.58999633789062,0.08,65.65,63.6,63.2,1925.0999755859373,1906.0999755859373,1898.5999755859373,0.0022848438690021844,-0.020050894018732057,63.75,62.78,73.26732673267315,65.95
2022-02-28 00:00:00+00:00,65.15,65.95,1899.4000244140625,96.70999908447266,1490.13,95.72000122070312,0.08,65.8,63.9,63.4,1886.5,1909.199951171875,1898.5999755859373,0.0022796352583587254,0.006838072840743337,64.05,62.92166666666667,90.58823529411754,66.4
2022-03-01 00:00:00+00:00,65.65,66.4,1942.4000244140625,97.41000366210938,1498.78,103.41000366210938,0.2,65.95,65.65,63.6,1899.4000244140625,1925.0999755859373,1906.0999755859373,0.006823351023502733,0.022638727728386154,64.39500000000001,63.07833333333334,98.85057471264358,67.4
2022-03-02 00:00:00+00:00,66.6,67.4,1920.9000244140625,97.38999938964844,1485.52,110.5999984741211,0.2,66.4,65.8,63.9,1942.4000244140625,1886.5,1909.199951171875,0.015060240963855387,-0.011068780750497331,64.845,63.266666666666666,99.05660377358483,67.35
2022-03-03 00:00:00+00:00,66.6,67.35,1934.4000244140625,97.79000091552734,1505.0,107.66999816894533,0.2,67.4,65.95,65.65,1920.9000244140625,1899.4000244140625,1925.0999755859373,-0.0007418397626114404,0.007027955556467846,65.26500000000001,63.455000000000005,98.07692307692278,67.7
2022-03-04 00:00:00+00:00,66.95,67.7,1965.0999755859373,98.6500015258789,1505.33,113.71910202026368,0.2,67.35,66.4,65.8,1934.4000244140625,1942.4000244140625,1886.5,0.0051967334818114885,0.015870528734703626,65.715,63.65333333333333,97.97979797979768,73.5
2022-03-07 00:00:00+00:00,71.7,73.5,1993.9000244140625,99.29000091552734,1499.05,113.71910202026368,0.2,67.7,67.4,65.95,1965.0999755859373,1920.9000244140625,1899.4000244140625,0.08567208271787297,0.014655767740029635,66.725,64.03333333333333,99.06976744186032,72.0
2022-03-08 00:00:00+00:00,70.2,72.0,2040.0999755859373,99.05999755859376,1473.71,113.71910202026368,0.2,73.5,67.35,66.4,1993.9000244140625,1934.4000244140625,1942.4000244140625,-0.020408163265306145,0.023170645772699228,67.565,64.34833333333333,87.29508196721305,70.2
2022-03-09 00:00:00+00:00,68.4,70.2,1985.9000244140625,97.97000122070312,1473.74,108.6999969482422,0.2,72.0,67.7,67.4,2040.0999755859373,1965.0999755859373,1920.9000244140625,-0.02499999999999991,-0.026567301514872077,68.19500000000001,64.60666666666667,75.63636363636361,69.6
2022-03-10 00:00:00+00:00,67.8,69.6,1998.0999755859373,98.51000213623048,1479.08,106.0199966430664,0.2,70.2,73.5,67.35,1985.9000244140625,1993.9000244140625,1934.4000244140625,-0.008547008547008628,0.0061432856749545905,68.59,64.84166666666667,72.37762237762232,70.2
2022-03-11 00:00:00+00:00,68.4,70.2,1982.699951171875,99.12000274658205,1466.54,109.33000183105467,0.2,69.6,72.0,67.7,1998.0999755859373,2040.0999755859373,1965.0999755859373,0.008620689655172598,-0.007707334268670096,69.03,65.09833333333333,73.12925170068023,69.0
2022-03-14 00:00:00+00:00,67.3,69.0,1959.5999755859373,99.05999755859376,1446.25,103.01000213623048,0.2,70.2,70.2,73.5,1982.699951171875,1985.9000244140625,1993.9000244140625,-0.017094017094017144,-0.011650767213810864,69.33500000000001,65.315,67.19745222929932,68.7
2022-03-15 00:00:00+00:00,67.4,68.7,1928.5,99.06999969482422,1452.74,96.44000244140624,0.2,69.0,69.6,72.0,1959.5999755859373,1998.0999755859373,2040.0999755859373,-0.004347826086956497,-0.015870573572873248,69.565,65.52166666666668,65.28662420382165,68.2
2022-03-16 00:00:00+00:00,67.0,68.2,1908.0,98.37999725341795,1459.33,95.04000091552734,0.2,68.7,70.2,70.2,1928.5,1982.699951171875,1985.9000244140625,-0.00727802037845704,-0.010630023334197602,69.64500000000001,65.71166666666667,58.82352941176468,68.7
2022-03-17 00:00:00+00:00,67.7,68.7,1942.0999755859373,98.01000213623048,1461.34,102.9800033569336,0.2,68.2,69.0,69.6,1908.0,1959.5999755859373,1998.0999755859373,0.007331378299120228,0.01787210460478894,69.78,65.91833333333334,59.79729729729729,69.1
2022-03-18 00:00:00+00:00,68.1,69.1,1928.199951171875,98.2300033569336,1469.1,104.6999969482422,0.2,68.7,68.7,70.2,1942.0999755859373,1928.5,1982.699951171875,0.005822416302765587,-0.007157213628957826,69.92,66.13833333333334,60.465116279069726,68.7
2022-03-21 00:00:00+00:00,67.7,68.7,1928.5999755859373,98.5,1494.95,112.12000274658205,0.2,69.1,68.2,69.0,1928.199951171875,1908.0,1959.5999755859373,-0.005788712011577268,0.0002074600270678406,69.44000000000001,66.31333333333333,57.66666666666665,68.75
2022-03-22 00:00:00+00:00,67.85,68.75,1920.699951171875,98.48999786376952,1503.78,111.76000213623048,0.2,68.7,68.7,68.7,1928.5999755859373,1942.0999755859373,1928.5,0.0007278020378456151,-0.004096248322134399,69.11500000000001,66.52166666666668,54.804270462633426,68.8
2022-03-23 00:00:00+00:00,68.1,68.8,1936.5999755859373,98.62000274658205,1502.34,113.71910202026368,0.2,68.75,69.1,68.2,1920.699951171875,1928.199951171875,1908.0,0.0007272727272726875,0.00827824481609496,68.975,66.74333333333333,55.16014234875447,68.9
2022-03-24 00:00:00+00:00,68.2,68.9,1961.5999755859373,98.79000091552734,1498.26,112.33999633789062,0.2,68.8,68.7,68.7,1936.5999755859373,1928.5999755859373,1942.0999755859373,0.0014534883720931369,0.012909222511187979,68.905,66.96666666666667,54.34782608695652,69.25
2022-03-25 00:00:00+00:00,68.55,69.25,1953.800048828125,98.80999755859376,1498.5,113.71910202026368,0.2,68.9,68.75,69.1,1961.5999755859373,1920.699951171875,1928.199951171875,0.005079825834542806,-0.003976308551636443,68.81,67.19666666666667,24.550898203592794,69.3
2022-03-28 00:00:00+00:00,68.6,69.3,1939.5999755859373,99.08999633789062,1483.18,105.95999908447266,0.2,69.25,68.8,68.7,1953.800048828125,1936.5999755859373,1928.5999755859373,0.0007220216606498298,-0.007267925523241181,68.84,67.40833333333333,30.434782608695613,69.1
2022-03-29 00:00:00+00:00,68.4,69.1,1912.0,98.4000015258789,1497.76,104.23999786376952,0.2,69.3,68.9,68.75,1939.5999755859373,1961.5999755859373,1920.699951171875,-0.0028860028860029363,-0.014229725682276095,68.88,67.61333333333333,39.62264150943388,68.7
2022-03-30 00:00:00+00:00,68.0,68.7,1933.5,97.79000091552734,1490.51,107.81999969482422,0.2,69.1,69.25,68.8,1912.0,1953.800048828125,1936.5999755859373,-0.005788712011577268,0.01124476987447709,68.92999999999999,67.80666666666667,41.17647058823535,68.85
2022-03-31 00:00:00+00:00,68.15,68.85,1949.199951171875,98.30999755859376,1492.15,100.27999877929688,0.2,68.7,69.3,68.9,1933.5,1939.5999755859373,1961.5999755859373,0.0021834061135370675,0.008119964402314439,68.94500000000001,67.99666666666667,35.48387096774172,69.1
2022-04-01 00:00:00+00:00,68.4,69.1,1919.0999755859373,98.62999725341795,1516.44,99.2699966430664,0.33,68.85,69.1,69.25,1949.199951171875,1912.0,1953.800048828125,0.0036310820624545492,-0.015442220572518206,68.945,68.19333333333333,51.35135135135128,69.0
2022-04-04 00:00:00+00:00,68.3,69.0,1929.199951171875,98.98999786376952,1524.7,103.27999877929688,0.33,69.1,68.7,69.3,1919.0999755859373,1933.5,1939.5999755859373,-0.0014471780028942893,0.0052628709887061476,68.975,68.38000000000001,54.285714285714306,68.85
2022-04-05 00:00:00+00:00,68.2,68.85,1922.9000244140625,99.47000122070312,1520.03,101.95999908447266,0.33,69.0,68.85,69.1,1929.199951171875,1949.199951171875,1912.0,-0.0021739130434783593,-0.003265564439800861,68.985,68.555,60.3174603174603,68.8
2022-04-06 00:00:00+00:00,68.15,68.8,1918.4000244140625,99.5999984741211,1522.9,96.2300033569336,0.33,68.85,69.1,68.7,1922.9000244140625,1919.0999755859373,1933.5,-0.000726216412490932,-0.0023402152700950918,68.98499999999999,68.71833333333333,51.85185185185178,68.85
2022-04-07 00:00:00+00:00,68.2,68.85,1933.800048828125,99.75,1502.35,96.02999877929688,0.33,68.8,69.0,68.85,1918.4000244140625,1929.199951171875,1949.199951171875,0.0007267441860465684,0.008027535559882004,68.97999999999999,68.825,44.680851063829714,69.05
2022-04-08 00:00:00+00:00,68.4,69.05,1941.5999755859373,99.8000030517578,1482.0,98.26000213623048,0.33,68.85,68.85,69.1,1933.800048828125,1922.9000244140625,1919.0999755859373,0.002904865649963728,0.00403347117637054,68.96000000000001,68.93333333333334,58.139534883720884,69.05
2022-04-11 00:00:00+00:00,68.4,69.05,1944.300048828125,99.93000030517578,1482.0,94.29000091552734,0.33,69.05,68.8,69.0,1941.5999755859373,1918.4000244140625,1929.199951171875,0.0,0.0013906434261119482,68.93499999999999,69.03666666666666,57.14285714285714,69.5
2022-04-12 00:00:00+00:00,68.85,69.5,1972.0999755859373,100.29000091552734,1455.25,100.5999984741211,0.33,69.05,68.85,68.85,1944.300048828125,1933.800048828125,1922.9000244140625,0.006517016654598251,0.014298166980229121,68.975,69.14,64.00000000000014,69.8
2022-04-13 00:00:00+00:00,69.2,69.8,1981.0,99.87999725341795,1477.2,104.25,0.33,69.5,69.05,68.8,1972.0999755859373,1941.5999755859373,1918.4000244140625,0.004316546762589857,0.00451296816806579,69.085,69.22,66.66666666666666,69.55
2022-04-14 00:00:00+00:00,68.95,69.55,1970.9000244140625,100.31999969482422,1472.12,106.9499969482422,0.33,69.8,69.05,68.85,1981.0,1944.300048828125,1933.800048828125,-0.003581661891117527,-0.005098422809660552,69.155,69.29333333333332,55.76923076923076,69.7
2022-04-15 00:00:00+00:00,69.1,69.7,1970.9000244140625,100.31999969482422,1458.56,106.9499969482422,0.33,69.55,69.5,69.05,1970.9000244140625,1972.0999755859373,1941.5999755859373,0.0021567217828901697,0.0,69.215,69.36,57.40740740740755,71.0
2022-04-18 00:00:00+00:00,70.35,71.0,1982.9000244140625,100.77999877929688,1432.6,108.20999908447266,0.33,69.7,69.8,69.05,1970.9000244140625,1981.0,1944.300048828125,0.01865136298421799,0.006088588894085367,69.41499999999999,69.27666666666667,75.00000000000018,70.75
2022-04-19 00:00:00+00:00,70.05,70.75,1955.699951171875,100.95999908447266,1406.45,102.55999755859376,0.33,71.0,69.55,69.5,1982.9000244140625,1970.9000244140625,1972.0999755859373,-0.0035211267605633756,-0.01371731953567601,69.60499999999999,69.235,78.08219178082194,70.2
2022-04-20 00:00:00+00:00,69.5,70.2,1952.300048828125,100.38999938964844,1384.72,102.75,0.33,70.75,69.7,69.8,1955.699951171875,1970.9000244140625,1981.0,-0.007773851590106018,-0.001738458060354664,69.745,69.235,66.66666666666679,70.4
2022-04-21 00:00:00+00:00,69.7,70.4,1944.9000244140625,100.58000183105467,1370.21,103.79000091552734,0.33,70.2,71.0,69.55,1952.300048828125,1982.9000244140625,1970.9000244140625,0.002849002849002913,-0.0037904134758919295,69.9,69.26166666666667,66.25000000000014,70.5
2022-04-22 00:00:00+00:00,69.8,70.5,1931.0,101.22000122070312,1379.23,102.06999969482422,0.33,70.4,70.75,69.7,1944.9000244140625,1955.699951171875,1970.9000244140625,0.0014204545454543638,-0.007146909475848284,70.04499999999999,69.27166666666668,68.75,70.25
2022-04-25 00:00:00+00:00,69.55,70.25,1893.199951171875,101.75,1310.92,98.54000091552734,0.33,70.5,70.2,71.0,1931.0,1952.300048828125,1982.9000244140625,-0.0035460992907800915,-0.019575374846258375,70.16499999999999,69.31333333333333,67.0731707317074,70.15
2022-04-26 00:00:00+00:00,69.45,70.15,1901.4000244140625,102.3000030517578,1341.34,101.6999969482422,0.33,70.25,70.4,70.75,1893.199951171875,1944.9000244140625,1955.699951171875,-0.001423487544483959,0.0043313297346705415,70.22999999999999,69.36166666666666,66.26506024096399,70.05
2022-04-27 00:00:00+00:00,69.35,70.05,1885.9000244140625,102.9499969482422,1353.77,102.0199966430664,0.33,70.15,70.5,70.2,1901.4000244140625,1931.0,1952.300048828125,-0.0014255167498219423,-0.00815188797779498,70.25500000000001,69.42333333333333,64.2857142857143,69.9
2022-04-28 00:00:00+00:00,69.2,69.9,1888.699951171875,103.62000274658205,1350.99,105.36000061035156,0.33,70.05,70.25,70.4,1885.9000244140625,1893.199951171875,1944.9000244140625,-0.0021413276231262435,0.0014846634082219534,70.28999999999999,69.46333333333334,60.24096385542181,70.35
2022-04-29 00:00:00+00:00,69.65,70.35,1909.300048828125,102.95999908447266,1366.8,104.69000244140624,0.33,69.9,70.15,70.5,1888.699951171875,1901.4000244140625,1931.0,0.006437768240343145,0.010907025037761198,70.355,69.50500000000001,64.13043478260872,70.35
2022-05-01 00:00:00+00:00,69.65,70.35,1909.300048828125,102.95999908447266,1366.8,104.69000244140624,0.77,70.35,70.05,70.25,1909.300048828125,1885.9000244140625,1893.199951171875,0.0,0.0,70.29,69.56,60.240963855421676,70.35
2022-05-02 00:00:00+00:00,69.65,70.35,1861.800048828125,103.73999786376952,1366.8,105.16999816894533,0.77,70.35,69.9,70.15,1909.300048828125,1888.699951171875,1901.4000244140625,0.0,-0.024878226986457253,70.25,69.61333333333333,57.142857142857146,69.95
2022-05-03 00:00:00+00:00,69.2,69.95,1868.800048828125,103.47000122070312,1366.8,102.41000366210938,0.77,70.35,70.35,70.05,1861.800048828125,1909.300048828125,1885.9000244140625,-0.005685856432124936,0.00375980224321415,70.225,69.65166666666667,55.00000000000011,70.1
2022-05-04 00:00:00+00:00,69.4,70.1,1867.0,102.58999633789062,1348.68,107.80999755859376,0.77,69.95,70.35,69.9,1868.800048828125,1909.300048828125,1888.699951171875,0.0021443888491778917,-0.0009632110344034439,70.19500000000001,69.69166666666666,54.99999999999995,70.35
2022-05-05 00:00:00+00:00,69.65,70.35,1874.0,103.75,1360.68,108.26000213623048,0.77,70.1,70.35,70.35,1867.0,1861.800048828125,1909.300048828125,0.003566333808844524,0.003749330476700674,70.17999999999999,69.72833333333332,38.98305084745738,70.45
2022-05-06 00:00:00+00:00,69.75,70.45,1881.199951171875,103.66000366210938,1329.26,109.7699966430664,0.77,70.35,69.95,70.35,1874.0,1868.800048828125,1909.300048828125,0.001421464108031456,0.003842023037286646,70.2,69.76666666666667,44.64285714285713,70.3
2022-05-09 00:00:00+00:00,69.6,70.3,1857.0999755859373,103.6500015258789,1269.62,103.08999633789062,0.77,70.45,70.1,70.35,1881.199951171875,1867.0,1861.800048828125,-0.002129169623846794,-0.01281095907477825,70.21499999999999,69.80666666666666,52.08333333333324,70.15
2022-05-10 00:00:00+00:00,69.45,70.15,1839.9000244140625,103.91999816894533,1293.56,99.76000213623048,0.77,70.3,70.35,69.95,1857.0999755859373,1874.0,1868.800048828125,-0.002133712660028375,-0.009261726023364947,70.225,69.855,44.680851063829714,70.2
2022-05-11 00:00:00+00:00,69.5,70.2,1852.5999755859373,103.8499984741211,1301.53,105.70999908447266,0.77,70.15,70.45,70.1,1839.9000244140625,1881.199951171875,1867.0,0.0007127583749109156,0.006902522421520896,70.255,69.9,43.47826086956519,70.3
2022-05-12 00:00:00+00:00,69.7,70.3,1823.800048828125,104.8499984741211,1238.84,106.12999725341795,0.77,70.2,70.3,70.35,1852.5999755859373,1857.0999755859373,1874.0,0.0014245014245013454,-0.015545680199365974,70.25,69.94,51.162790697674374,69.8
2022-05-13 00:00:00+00:00,68.8,69.8,1807.4000244140625,104.55999755859376,1182.77,110.48999786376952,0.77,70.3,70.15,70.45,1823.800048828125,1839.9000244140625,1881.199951171875,-0.007112375533428139,-0.008992227204183023,70.195,69.96666666666667,43.13725490196053,69.25
2022-05-16 00:00:00+00:00,68.25,69.25,1813.5,104.19000244140624,1171.95,113.71910202026368,0.77,69.8,70.2,70.3,1807.4000244140625,1852.5999755859373,1857.0999755859373,-0.007879656160458381,0.0033750002785990496,70.08500000000001,69.98,36.66666666666652,69.25
2022-05-17 00:00:00+00:00,68.25,69.25,1818.199951171875,103.36000061035156,1228.37,112.4000015258789,0.77,69.25,70.3,70.15,1813.5,1823.800048828125,1839.9000244140625,0.0,0.0025916466346154188,70.015,69.99499999999999,38.596491228069944,69.25
2022-05-18 00:00:00+00:00,68.25,69.25,1815.9000244140625,103.80999755859376,1240.76,109.58999633789062,0.77,69.25,69.8,70.2,1818.199951171875,1807.4000244140625,1852.5999755859373,0.0,-0.001264947101296654,69.92999999999999,70.00833333333334,27.083333333333243,69.25
2022-05-19 00:00:00+00:00,68.25,69.25,1841.199951171875,102.72000122070312,1241.64,112.20999908447266,0.77,69.25,69.25,70.3,1815.9000244140625,1813.5,1823.800048828125,0.0,0.013932444747874362,69.82000000000001,70.015,27.083333333333243,69.8
2022-05-20 00:00:00+00:00,68.9,69.8,1841.800048828125,103.1500015258789,1240.71,113.2300033569336,0.77,69.25,69.25,69.8,1841.199951171875,1818.199951171875,1807.4000244140625,0.007942238267147905,0.00032592747782111964,69.755,70.03999999999999,40.67796610169488,69.95
2022-05-23 00:00:00+00:00,69.05,69.95,1847.800048828125,102.08000183105467,1218.81,110.29000091552734,0.77,69.8,69.25,69.25,1841.800048828125,1815.9000244140625,1813.5,0.0021489971346706493,0.003257682615340096,69.72,70.055,50.0,69.9
2022-05-24 00:00:00+00:00,69.0,69.9,1865.0999755859373,101.86000061035156,1233.38,109.7699966430664,0.77,69.95,69.25,69.25,1847.800048828125,1841.199951171875,1818.199951171875,-0.0007147962830592602,0.009362445232526051,69.695,70.05833333333334,46.15384615384636,69.1
2022-05-25 00:00:00+00:00,68.1,69.1,1846.199951171875,102.05999755859376,1268.43,110.33000183105467,0.77,69.9,69.8,69.25,1865.0999755859373,1841.800048828125,1815.9000244140625,-0.011444921316166146,-0.010133518128498498,69.58500000000001,70.04333333333332,30.158730158730194,69.3
2022-05-26 00:00:00+00:00,68.3,69.3,1847.4000244140625,101.83000183105467,1268.57,113.71910202026368,0.77,69.1,69.95,69.25,1846.199951171875,1847.800048828125,1841.199951171875,0.0028943560057888007,0.0006500234394577475,69.48499999999999,70.03,32.30769230769222,69.55
2022-05-27 00:00:00+00:00,68.55,69.55,1851.300048828125,101.66999816894533,1285.45,113.71910202026368,0.77,69.3,69.9,69.8,1847.4000244140625,1865.0999755859373,1841.800048828125,0.003607503607503615,0.0021110882118231533,69.46000000000001,69.98166666666667,38.80597014925372,69.3
2022-05-30 00:00:00+00:00,68.3,69.3,1851.300048828125,101.66999816894533,1293.92,113.71910202026368,0.77,69.55,69.1,69.95,1851.300048828125,1846.199951171875,1847.800048828125,-0.0035945363048166534,0.0,69.465,69.93333333333334,37.68115942028974,69.3
2022-05-31 00:00:00+00:00,68.3,69.3,1842.699951171875,101.75,1292.68,113.71910202026368,0.77,69.3,69.3,69.9,1851.300048828125,1847.4000244140625,1865.0999755859373,0.0,-0.004645436952099624,69.47,69.90333333333334,36.76470588235288,69.3
2022-06-01 00:00:00+00:00,68.3,69.3,1843.300048828125,102.5500030517578,1299.52,113.71910202026368,1.21,69.3,69.55,69.1,1842.699951171875,1851.300048828125,1846.199951171875,0.0,0.00032566216538310044,69.475,69.86666666666666,34.8484848484849,69.45
2022-06-02 00:00:00+00:00,68.55,69.45,1866.5,101.7699966430664,1288.62,113.71910202026368,1.21,69.3,69.3,69.3,1843.300048828125,1851.300048828125,1847.4000244140625,0.0021645021645022577,0.012586095891780724,69.495,69.83166666666666,44.06779661016962,69.7
2022-06-03 00:00:00+00:00,68.8,69.7,1845.4000244140625,102.13999938964844,1287.98,113.71910202026368,1.21,69.45,69.3,69.55,1866.5,1842.699951171875,1851.300048828125,0.003599712023038215,-0.011304567686009959,69.485,69.81333333333333,58.49056603773583,69.5
2022-06-06 00:00:00+00:00,68.6,69.5,1839.199951171875,102.44000244140624,1290.01,113.71910202026368,1.21,69.7,69.3,69.3,1845.4000244140625,1843.300048828125,1851.300048828125,-0.0028694404591105283,-0.0033597448575715116,69.44,69.79166666666667,54.38596491228067,69.6
2022-06-07 00:00:00+00:00,68.7,69.6,1847.5,102.31999969482422,1291.35,113.71910202026368,1.21,69.5,69.45,69.3,1839.199951171875,1866.5,1842.699951171875,0.0014388489208632116,0.004512858334319025,69.41,69.77666666666666,55.93220338983038,69.6
2022-06-08 00:00:00+00:00,68.7,69.6,1851.9000244140625,102.54000091552734,1307.91,113.71910202026368,1.21,69.6,69.7,69.3,1847.5,1845.4000244140625,1843.300048828125,0.0,0.002381609967016196,69.46000000000001,69.76666666666667,55.93220338983038,69.7
2022-06-09 00:00:00+00:00,68.8,69.7,1848.800048828125,103.22000122070312,1307.8,113.71910202026368,1.21,69.6,69.5,69.45,1851.9000244140625,1839.199951171875,1866.5,0.001436781609195581,-0.0016739432718125835,69.49999999999999,69.74499999999999,48.00000000000014,69.45
2022-06-10 00:00:00+00:00,68.55,69.45,1871.5,104.1500015258789,1284.08,113.71910202026368,1.21,69.7,69.6,69.7,1848.800048828125,1847.5,1845.4000244140625,-0.0035868005738880493,0.012278207795517693,69.49,69.71499999999999,40.38461538461547,68.65
2022-06-13 00:00:00+00:00,67.75,68.65,1828.0,105.08000183105467,1227.04,113.71910202026368,1.21,69.45,69.6,69.5,1871.5,1851.9000244140625,1839.199951171875,-0.011519078473722022,-0.023243387656959658,69.425,69.65833333333333,31.343283582089683,68.4
2022-06-14 00:00:00+00:00,67.6,68.4,1809.5,105.5199966430664,1230.31,113.71910202026368,1.21,68.65,69.7,69.6,1828.0,1848.800048828125,1847.5,-0.0036416605972323657,-0.010120350109409149,69.335,69.60666666666665,37.500000000000256,68.45
2022-06-15 00:00:00+00:00,67.65,68.45,1815.300048828125,105.16000366210938,1213.93,113.71910202026368,1.21,68.4,69.45,69.6,1809.5,1871.5,1851.9000244140625,0.0007309941520468044,0.0032053323172838155,69.25,69.55166666666666,33.96226415094354,68.6
2022-06-16 00:00:00+00:00,67.8,68.6,1845.699951171875,103.62999725341795,1236.63,113.71910202026368,1.21,68.45,68.65,69.7,1815.300048828125,1828.0,1848.800048828125,0.0021913805697588717,0.01674648902443132,69.16499999999999,69.49333333333334,31.37254901960776,68.75
2022-06-17 00:00:00+00:00,67.95,68.75,1835.5999755859373,104.6999969482422,1217.3,109.55999755859376,1.21,68.6,68.4,69.45,1845.699951171875,1809.5,1871.5,0.0021865889212828726,-0.005472165494464609,69.07000000000001,69.43666666666667,38.775510204081705,68.65
2022-06-20 00:00:00+00:00,67.85,68.65,1835.5999755859373,104.6999969482422,1180.4,109.55999755859376,1.21,68.75,68.45,68.65,1835.5999755859373,1815.300048828125,1828.0,-0.001454545454545375,0.0,68.985,69.38166666666666,37.25490196078447,68.65
2022-06-21 00:00:00+00:00,67.85,68.65,1834.5999755859373,104.44000244140624,1172.47,110.6500015258789,1.21,68.65,68.6,68.4,1835.5999755859373,1845.699951171875,1809.5,0.0,-0.0005447810052845448,68.89,69.33166666666666,37.25490196078447,68.55
2022-06-22 00:00:00+00:00,67.75,68.55,1834.300048828125,104.1999969482422,1169.27,106.19000244140624,1.21,68.65,68.75,68.45,1834.5999755859373,1835.5999755859373,1815.300048828125,-0.0014566642388930129,-0.00016348346331818142,68.785,69.27666666666667,31.999999999999886,68.7
2022-06-23 00:00:00+00:00,67.9,68.7,1825.699951171875,104.43000030517578,1188.88,104.2699966430664,1.21,68.55,68.65,68.6,1834.300048828125,1835.5999755859373,1845.699951171875,0.002188183807440014,-0.004688490120111077,68.685,69.22333333333333,29.166666666666714,68.6
2022-06-24 00:00:00+00:00,67.8,68.6,1826.5,104.19000244140624,1185.48,107.62000274658205,1.21,68.7,68.65,68.75,1825.699951171875,1834.5999755859373,1835.5999755859373,-0.0014556040756915634,0.0004382148488373261,68.6,69.18333333333334,30.434782608695627,68.6
2022-06-27 00:00:00+00:00,67.8,68.6,1820.9000244140625,103.94000244140624,1202.82,109.56999969482422,1.21,68.6,68.55,68.65,1826.5,1834.300048828125,1835.5999755859373,0.0,-0.0030659598061524296,68.595,69.16166666666666,27.27272727272745,68.6
2022-06-28 00:00:00+00:00,67.8,68.6,1817.5,104.51000213623048,1218.1,111.76000213623048,1.21,68.6,68.7,68.65,1820.9000244140625,1825.699951171875,1834.5999755859373,0.0,-0.0018672219059124862,68.615,69.14,27.27272727272745,68.6
2022-06-29 00:00:00+00:00,67.8,68.6,1813.699951171875,105.11000061035156,1218.09,109.77999877929688,1.21,68.6,68.6,68.55,1817.5,1826.5,1834.300048828125,0.0,-0.0020908109095598704,68.63,69.11833333333333,23.80952380952371,68.6
2022-06-30 00:00:00+00:00,67.8,68.6,1804.0999755859373,104.69000244140624,1197.6,105.76000213623048,1.21,68.6,68.6,68.7,1813.699951171875,1820.9000244140625,1825.699951171875,0.0,-0.005293034043329481,68.63,69.09666666666666,27.027027027026904,68.6
2022-07-01 00:00:00+00:00,67.8,68.6,1798.9000244140625,105.13999938964844,1198.9,108.43000030517578,1.68,68.6,68.6,68.6,1804.0999755859373,1817.5,1826.5,0.0,-0.0028822965701698067,68.615,69.05666666666666,47.6190476190471,68.6
2022-07-04 00:00:00+00:00,67.8,68.6,1798.9000244140625,105.13999938964844,1195.53,108.43000030517578,1.68,68.6,68.6,68.6,1798.9000244140625,1813.699951171875,1820.9000244140625,0.0,0.0,68.61,69.01166666666667,62.49999999999911,68.6
2022-07-05 00:00:00+00:00,67.8,68.6,1761.800048828125,106.5,1181.29,99.5,1.68,68.6,68.6,68.6,1798.9000244140625,1804.0999755859373,1817.5,0.0,-0.020623700640629905,68.60499999999999,68.96833333333333,59.99999999999925,68.6
2022-07-06 00:00:00+00:00,67.8,68.6,1734.9000244140625,107.0999984741211,1149.61,98.52999877929688,1.68,68.6,68.6,68.6,1761.800048828125,1798.9000244140625,1813.699951171875,0.0,-0.015268488857152263,68.60999999999999,68.95166666666665,50.0,68.45
2022-07-07 00:00:00+00:00,67.85,68.45,1737.9000244140625,107.12999725341795,1166.48,102.7300033569336,1.68,68.6,68.6,68.6,1734.9000244140625,1798.9000244140625,1804.0999755859373,-0.0021865889212826506,0.0017292062699769684,68.58500000000001,68.92333333333333,25.000000000000597,68.6
2022-07-08 00:00:00+00:00,68.0,68.6,1740.5999755859375,107.01000213623048,1171.31,104.79000091552734,1.68,68.45,68.6,68.6,1737.9000244140625,1761.800048828125,1798.9000244140625,0.0021913805697588717,0.00155357105353926,68.585,68.89166666666667,46.153846153845315,68.2
2022-07-11 00:00:00+00:00,67.6,68.2,1730.0,108.0199966430664,1155.29,104.08999633789062,1.68,68.6,68.6,68.6,1740.5999755859375,1734.9000244140625,1798.9000244140625,-0.005830903790087327,-0.006089840132491808,68.54499999999999,68.855,28.57142857142837,68.25
2022-07-12 00:00:00+00:00,67.65,68.25,1723.300048828125,108.06999969482422,1174.82,95.83999633789062,1.68,68.2,68.45,68.6,1730.0,1737.9000244140625,1761.800048828125,0.0007331378299120228,-0.0038728041455924345,68.50999999999999,68.82,34.99999999999993,68.2
2022-07-13 00:00:00+00:00,67.6,68.2,1734.199951171875,107.95999908447266,1173.92,96.3000030517578,1.68,68.25,68.6,68.6,1723.300048828125,1740.5999755859375,1734.9000244140625,-0.00073260073260073,0.006325017138577804,68.47,68.78333333333333,22.222222222221518,68.2
2022-07-14 00:00:00+00:00,67.6,68.2,1704.5,108.54000091552734,1182.17,95.77999877929688,1.68,68.2,68.2,68.45,1734.199951171875,1730.0,1737.9000244140625,0.0,-0.017126024684642305,68.42999999999999,68.74166666666666,24.99999999999956,67.95
2022-07-15 00:00:00+00:00,67.35,67.95,1702.4000244140625,108.05999755859376,1179.25,97.58999633789062,1.68,68.2,68.25,68.6,1704.5,1723.300048828125,1740.5999755859375,-0.003665689149560114,-0.0012320185309108167,68.365,68.68333333333334,19.047619047618525,64.5
2022-07-18 00:00:00+00:00,63.5,64.5,1709.199951171875,107.37000274658205,1176.49,102.5999984741211,1.68,67.95,68.2,68.2,1702.4000244140625,1734.199951171875,1730.0,-0.050772626931567366,0.0039943178220718245,67.955,68.51666666666667,4.44444444444423,65.3
2022-07-19 00:00:00+00:00,63.3,65.3,1710.0,106.68000030517578,1178.33,104.22000122070312,1.68,64.5,68.2,68.25,1709.199951171875,1704.5,1723.300048828125,0.012403100775193687,0.00046808381171348223,67.625,68.37333333333332,18.867924528301728,66.5
2022-07-20 00:00:00+00:00,64.7,66.5,1699.5,107.08000183105467,1194.14,102.26000213623048,1.68,65.3,67.95,68.2,1710.0,1702.4000244140625,1734.199951171875,0.018376722817764257,-0.0061403508771930015,67.41499999999999,68.27,33.84615384615381,65.2
2022-07-21 00:00:00+00:00,63.2,65.2,1712.699951171875,106.91000366210938,1198.47,96.3499984741211,1.68,66.5,64.5,68.2,1699.5,1709.199951171875,1704.5,-0.019548872180451093,0.007766961560385477,67.09,68.11999999999999,28.205128205128176,66.4
2022-07-22 00:00:00+00:00,64.9,66.4,1727.0999755859375,106.7300033569336,1194.76,94.6999969482422,1.68,65.2,65.3,67.95,1712.699951171875,1710.0,1702.4000244140625,0.01840490797546024,0.008407791688327837,66.86999999999999,68.01833333333333,37.7777777777778,66.5
2022-07-25 00:00:00+00:00,65.3,66.5,1719.0,106.4800033569336,1188.5,96.6999969482422,1.68,66.4,66.5,64.5,1727.0999755859375,1699.5,1709.199951171875,0.001506024096385561,-0.004689928608903826,66.7,67.94666666666667,38.461538461538446,66.0
2022-07-26 00:00:00+00:00,65.0,66.0,1717.699951171875,107.19000244140624,1185.07,94.9800033569336,1.68,66.5,65.2,65.3,1719.0,1712.699951171875,1710.0,-0.007518796992481258,-0.0007562820407940318,66.475,67.86666666666666,36.458333333333314,66.1
2022-07-27 00:00:00+00:00,65.1,66.1,1719.0999755859375,106.4499969482422,1191.04,97.26000213623048,1.68,66.0,66.4,66.5,1717.699951171875,1727.0999755859375,1699.5,0.0015151515151514694,0.0008150576083485461,66.265,67.78833333333333,37.69633507853395,66.0
2022-07-28 00:00:00+00:00,65.0,66.0,1750.300048828125,106.3499984741211,1208.12,96.41999816894533,1.68,66.1,66.5,65.2,1719.0999755859375,1719.0,1712.699951171875,-0.0015128593040846239,0.01814907433266244,66.045,67.70166666666667,36.3157894736842,66.7
2022-07-29 00:00:00+00:00,65.7,66.7,1762.9000244140625,105.9000015258789,1206.33,98.62000274658205,1.68,66.0,66.0,66.4,1750.300048828125,1717.699951171875,1727.0999755859375,0.01060606060606073,0.007198751776515966,65.92,67.63333333333334,42.34693877551019,67.8
2022-08-01 00:00:00+00:00,66.8,67.8,1769.0,105.4499969482422,1231.35,93.88999938964844,2.33,66.7,66.1,66.5,1762.9000244140625,1719.0999755859375,1719.0,0.01649175412293835,0.00346019371572992,66.25,67.60499999999999,47.92626728110597,68.4
2022-08-02 00:00:00+00:00,67.4,68.4,1771.0999755859375,106.23999786376952,1241.62,94.41999816894533,2.33,67.8,66.0,66.0,1769.0,1750.300048828125,1717.699951171875,0.00884955752212413,0.0011870975612988666,66.56,67.59666666666666,50.87719298245616,67.0
2022-08-03 00:00:00+00:00,66.0,67.0,1758.0,106.51000213623048,1249.76,90.66000366210938,2.33,68.4,66.7,66.1,1771.0999755859375,1762.9000244140625,1719.0999755859375,-0.020467836257309968,-0.0073965195452072585,66.61,67.545,45.31249999999999,67.4
2022-08-04 00:00:00+00:00,66.4,67.4,1788.5,105.69000244140624,1254.15,88.54000091552734,2.33,67.0,67.8,66.0,1758.0,1769.0,1750.300048828125,0.005970149253731405,0.017349260523321863,66.83,67.50166666666668,47.87644787644789,67.6
2022-08-05 00:00:00+00:00,66.6,67.6,1772.9000244140625,106.62000274658205,1252.74,89.01000213623047,2.33,67.4,68.4,66.7,1788.5,1771.0999755859375,1762.9000244140625,0.0029673590504448732,-0.00872237941623566,66.95,67.46833333333333,65.97938144329896,67.3
2022-08-08 00:00:00+00:00,66.3,67.3,1786.800048828125,106.44000244140624,1256.75,90.76000213623048,2.33,67.6,67.0,67.8,1772.9000244140625,1758.0,1769.0,-0.004437869822485174,0.007840275380816442,67.03,67.425,60.86956521739131,67.2
2022-08-09 00:00:00+00:00,66.2,67.2,1794.0,106.37000274658205,1258.85,90.5,2.33,67.3,67.4,68.4,1786.800048828125,1788.5,1771.0999755859375,-0.0014858841010400026,0.00402952259632916,67.15,67.37833333333333,54.320987654321016,67.0
2022-08-10 00:00:00+00:00,66.0,67.0,1795.5999755859375,105.1999969482422,1256.5,91.93000030517578,2.33,67.2,67.6,67.0,1794.0,1772.9000244140625,1758.0,-0.0029761904761904656,0.000891848152696495,67.24,67.325,62.85714285714286,67.2
2022-08-11 00:00:00+00:00,66.2,67.2,1789.699951171875,105.08999633789062,1252.07,94.33999633789062,2.33,67.0,67.3,67.4,1795.5999755859375,1786.800048828125,1788.5,0.0029850746268658135,-0.0032858233984645047,67.36,67.27833333333334,56.666666666666664,67.3
2022-08-12 00:00:00+00:00,66.3,67.3,1798.5999755859375,105.62999725341795,1262.33,92.08999633789062,2.33,67.2,67.2,67.6,1789.699951171875,1794.0,1772.9000244140625,0.0014880952380951218,0.004972914263217554,67.41999999999999,67.235,56.666666666666664,67.1
2022-08-15 00:00:00+00:00,66.1,67.1,1781.4000244140625,106.5500030517578,1274.2,89.41000366210938,2.33,67.3,67.0,67.3,1798.5999755859375,1795.5999755859375,1786.800048828125,-0.002971768202080227,-0.009562966421297614,67.35,67.185,59.64912280701751,67.0
2022-08-16 00:00:00+00:00,66.0,67.0,1773.199951171875,106.5,1274.69,86.52999877929688,2.33,67.1,67.2,67.2,1781.4000244140625,1789.699951171875,1794.0,-0.0014903129657226621,-0.004603162192548305,67.21000000000001,67.13166666666667,57.894736842105324,67.2
2022-08-17 00:00:00+00:00,66.2,67.2,1760.300048828125,106.56999969482422,1275.28,88.11000061035156,2.33,67.0,67.3,67.0,1773.199951171875,1798.5999755859375,1795.5999755859375,0.0029850746268658135,-0.007274928208307663,67.23,67.085,60.344827586206925,67.2
2022-08-18 00:00:00+00:00,66.2,67.2,1755.300048828125,107.4800033569336,1273.66,90.5,2.33,67.2,67.1,67.2,1760.300048828125,1781.4000244140625,1789.699951171875,0.0,-0.002840424848779999,67.21000000000001,67.04333333333334,54.90196078431373,67.2
2022-08-19 00:00:00+00:00,66.2,67.2,1747.5999755859375,108.16999816894533,1269.18,90.7699966430664,2.33,67.2,67.0,67.3,1755.300048828125,1773.199951171875,1798.5999755859375,0.0,-0.004386756126012914,67.17,66.99666666666667,42.50000000000007,67.0
2022-08-22 00:00:00+00:00,66.0,67.0,1734.0,109.0500030517578,1260.43,90.2300033569336,2.33,67.2,67.2,67.1,1747.5999755859375,1760.300048828125,1781.4000244140625,-0.0029761904761904656,-0.007782087305979513,67.14,66.95666666666666,30.555555555555443,67.05
2022-08-23 00:00:00+00:00,66.25,67.05,1746.800048828125,108.62000274658205,1270.81,93.73999786376952,2.33,67.0,67.2,67.0,1734.0,1755.300048828125,1773.199951171875,0.0007462686567163423,0.007381804399149372,67.125,66.91666666666667,51.11111111111106,67.1
2022-08-24 00:00:00+00:00,66.3,67.1,1747.800048828125,108.68000030517578,1277.16,94.88999938964844,2.33,67.05,67.2,67.2,1746.800048828125,1747.5999755859375,1760.300048828125,0.0007457121551079915,0.0005724753675562244,67.135,66.88,42.10526315789434,66.85
2022-08-25 00:00:00+00:00,66.05,66.85,1757.699951171875,108.47000122070312,1288.88,92.5199966430664,2.33,67.1,67.0,67.2,1747.800048828125,1734.0,1755.300048828125,-0.0037257824143069884,0.0056642076136728114,67.1,66.83500000000001,30.769230769230646,66.9
2022-08-26 00:00:00+00:00,66.1,66.9,1736.0999755859375,108.8000030517578,1282.57,93.05999755859376,2.33,66.85,67.05,67.2,1757.699951171875,1746.800048828125,1747.5999755859375,0.0007479431563202077,-0.012288772933933712,67.06,66.8,38.23529411764733,66.55
2022-08-29 00:00:00+00:00,65.75,66.55,1736.5999755859375,108.83999633789062,1270.8,97.01000213623048,2.33,66.9,67.1,67.0,1736.0999755859375,1747.800048828125,1734.0,-0.0052316890881914935,0.00028800184726174294,67.005,66.86833333333333,33.33333333333333,66.7
2022-08-30 00:00:00+00:00,65.9,66.7,1723.199951171875,108.7699966430664,1279.39,91.63999938964844,2.33,66.55,66.85,67.05,1736.5999755859375,1757.699951171875,1746.800048828125,0.002253944402704766,-0.007716241277465952,66.975,66.915,42.105263157894896,66.65
2022-08-31 00:00:00+00:00,65.85,66.65,1712.800048828125,108.6999969482422,1280.51,89.55000305175781,2.33,66.7,66.9,67.1,1723.199951171875,1736.0999755859375,1747.800048828125,-0.0007496251874062887,-0.006035226693615781,66.91999999999999,66.92,34.285714285714505,66.65
2022-09-01 00:00:00+00:00,65.85,66.65,1696.5999755859375,109.69000244140624,1280.51,86.61000061035156,2.56,66.65,66.55,66.85,1712.800048828125,1736.5999755859375,1757.699951171875,0.0,-0.009458239596192963,66.86500000000001,66.96833333333333,30.30303030303081,66.65
2022-09-02 00:00:00+00:00,65.85,66.65,1709.800048828125,109.52999877929688,1280.51,86.87000274658203,2.56,66.65,66.7,66.9,1696.5999755859375,1723.199951171875,1736.0999755859375,0.0,0.0077803096971216235,66.81,66.97666666666666,34.482758620690234,66.7
2022-09-05 00:00:00+00:00,65.9,66.7,1709.800048828125,109.52999877929688,1277.35,86.87000274658203,2.56,66.65,66.65,66.55,1709.800048828125,1712.800048828125,1736.5999755859375,0.0007501875468867159,0.0,66.78,66.98333333333333,39.28571428571453,66.8
2022-09-06 00:00:00+00:00,66.0,66.8,1700.4000244140625,110.20999908447266,1277.4,86.87999725341797,2.56,66.7,66.65,66.7,1709.800048828125,1696.5999755859375,1723.199951171875,0.0014992503748125774,-0.0054977331533621054,66.75500000000001,67.01,34.61538461538453,66.8
2022-09-07 00:00:00+00:00,66.0,66.8,1715.300048828125,109.83999633789062,1243.17,81.94000244140625,2.56,66.8,66.65,66.65,1700.4000244140625,1709.800048828125,1712.800048828125,0.0,0.008762658315767169,66.725,67.03333333333333,34.61538461538453,66.95
2022-09-08 00:00:00+00:00,66.15,66.95,1708.0,109.70999908447266,1234.6,83.54000091552734,2.56,66.8,66.7,66.65,1715.300048828125,1709.800048828125,1696.5999755859375,0.002245508982035904,-0.004255843654357938,66.735,67.065,41.37931034482769,67.0
2022-09-09 00:00:00+00:00,66.2,67.0,1716.199951171875,109.0,1248.78,86.79000091552734,2.56,66.95,66.8,66.65,1708.0,1700.4000244140625,1709.800048828125,0.0007468259895444529,0.004800908180254693,66.745,67.075,50.0,67.0
2022-09-12 00:00:00+00:00,66.2,67.0,1728.0999755859375,108.33000183105467,1249.62,87.77999877929688,2.56,67.0,66.8,66.7,1716.199951171875,1715.300048828125,1709.800048828125,0.0,0.006933938208037338,66.79,67.04833333333333,48.00000000000014,67.05
2022-09-13 00:00:00+00:00,66.25,67.05,1705.0,109.81999969482422,1248.4,87.30999755859375,2.56,67.0,66.95,66.8,1728.0999755859375,1708.0,1700.4000244140625,0.0007462686567163423,-0.013367268047154046,66.825,67.00333333333333,48.00000000000014,66.9
2022-09-14 00:00:00+00:00,66.1,66.9,1696.5,109.66000366210938,1240.77,88.4800033569336,2.56,67.05,67.0,66.8,1705.0,1716.199951171875,1715.300048828125,-0.0022371364653243075,-0.004985337243401777,66.85,67.0,52.17391304347875,66.75
2022-09-15 00:00:00+00:00,65.95,66.75,1665.4000244140625,109.73999786376952,1245.66,85.0999984741211,2.56,66.9,67.0,66.95,1696.5,1728.0999755859375,1708.0,-0.0022421524663678305,-0.01833184532032861,66.85999999999999,66.97833333333332,43.99999999999977,66.55
2022-09-16 00:00:00+00:00,65.75,66.55,1671.699951171875,109.76000213623048,1234.03,85.11000061035156,2.56,66.75,67.05,67.0,1665.4000244140625,1705.0,1716.199951171875,-0.002996254681647992,0.0037828309507974556,66.85,66.94333333333333,50.0,66.55
2022-09-19 00:00:00+00:00,65.75,66.55,1666.199951171875,109.73999786376952,1205.43,85.7300033569336,2.56,66.55,66.9,67.0,1671.699951171875,1696.5,1728.0999755859375,0.0,-0.003290064102798196,66.83500000000001,66.91833333333334,42.10526315789434,66.65
2022-09-20 00:00:00+00:00,65.85,66.65,1659.699951171875,110.22000122070312,1218.93,84.44999694824219,2.56,66.55,66.75,67.05,1666.199951171875,1665.4000244140625,1705.0,0.0015026296018032514,-0.0039010924201674513,66.82,66.9,50.0,66.75
2022-09-21 00:00:00+00:00,65.95,66.75,1664.5999755859375,110.63999938964844,1210.55,82.94000244140625,2.56,66.65,66.55,66.9,1659.699951171875,1671.699951171875,1696.5,0.0015003750937734317,0.002952355581262056,66.815,66.89166666666667,54.54545454545431,66.6
2022-09-22 00:00:00+00:00,65.8,66.6,1670.800048828125,111.3499984741211,1214.7,83.48999786376953,2.56,66.75,66.55,66.75,1664.5999755859375,1666.199951171875,1665.4000244140625,-0.0022471910112360494,0.0037246625814739698,66.78,66.87166666666666,47.999999999999545,66.6
2022-09-23 00:00:00+00:00,65.8,66.6,1645.300048828125,111.69059967041017,1203.28,78.73999786376953,2.56,66.6,66.65,66.55,1670.800048828125,1659.699951171875,1671.699951171875,0.0,-0.01526214942229942,66.74,66.84833333333333,45.83333333333299,66.4
2022-09-26 00:00:00+00:00,65.6,66.4,1623.300048828125,111.69059967041017,1174.35,76.70999908447266,2.56,66.6,66.75,66.55,1645.300048828125,1664.5999755859375,1666.199951171875,-0.0030030030030028243,-0.013371421228407288,66.67999999999999,66.825,34.61538461538491,65.6
2022-09-27 00:00:00+00:00,64.6,65.6,1626.699951171875,111.69059967041017,1166.54,78.5,2.56,66.4,66.6,66.65,1623.300048828125,1670.800048828125,1659.699951171875,-0.012048192771084487,0.002094438638256868,66.535,66.77833333333334,21.428571428571487,65.2
2022-09-28 00:00:00+00:00,64.2,65.2,1660.4000244140625,111.69059967041017,1143.62,82.1500015258789,2.56,65.6,66.6,66.75,1626.699951171875,1645.300048828125,1664.5999755859375,-0.0060975609756096505,0.020716834237260562,66.36500000000001,66.71166666666666,12.765957446808414,65.55
2022-09-29 00:00:00+00:00,64.55,65.55,1658.5,111.69059967041017,1126.07,81.2300033569336,2.56,65.2,66.4,66.6,1660.4000244140625,1623.300048828125,1670.800048828125,0.005368098159509005,-0.0011443172645898558,66.245,66.65666666666667,22.641509433962113,66.4
2022-09-30 00:00:00+00:00,65.4,66.4,1662.4000244140625,111.69059967041017,1132.11,79.48999786376953,2.56,65.55,65.6,66.6,1658.5,1626.699951171875,1645.300048828125,0.012967200610221274,0.0023515371806226426,66.22999999999999,66.63,41.42857142857151,66.4
2022-10-01 00:00:00+00:00,65.4,66.4,1662.4000244140625,111.69059967041017,1132.11,79.48999786376953,3.08,66.4,65.2,66.4,1662.4000244140625,1660.4000244140625,1623.300048828125,0.0,0.0,66.215,66.61,40.57971014492767,66.2
2022-10-03 00:00:00+00:00,65.2,66.2,1692.9000244140625,111.69059967041017,1086.44,83.62999725341797,3.08,66.4,65.55,65.6,1662.4000244140625,1658.5,1626.699951171875,-0.003012048192771122,0.018346967969246952,66.17,66.58166666666666,40.0,66.4
2022-10-04 00:00:00+00:00,65.4,66.4,1721.0999755859375,110.06999969482422,1078.14,86.5199966430664,3.08,66.2,66.4,65.2,1692.9000244140625,1662.4000244140625,1660.4000244140625,0.0030211480362538623,0.016657777048373124,66.135,66.55833333333334,45.070422535211364,66.4
2022-10-05 00:00:00+00:00,65.4,66.4,1711.4000244140625,111.06999969482422,1104.26,87.76000213623047,3.08,66.4,66.4,65.55,1721.0999755859375,1662.4000244140625,1658.5,0.0,-0.0056359022192029595,66.11500000000001,66.54333333333334,47.76119402985088,65.7
2022-10-06 00:00:00+00:00,64.7,65.7,1711.699951171875,111.69059967041017,1074.52,88.44999694824219,3.08,66.4,66.2,66.4,1711.4000244140625,1692.9000244140625,1662.4000244140625,-0.010542168674698815,0.00017525228090087275,66.025,66.50333333333334,39.50617283950627,65.9
2022-10-07 00:00:00+00:00,64.9,65.9,1700.5,111.69059967041017,1035.91,92.63999938964844,3.08,65.7,66.4,66.4,1711.699951171875,1721.0999755859375,1662.4000244140625,0.003044140030441511,-0.006543174324569634,65.975,66.48166666666667,40.96385542168676,67.2
2022-10-10 00:00:00+00:00,66.2,67.2,1667.300048828125,111.69059967041017,1042.48,91.12999725341795,3.08,65.9,66.4,66.2,1700.5,1711.4000244140625,1692.9000244140625,0.019726858877086473,-0.019523640794986807,66.135,66.49833333333333,54.205607476635535,66.9
2022-10-11 00:00:00+00:00,65.9,66.9,1678.699951171875,111.69059967041017,1006.2,89.3499984741211,3.08,67.2,65.7,66.4,1667.300048828125,1711.699951171875,1721.0999755859375,-0.004464285714285698,0.006837343015591246,66.305,66.50666666666667,52.72727272727284,66.9
2022-10-12 00:00:00+00:00,65.9,66.9,1670.300048828125,111.69059967041017,1034.81,87.2699966430664,3.08,66.9,65.9,66.4,1678.699951171875,1700.5,1711.4000244140625,0.0,-0.005003814015653085,66.44000000000001,66.51500000000001,52.72727272727284,67.0
2022-10-13 00:00:00+00:00,66.0,67.0,1670.0,111.69059967041017,1050.99,89.11000061035156,3.08,66.9,67.2,65.7,1670.300048828125,1667.300048828125,1711.699951171875,0.001494768310911665,-0.00017963768146656012,66.5,66.52666666666667,55.55555555555549,67.2
2022-10-14 00:00:00+00:00,66.2,67.2,1641.699951171875,111.69059967041017,1061.85,85.61000061035156,3.08,67.0,66.9,65.9,1670.0,1678.699951171875,1700.5,0.0029850746268658135,-0.016946137022829322,66.58000000000001,66.54333333333334,66.66666666666677,67.0
2022-10-17 00:00:00+00:00,66.0,67.0,1657.0,111.69059967041017,1051.58,85.45999908447266,3.08,67.2,66.9,67.2,1641.699951171875,1670.300048828125,1667.300048828125,-0.0029761904761904656,0.00931963774330602,66.66,66.55,69.56521739130429,67.1
2022-10-18 00:00:00+00:00,66.1,67.1,1649.0,111.69059967041017,1063.66,82.81999969482422,3.08,67.0,67.0,66.9,1657.0,1670.0,1678.699951171875,0.0014925373134326847,-0.004828002414001165,66.73,66.56,67.81609195402292,67.0
2022-10-19 00:00:00+00:00,66.0,67.0,1627.5,111.69059967041017,1060.07,85.55000305175781,3.08,67.1,67.2,66.9,1649.0,1641.699951171875,1670.300048828125,-0.0014903129657226621,-0.013038204972710687,66.79,66.56166666666667,58.33333333333327,67.2
2022-10-20 00:00:00+00:00,66.2,67.2,1630.800048828125,111.69059967041017,1058.45,85.9800033569336,3.08,67.0,67.0,67.0,1627.5,1657.0,1670.0,0.0029850746268658135,0.0020276797715053085,66.94000000000001,66.56833333333334,60.52631578947366,67.3
2022-10-21 00:00:00+00:00,66.3,67.3,1651.0,111.69059967041017,1019.82,85.05000305175781,3.08,67.2,67.1,67.2,1630.800048828125,1649.0,1641.699951171875,0.0014880952380951218,0.012386528432097199,67.08000000000001,66.57833333333333,64.86486486486484,67.3
2022-10-24 00:00:00+00:00,66.3,67.3,1648.699951171875,111.69059967041017,986.15,84.58000183105469,3.08,67.3,67.0,67.0,1651.0,1627.5,1657.0,0.0,-0.001393124668761403,67.09,66.58666666666667,62.85714285714278,67.2
2022-10-25 00:00:00+00:00,66.2,67.2,1652.800048828125,110.9499969482422,997.7,85.31999969482422,3.08,67.3,67.2,67.1,1648.699951171875,1630.800048828125,1649.0,-0.0014858841010400026,0.0024868670938793525,67.12,66.59666666666666,61.111111111111136,67.4
2022-10-26 00:00:00+00:00,66.4,67.4,1664.0,109.6999969482422,993.36,87.91000366210938,3.08,67.2,67.3,67.0,1652.800048828125,1651.0,1627.5,0.0029761904761904656,0.006776349734389342,67.16999999999999,66.61833333333333,77.41935483870989,67.2
2022-10-27 00:00:00+00:00,66.2,67.2,1660.699951171875,110.58999633789062,1028.01,89.08000183105469,3.08,67.4,67.3,67.2,1664.0,1648.699951171875,1630.800048828125,-0.0029673590504450953,-0.0019832024207482313,67.19000000000001,66.64,70.96774193548396,67.1
2022-10-28 00:00:00+00:00,66.1,67.1,1639.5999755859375,110.66999816894533,1027.36,87.9000015258789,3.08,67.2,67.2,67.3,1660.699951171875,1652.800048828125,1651.0,-0.0014880952380953438,-0.012705471311086791,67.17999999999999,66.65833333333333,47.36842105263134,67.0
2022-10-31 00:00:00+00:00,66.0,67.0,1635.9000244140625,111.52999877929688,1027.94,86.52999877929688,3.08,67.1,67.4,67.3,1639.5999755859375,1664.0,1648.699951171875,-0.0014903129657226621,-0.0022566182160088655,67.17999999999999,66.67,52.94117647058809,67.1
2022-11-01 00:00:00+00:00,66.1,67.1,1645.0,111.4800033569336,1033.75,88.37000274658203,3.78,67.0,67.2,67.2,1635.9000244140625,1660.699951171875,1652.800048828125,0.0014925373134326847,0.005562672198869079,67.17999999999999,66.68166666666667,55.555555555555294,67.2
2022-11-02 00:00:00+00:00,66.2,67.2,1645.699951171875,111.3499984741211,1023.19,90.0,3.78,67.1,67.1,67.4,1645.0,1639.5999755859375,1664.0,0.0014903129657228842,0.0004255022321428825,67.2,66.70166666666667,55.55555555555564,67.0
2022-11-03 00:00:00+00:00,66.0,67.0,1627.300048828125,111.69059967041017,1019.81,88.16999816894531,3.78,67.2,67.0,67.2,1645.699951171875,1635.9000244140625,1660.699951171875,-0.0029761904761904656,-0.011180593601310962,67.17999999999999,66.715,44.44444444444436,67.3
2022-11-04 00:00:00+00:00,66.3,67.3,1672.5,110.87999725341795,997.15,92.61000061035156,3.78,67.0,67.1,67.1,1627.300048828125,1645.0,1639.5999755859375,0.004477611940298498,0.027776039953065323,67.17999999999999,66.745,57.894736842105225,67.3
2022-11-07 00:00:00+00:00,66.3,67.3,1676.5,110.12000274658205,975.19,91.79000091552734,3.78,67.3,67.2,67.0,1672.5,1645.699951171875,1635.9000244140625,0.0,0.0023916292974588416,67.18,66.80166666666666,55.55555555555564,67.2
2022-11-08 00:00:00+00:00,66.2,67.2,1712.0999755859375,109.62000274658205,981.65,88.91000366210938,3.78,67.3,67.0,67.1,1676.5,1627.300048828125,1645.0,-0.0014858841010400026,0.02123470061791677,67.17999999999999,66.86833333333333,55.55555555555564,67.5
2022-11-09 00:00:00+00:00,66.5,67.5,1710.0999755859375,110.5500030517578,985.59,85.83000183105469,3.78,67.2,67.3,67.2,1712.0999755859375,1672.5,1645.699951171875,0.004464285714285587,-0.001168156082307914,67.19,66.93333333333334,57.894736842105225,67.3
2022-11-10 00:00:00+00:00,66.3,67.3,1750.300048828125,108.20999908447266,947.24,86.47000122070312,3.78,67.5,67.3,67.0,1710.0999755859375,1676.5,1627.300048828125,-0.002962962962963056,0.023507440393017776,67.2,66.96333333333334,50.0,67.6
2022-11-11 00:00:00+00:00,66.6,67.6,1766.0,106.29000091552734,954.53,88.95999908447266,3.78,67.3,67.2,67.3,1750.300048828125,1712.0999755859375,1672.5,0.004457652303120341,0.008969862728614109,67.25,67.00333333333333,56.52173913043473,67.5
2022-11-14 00:00:00+00:00,66.5,67.5,1773.5999755859375,106.66000366210938,941.04,85.87000274658203,3.78,67.6,67.5,67.3,1766.0,1710.0999755859375,1676.5,-0.0014792899408283544,0.004303496934279449,67.3,67.04666666666667,56.52173913043473,67.7
2022-11-15 00:00:00+00:00,66.7,67.7,1773.800048828125,106.4000015258789,911.9,86.91999816894531,3.78,67.5,67.3,67.2,1773.5999755859375,1750.300048828125,1712.0999755859375,0.002962962962963056,0.0001128062950730424,67.36,67.09,56.52173913043473,67.7
2022-11-16 00:00:00+00:00,66.7,67.7,1773.0,106.27999877929688,942.9,85.58999633789062,3.78,67.7,67.6,67.5,1773.800048828125,1766.0,1710.0999755859375,0.0,-0.0004510366479320016,67.41,67.13333333333334,61.90476190476193,67.7
2022-11-17 00:00:00+00:00,66.7,67.7,1760.800048828125,106.69000244140624,969.26,81.63999938964844,3.78,67.7,67.5,67.3,1773.0,1773.5999755859375,1750.300048828125,0.0,-0.006880965127961103,67.47999999999999,67.2,65.00000000000031,67.6
2022-11-18 00:00:00+00:00,66.6,67.6,1751.9000244140625,106.93000030517578,969.33,80.08000183105469,3.78,67.7,67.7,67.6,1760.800048828125,1773.800048828125,1766.0,-0.001477104874446189,-0.005054534397580079,67.51,67.25666666666667,64.99999999999986,67.5
2022-11-21 00:00:00+00:00,66.5,67.5,1737.4000244140625,107.83999633789062,960.65,79.7300033569336,3.78,67.6,67.7,67.5,1751.9000244140625,1773.0,1773.5999755859375,-0.0014792899408283544,-0.00827672800840884,67.53,67.26666666666667,60.00000000000014,67.5
2022-11-22 00:00:00+00:00,66.5,67.5,1738.300048828125,107.22000122070312,952.12,80.94999694824219,3.78,67.5,67.7,67.7,1737.4000244140625,1760.800048828125,1773.800048828125,0.0,0.0005180294701365717,67.56,67.28666666666666,57.894736842105225,67.5
2022-11-23 00:00:00+00:00,66.5,67.5,1744.9000244140625,106.08000183105467,946.0,77.94000244140625,3.78,67.5,67.6,67.7,1738.300048828125,1751.9000244140625,1773.0,0.0,0.0037967988267542108,67.56,67.30666666666666,64.70588235294127,67.6
2022-11-24 00:00:00+00:00,66.6,67.6,1744.9000244140625,106.08000183105467,947.71,77.94000244140625,3.78,67.5,67.5,67.7,1744.9000244140625,1737.4000244140625,1760.800048828125,0.001481481481481417,0.0,67.59,67.32666666666667,60.0,67.7
2022-11-25 00:00:00+00:00,66.7,67.7,1753.300048828125,105.95999908447266,971.46,76.27999877929688,3.78,67.6,67.5,67.6,1744.9000244140625,1738.300048828125,1751.9000244140625,0.0014792899408284654,0.004814043381587529,67.6,67.34333333333333,62.50000000000022,67.45
2022-11-28 00:00:00+00:00,66.65,67.45,1740.0999755859375,106.68000030517578,1005.69,77.23999786376953,3.78,67.7,67.5,67.5,1753.300048828125,1744.9000244140625,1737.4000244140625,-0.0036927621861152504,-0.007528701804925042,67.595,67.35833333333333,57.14285714285714,67.3
2022-11-29 00:00:00+00:00,66.5,67.3,1748.4000244140625,106.81999969482422,1032.16,78.19999694824219,3.78,67.45,67.6,67.5,1740.0999755859375,1744.9000244140625,1738.300048828125,-0.002223869532987477,0.00476986894119702,67.55499999999999,67.365,43.74999999999994,67.3
2022-11-30 00:00:00+00:00,66.5,67.3,1746.0,105.9499969482422,1048.42,80.55000305175781,3.78,67.3,67.7,67.5,1748.4000244140625,1753.300048828125,1744.9000244140625,0.0,-0.0013726975409227293,67.515,67.375,50.0,67.15
2022-12-01 00:00:00+00:00,66.35,67.15,1801.0999755859375,104.7300033569336,1036.28,81.22000122070312,4.1,67.3,67.45,67.6,1746.0,1740.0999755859375,1744.9000244140625,-0.0022288261515600594,0.03155783252344646,67.46000000000001,67.37333333333333,32.000000000000455,67.0
2022-12-02 00:00:00+00:00,66.2,67.0,1795.9000244140625,104.5500030517578,1080.01,79.9800033569336,4.1,67.15,67.3,67.7,1801.0999755859375,1748.4000244140625,1753.300048828125,-0.0022338049143708627,-0.002887097463972421,67.4,67.36333333333333,30.769230769230944,67.05
2022-12-05 00:00:00+00:00,66.25,67.05,1767.4000244140625,105.29000091552734,1093.67,76.93000030517578,4.1,67.0,67.3,67.45,1795.9000244140625,1746.0,1740.0999755859375,0.0007462686567163423,-0.015869480267588165,67.35499999999999,67.35499999999999,21.739130434782496,67.15
2022-12-06 00:00:00+00:00,66.35,67.15,1769.300048828125,105.58000183105467,1048.69,74.25,4.1,67.05,67.15,67.3,1767.4000244140625,1801.0999755859375,1748.4000244140625,0.001491424310216427,0.001075039259825994,67.32000000000001,67.35333333333332,28.00000000000037,66.9
2022-12-07 00:00:00+00:00,66.1,66.9,1785.5,105.0999984741211,1041.02,72.01000213623047,4.1,67.15,67.0,67.3,1769.300048828125,1795.9000244140625,1746.0,-0.0037230081906179935,0.009156135604362126,67.26,67.33666666666667,23.33333333333367,67.15
2022-12-08 00:00:00+00:00,66.35,67.15,1788.699951171875,104.7699966430664,1050.53,71.45999908447266,4.1,66.9,67.05,67.15,1785.5,1767.4000244140625,1801.0999755859375,0.0037369207772794955,0.0017921877187763169,67.215,67.335,36.36363636363675,67.1
2022-12-09 00:00:00+00:00,66.3,67.1,1798.0999755859375,104.80999755859376,1051.81,71.0199966430664,4.1,67.15,67.15,67.0,1788.699951171875,1769.300048828125,1795.9000244140625,-0.0007446016381237319,0.005255227075901647,67.155,67.335,37.5,67.2
2022-12-12 00:00:00+00:00,66.4,67.2,1780.5,105.12999725341795,1032.07,73.16999816894531,4.1,67.1,66.9,67.05,1798.0999755859375,1785.5,1767.4000244140625,0.0014903129657228842,-0.009788096226519438,67.13,67.34166666666667,41.176470588235546,66.9
2022-12-13 00:00:00+00:00,66.1,66.9,1813.9000244140625,103.9800033569336,1047.45,75.38999938964844,4.1,67.2,67.15,67.15,1780.5,1788.699951171875,1769.300048828125,-0.004464285714285698,0.018758789336738246,67.09,67.335,35.000000000000355,67.0
2022-12-14 00:00:00+00:00,66.2,67.0,1807.5,103.7699966430664,1050.43,77.27999877929688,4.1,66.9,67.1,66.9,1813.9000244140625,1798.0999755859375,1785.5,0.001494768310911665,-0.0035283225800329943,67.06,67.32833333333333,35.000000000000355,66.8
2022-12-15 00:00:00+00:00,66.0,66.8,1777.199951171875,104.55999755859376,1055.32,76.11000061035156,4.1,67.0,67.2,67.15,1807.5,1780.5,1788.699951171875,-0.0029850746268657025,-0.016763512491355437,67.025,67.32166666666666,28.57142857142867,66.9
2022-12-16 00:00:00+00:00,66.1,66.9,1790.0,104.6999969482422,1052.48,74.29000091552734,4.1,66.8,66.9,67.1,1777.199951171875,1813.9000244140625,1798.0999755859375,0.0014970059880241582,0.00720236843338018,67.015,67.30833333333334,35.897435897436196,67.0
2022-12-19 00:00:00+00:00,66.2,67.0,1787.699951171875,104.72000122070312,1038.4,75.19000244140625,4.1,66.9,67.0,67.2,1790.0,1807.5,1780.5,0.001494768310911665,-0.0012849434793994474,67.01,67.29833333333333,42.105263157894896,67.2
2022-12-20 00:00:00+00:00,66.4,67.2,1815.9000244140625,103.97000122070312,1023.13,76.08999633789062,4.1,67.0,66.8,66.9,1787.699951171875,1777.199951171875,1813.9000244140625,0.0029850746268658135,0.015774500202733632,67.015,67.29833333333333,47.61904761904778,66.8
2022-12-21 00:00:00+00:00,66.0,66.8,1815.9000244140625,104.16000366210938,1018.88,78.29000091552734,4.1,67.2,66.9,67.0,1815.9000244140625,1790.0,1807.5,-0.005952380952381042,0.0,67.005,67.275,42.55319148936164,66.9
2022-12-22 00:00:00+00:00,66.1,66.9,1787.0,104.43000030517578,1022.61,77.48999786376953,4.1,66.8,67.0,66.8,1815.9000244140625,1787.699951171875,1777.199951171875,0.0014970059880241582,-0.015914986522117425,66.98,67.26166666666667,47.8260869565219,66.9
2022-12-23 00:00:00+00:00,66.1,66.9,1795.9000244140625,104.30999755859376,1020.34,79.55999755859375,4.1,66.9,67.2,66.9,1787.0,1815.9000244140625,1790.0,0.0,0.004980427763884965,66.96000000000001,67.23833333333333,46.66666666666692,66.9
2022-12-26 00:00:00+00:00,66.1,66.9,1795.9000244140625,104.30999755859376,985.21,79.55999755859375,4.1,66.9,66.8,67.0,1795.9000244140625,1815.9000244140625,1787.699951171875,0.0,0.0,66.93,67.21833333333333,44.186046511628,66.6
2022-12-27 00:00:00+00:00,65.8,66.6,1814.800048828125,104.18000030517578,1004.57,79.52999877929688,4.1,66.9,66.9,67.2,1795.9000244140625,1787.0,1815.9000244140625,-0.00448430493273555,0.010523984719154278,66.9,67.18166666666667,43.18181818181806,66.7
2022-12-28 00:00:00+00:00,65.9,66.7,1807.9000244140625,104.45999908447266,1015.66,78.95999908447266,4.1,66.6,66.9,66.8,1814.800048828125,1795.9000244140625,1815.9000244140625,0.0015015015015016342,-0.003802085204107186,66.87,67.14833333333334,39.02439024390266,66.7
2022-12-29 00:00:00+00:00,65.9,66.7,1819.5,103.83999633789062,1009.29,78.4000015258789,4.1,66.7,66.9,66.9,1807.9000244140625,1795.9000244140625,1787.0,0.0,0.006416270495763099,66.86,67.115,40.000000000000426,66.7
2022-12-30 00:00:00+00:00,65.9,66.7,1819.699951171875,103.5199966430664,1007.09,80.26000213623047,4.1,66.7,66.6,66.9,1819.5,1814.800048828125,1795.9000244140625,0.0,0.00010989347176426634,66.84,67.08500000000001,36.84210526315813,66.7
2023-01-01 00:00:00+00:00,65.9,66.7,1819.699951171875,103.5199966430664,1007.09,80.26000213623047,4.33,66.7,66.7,66.9,1819.699951171875,1807.9000244140625,1795.9000244140625,0.0,0.0,66.81,67.05833333333334,43.75000000000005,67.1
2023-01-03 00:00:00+00:00,66.3,67.1,1839.699951171875,104.5199966430664,1043.9,76.93000030517578,4.33,66.7,66.7,66.6,1819.699951171875,1819.5,1814.800048828125,0.0059970014992503096,0.010990822957993807,66.8,67.045,52.631578947368226,67.3
2023-01-04 00:00:00+00:00,66.5,67.3,1852.800048828125,104.25,1046.35,72.83999633789062,4.33,67.1,66.7,66.7,1839.699951171875,1819.699951171875,1807.9000244140625,0.0029806259314455463,0.00712077947705847,66.85,67.03833333333334,63.157894736841875,67.0
2023-01-05 00:00:00+00:00,66.2,67.0,1834.800048828125,105.04000091552734,1055.82,73.66999816894531,4.33,67.3,66.7,66.7,1852.800048828125,1819.699951171875,1819.5,-0.004457652303120341,-0.00971502565070892,66.85999999999999,67.01833333333333,52.38095238095222,67.1
2023-01-06 00:00:00+00:00,66.3,67.1,1864.199951171875,103.87999725341795,1051.44,73.7699966430664,4.33,67.0,67.1,66.7,1834.800048828125,1839.699951171875,1819.699951171875,0.0014925373134326847,0.016023491149636415,66.88,66.99833333333333,52.38095238095222,66.8
2023-01-09 00:00:00+00:00,66.0,66.8,1872.699951171875,103.0,1054.21,74.62999725341797,4.33,67.1,67.3,66.7,1864.199951171875,1852.800048828125,1819.699951171875,-0.0044709388971683195,0.004559596729233117,66.87,66.97666666666667,40.90909090909086,66.9
2023-01-10 00:00:00+00:00,66.1,66.9,1871.5999755859373,103.23999786376952,1053.35,75.12000274658203,4.33,66.8,67.0,67.1,1872.699951171875,1834.800048828125,1839.699951171875,0.0014970059880241582,-0.0005873741734491178,66.9,66.96333333333334,52.63157894736861,66.95
2023-01-11 00:00:00+00:00,66.15,66.95,1874.5999755859373,103.19000244140624,1055.76,77.41000366210938,4.33,66.9,67.1,67.3,1871.5999755859373,1864.199951171875,1852.800048828125,0.0007473841554559435,0.0016029066248843815,66.925,66.95166666666667,51.35135135135126,67.0
2023-01-12 00:00:00+00:00,66.2,67.0,1895.5,102.25,1056.39,78.38999938964844,4.33,66.95,66.8,67.0,1874.5999755859373,1872.699951171875,1834.800048828125,0.0007468259895444529,0.011149058298440595,66.955,66.94666666666667,52.63157894736826,67.3
2023-01-13 00:00:00+00:00,66.5,67.3,1918.4000244140625,102.1999969482422,1060.17,79.86000061035156,4.33,67.0,66.9,67.1,1895.5,1871.5999755859373,1864.199951171875,0.004477611940298498,0.012081257934087208,67.015,66.95666666666666,59.09090909090889,67.2
2023-01-16 00:00:00+00:00,66.4,67.2,1918.4000244140625,102.1999969482422,1066.68,79.86000061035156,4.33,67.3,66.95,66.8,1918.4000244140625,1874.5999755859373,1872.699951171875,-0.0014858841010400026,0.0,67.06500000000001,66.96166666666667,65.00000000000031,67.5
2023-01-17 00:00:00+00:00,66.7,67.5,1907.199951171875,102.38999938964844,1088.29,80.18000030517578,4.33,67.2,67.0,66.9,1918.4000244140625,1895.5,1871.5999755859373,0.004464285714285587,-0.005838236603238345,67.10499999999999,66.97333333333333,68.18181818181833,67.6
2023-01-18 00:00:00+00:00,66.8,67.6,1904.4000244140625,102.36000061035156,1098.28,79.4800033569336,4.33,67.5,67.3,66.95,1907.199951171875,1918.4000244140625,1874.5999755859373,0.001481481481481417,-0.001468082439962326,67.135,66.99666666666666,69.56521739130443,67.9
2023-01-19 00:00:00+00:00,66.9,67.9,1922.0999755859373,102.05999755859376,1108.08,80.33000183105469,4.33,67.6,67.2,67.0,1904.4000244140625,1918.4000244140625,1895.5,0.004437869822485396,0.0092942401517353,67.225,67.02166666666668,73.07692307692331,67.9
2023-01-20 00:00:00+00:00,66.9,67.9,1926.4000244140625,102.01000213623048,1108.08,81.30999755859375,4.33,67.9,67.5,67.3,1922.0999755859373,1907.199951171875,1918.4000244140625,0.0,0.002237161897270301,67.305,67.04833333333333,73.07692307692331,67.9
2023-01-23 00:00:00+00:00,66.9,67.9,1927.0999755859373,102.13999938964844,1108.08,81.62000274658203,4.33,67.9,67.6,67.2,1926.4000244140625,1904.4000244140625,1918.4000244140625,0.0,0.0003633467415926628,67.41499999999999,67.07166666666666,68.18181818181853,67.9
2023-01-24 00:00:00+00:00,66.9,67.9,1933.9000244140625,101.91999816894533,1108.08,80.12999725341797,4.33,67.9,67.9,67.5,1927.0999755859373,1922.0999755859373,1907.199951171875,0.0,0.0035286435131927085,67.515,67.105,65.00000000000031,67.9
2023-01-25 00:00:00+00:00,66.9,67.9,1941.199951171875,101.63999938964844,1108.08,80.1500015258789,4.33,67.9,67.9,67.6,1933.9000244140625,1926.4000244140625,1904.4000244140625,0.0,0.003774717754618351,67.61000000000001,67.135,76.47058823529446,67.9
2023-01-26 00:00:00+00:00,66.9,67.9,1929.0999755859373,101.83999633789062,1108.08,81.01000213623047,4.33,67.9,67.9,67.9,1941.199951171875,1927.0999755859373,1922.0999755859373,0.0,-0.006233245358693296,67.70000000000002,67.17166666666667,75.00000000000044,68.5
2023-01-27 00:00:00+00:00,67.5,68.5,1928.5999755859373,101.93000030517578,1117.1,79.68000030517578,4.33,67.9,67.9,67.9,1929.0999755859373,1933.9000244140625,1926.4000244140625,0.008836524300441795,-0.00025918822576742606,67.82000000000001,67.225,94.73684210526343,67.4
2023-01-30 00:00:00+00:00,66.4,67.4,1922.9000244140625,102.27999877929688,1102.57,77.9000015258789,4.33,68.5,67.9,67.9,1928.5999755859373,1941.199951171875,1927.0999755859373,-0.016058394160583855,-0.0029554864896973454,67.84,67.23833333333333,58.62068965517248,67.6
2023-01-31 00:00:00+00:00,66.2,67.6,1929.5,102.0999984741211,1111.18,78.87000274658203,4.33,67.4,67.9,67.9,1922.9000244140625,1929.0999755859373,1933.9000244140625,0.0029673590504448732,0.0034323030329923565,67.85000000000001,67.25166666666667,60.65573770491801,67.4
2023-02-01 00:00:00+00:00,66.6,67.4,1927.800048828125,101.22000122070312,1075.97,76.41000366210938,4.57,67.6,68.5,67.9,1929.5,1928.5999755859373,1941.199951171875,-0.002958579881656598,-0.0008810319626199048,67.83000000000001,67.27166666666668,56.25000000000017,67.8
2023-02-02 00:00:00+00:00,67.0,67.8,1916.300048828125,101.75,1077.59,75.87999725341797,4.57,67.4,67.4,67.9,1927.800048828125,1922.9000244140625,1929.0999755859373,0.005934718100890191,-0.005965348951511129,67.82000000000001,67.30166666666666,57.57575757575768,67.5
2023-02-03 00:00:00+00:00,66.7,67.5,1862.9000244140625,102.91999816894533,1077.15,73.38999938964844,4.57,67.8,67.6,68.5,1916.300048828125,1929.5,1928.5999755859373,-0.004424778761061954,-0.027866212520694877,67.78,67.32166666666667,54.285714285714306,67.2
2023-02-06 00:00:00+00:00,66.4,67.2,1866.199951171875,103.62000274658205,1089.29,74.11000061035156,4.57,67.5,67.4,67.4,1862.9000244140625,1927.800048828125,1922.9000244140625,-0.004444444444444362,0.0017713922994071485,67.71000000000001,67.33166666666666,45.7142857142857,67.35
2023-02-07 00:00:00+00:00,66.55,67.35,1871.699951171875,103.43000030517578,1065.84,77.13999938964844,4.57,67.2,67.8,67.6,1866.199951171875,1916.300048828125,1929.5,0.0022321428571427937,0.0029471654398802727,67.655,67.35666666666667,46.478873239436574,67.5
2023-02-08 00:00:00+00:00,66.7,67.5,1877.4000244140625,103.41000366210938,1072.22,78.47000122070312,4.57,67.35,67.5,67.4,1871.699951171875,1862.9000244140625,1927.800048828125,0.0022271714922050823,0.003045399044124819,67.61500000000001,67.38333333333334,44.11764705882336,67.35
2023-02-09 00:00:00+00:00,66.55,67.35,1866.199951171875,103.22000122070312,1064.03,78.05999755859375,4.57,67.5,67.2,67.8,1877.4000244140625,1866.199951171875,1916.300048828125,-0.0022222222222223476,-0.00596573617584939,67.55999999999999,67.405,42.253521126760305,67.3
2023-02-10 00:00:00+00:00,66.5,67.3,1862.800048828125,103.62999725341795,1055.3,79.72000122070312,4.57,67.35,67.35,67.5,1866.199951171875,1871.699951171875,1862.9000244140625,-0.0007423904974015461,-0.001821831761176007,67.44,67.425,41.66666666666644,67.25
2023-02-13 00:00:00+00:00,66.45,67.25,1851.9000244140625,103.3499984741211,1043.7,80.13999938964844,4.57,67.3,67.5,67.2,1862.800048828125,1877.4000244140625,1866.199951171875,-0.0007429420505200568,-0.005851419437593264,67.425,67.44333333333334,41.0958904109587,67.4
2023-02-14 00:00:00+00:00,66.6,67.4,1854.0,103.2300033569336,1038.64,79.05999755859375,4.57,67.25,67.35,67.35,1851.9000244140625,1866.199951171875,1871.699951171875,0.0022304832713755385,0.0011339573185662477,67.405,67.45333333333333,43.42105263157887,67.2
2023-02-15 00:00:00+00:00,66.4,67.2,1834.199951171875,103.91999816894533,1048.2,78.58999633789062,4.57,67.4,67.3,67.5,1854.0,1862.800048828125,1877.4000244140625,-0.0029673590504450953,-0.010679637987122459,67.385,67.45,41.24999999999987,67.15
2023-02-16 00:00:00+00:00,66.35,67.15,1842.0,103.86000061035156,1058.29,78.48999786376953,4.57,67.2,67.25,67.35,1834.199951171875,1851.9000244140625,1866.199951171875,-0.0007440476190475609,0.0042525618993400904,67.32000000000001,67.455,30.434782608695514,67.05
2023-02-17 00:00:00+00:00,66.25,67.05,1840.4000244140625,103.86000061035156,1059.31,76.33999633789062,4.57,67.15,67.4,67.3,1842.0,1854.0,1862.800048828125,-0.0014892032762473528,-0.0008686078099552352,67.275,67.45333333333333,42.85714285714261,67.1
2023-02-20 00:00:00+00:00,66.3,67.1,1840.4000244140625,103.86000061035156,1086.69,76.33999633789062,4.57,67.05,67.2,67.25,1840.4000244140625,1834.199951171875,1851.9000244140625,0.0007457121551079915,0.0,67.265,67.46333333333332,39.13043478260861,67.0
2023-02-21 00:00:00+00:00,66.2,67.0,1833.0,104.18000030517578,1082.23,76.16000366210938,4.57,67.1,67.15,67.4,1840.4000244140625,1842.0,1854.0,-0.0014903129657226621,-0.004020878241630332,67.22999999999999,67.46666666666667,40.90909090909073,67.1
2023-02-22 00:00:00+00:00,66.3,67.1,1832.0,104.58999633789062,1054.28,73.94999694824219,4.57,67.0,67.05,67.2,1833.0,1840.4000244140625,1834.199951171875,0.0014925373134326847,-0.0005455537370431252,67.19,67.47166666666666,31.5789473684209,67.0
2023-02-23 00:00:00+00:00,66.3,67.0,1818.0,104.5999984741211,1053.66,75.38999938964844,4.57,67.1,67.1,67.15,1832.0,1840.4000244140625,1842.0,-0.0014903129657226621,-0.007641921397379958,67.155,67.47166666666666,35.29411764705873,67.0
2023-02-24 00:00:00+00:00,66.3,67.0,1808.800048828125,105.20999908447266,1039.56,76.31999969482422,4.57,67.0,67.0,67.05,1818.0,1833.0,1840.4000244140625,0.0,-0.005060479192450451,67.125,67.46166666666667,42.85714285714271,66.75
2023-02-27 00:00:00+00:00,66.05,66.75,1817.0,104.66999816894533,1021.25,75.68000030517578,4.57,67.0,67.1,67.1,1808.800048828125,1832.0,1840.4000244140625,-0.003731343283582045,0.004533365187151306,67.075,67.44666666666667,30.000000000000185,66.8
2023-02-28 00:00:00+00:00,66.1,66.8,1828.9000244140625,104.87000274658205,1024.68,77.05000305175781,4.57,66.75,67.0,67.0,1817.0,1818.0,1833.0,0.0007490636704119424,0.006549270453529266,67.015,67.42333333333333,24.999999999999744,66.8
2023-03-01 00:00:00+00:00,66.1,66.8,1837.699951171875,104.4800033569336,1040.55,77.69000244140625,4.65,66.8,67.0,67.1,1828.9000244140625,1808.800048828125,1832.0,0.0,0.004811595297906868,66.975,67.39666666666668,27.999999999999858,66.85
2023-03-02 00:00:00+00:00,66.15,66.85,1833.5,105.02999877929688,1037.61,78.16000366210938,4.65,66.8,66.75,67.0,1837.699951171875,1817.0,1818.0,0.0007485029940119681,-0.002285439018049007,66.945,67.36166666666666,31.999999999999673,66.8
2023-03-03 00:00:00+00:00,66.1,66.8,1847.699951171875,104.5199966430664,1024.77,79.68000030517578,4.65,66.85,66.8,67.0,1833.5,1828.9000244140625,1808.800048828125,-0.0007479431563200967,0.007744723846127677,66.92,67.325,31.999999999999673,66.85
2023-03-06 00:00:00+00:00,66.15,66.85,1847.9000244140625,104.3499984741211,1027.18,80.45999908447266,4.65,66.8,66.8,66.75,1847.699951171875,1837.699951171875,1817.0,0.0007485029940119681,0.0001082823226037366,66.89500000000001,67.29,26.08695652173816,66.7
2023-03-07 00:00:00+00:00,66.0,66.7,1813.9000244140625,105.62000274658205,1037.84,77.58000183105469,4.65,66.85,66.85,66.8,1847.9000244140625,1833.5,1828.9000244140625,-0.002243829468960179,-0.018399263786351705,66.865,67.25,27.27272727272657,66.55
2023-03-08 00:00:00+00:00,65.85,66.55,1812.699951171875,105.66000366210938,1049.18,76.66000366210938,4.65,66.7,66.8,66.8,1813.9000244140625,1847.699951171875,1837.699951171875,-0.002248875562218977,-0.0006615983384062885,66.80999999999999,67.205,24.999999999999105,66.55
2023-03-09 00:00:00+00:00,65.85,66.55,1829.300048828125,105.30999755859376,1055.95,75.72000122070312,4.65,66.55,66.85,66.85,1812.699951171875,1847.9000244140625,1833.5,0.0,0.009157664314779934,66.765,67.16,27.27272727272657,66.55
2023-03-10 00:00:00+00:00,65.85,66.55,1862.0,104.58000183105467,1053.0,76.68000030517578,4.65,66.55,66.7,66.8,1829.300048828125,1813.9000244140625,1847.699951171875,0.0,0.01787566298531673,66.72,67.095,23.80952380952317,67.0
2023-03-13 00:00:00+00:00,66.3,67.0,1911.699951171875,103.5999984741211,1052.8,74.80000305175781,4.65,66.55,66.55,66.85,1862.0,1812.699951171875,1847.9000244140625,0.0067618332081142984,0.026691703099825492,66.74499999999999,67.08166666666666,50.0,66.85
2023-03-14 00:00:00+00:00,66.15,66.85,1906.199951171875,103.5999984741211,1040.13,71.33000183105469,4.65,67.0,66.55,66.7,1911.699951171875,1829.300048828125,1813.9000244140625,-0.00223880597014936,-0.0028770205264839754,66.75,67.05666666666667,41.379310344827516,66.65
2023-03-15 00:00:00+00:00,65.95,66.65,1926.5999755859373,104.6500015258789,1062.19,67.61000061035156,4.65,66.85,66.55,66.55,1906.199951171875,1862.0,1812.699951171875,-0.0029917726252802757,0.010701933132209351,66.73499999999999,67.03166666666667,38.7096774193549,67.0
2023-03-16 00:00:00+00:00,66.3,67.0,1919.0,104.41999816894533,1047.4,68.3499984741211,4.65,66.65,67.0,66.55,1926.5999755859373,1911.699951171875,1829.300048828125,0.005251312828207011,-0.003944760553433513,66.75,67.005,50.0,67.15
2023-03-17 00:00:00+00:00,66.45,67.15,1969.800048828125,103.70999908447266,1045.14,66.73999786376953,4.65,67.0,66.85,66.55,1919.0,1906.199951171875,1862.0,0.002238805970149249,0.026472146340867697,66.785,66.99333333333333,61.11111111111138,67.6
2023-03-20 00:00:00+00:00,66.9,67.6,1979.199951171875,103.27999877929688,1023.1,67.63999938964844,4.65,67.15,66.65,67.0,1969.800048828125,1926.5999755859373,1911.699951171875,0.006701414743112366,0.004772008381938253,66.86,67.00666666666666,68.18181818181833,67.3
2023-03-21 00:00:00+00:00,66.6,67.3,1938.0,103.26000213623048,1032.43,69.33000183105469,4.65,67.6,67.0,66.85,1979.199951171875,1919.0,1906.199951171875,-0.004437869822485174,-0.020816467354640267,66.92,67.00500000000001,60.000000000000114,67.15
2023-03-22 00:00:00+00:00,66.45,67.15,1946.800048828125,102.3499984741211,1040.54,70.9000015258789,4.65,67.3,67.15,66.65,1938.0,1969.800048828125,1926.5999755859373,-0.0022288261515600594,0.004540788869001444,66.98,66.99333333333333,55.76923076923107,67.5
2023-03-23 00:00:00+00:00,66.6,67.5,1993.800048828125,102.52999877929688,1045.1,69.95999908447266,4.65,67.15,67.6,67.0,1946.800048828125,1979.199951171875,1919.0,0.005212211466865124,0.02414218143681035,67.075,66.99833333333332,62.06896551724158,67.5
2023-03-24 00:00:00+00:00,66.6,67.5,1982.0999755859373,103.12000274658205,1046.79,69.26000213623047,4.65,67.5,67.3,67.15,1993.800048828125,1938.0,1969.800048828125,0.0,-0.0058682279845787555,67.17,67.005,61.40350877193006,67.35
2023-03-27 00:00:00+00:00,66.65,67.35,1952.4000244140625,102.86000061035156,1052.25,72.80999755859375,4.65,67.5,67.15,67.6,1982.0999755859373,1946.800048828125,1979.199951171875,-0.0022222222222223476,-0.014984083314513508,67.20500000000001,67.00833333333334,61.40350877192976,67.15
2023-03-28 00:00:00+00:00,66.45,67.15,1972.4000244140625,102.43000030517578,1054.29,73.19999694824219,4.65,67.35,67.5,67.3,1952.4000244140625,1993.800048828125,1938.0,-0.0029695619896064063,0.010243802371392663,67.235,67.0,60.344827586207174,67.15
2023-03-29 00:00:00+00:00,66.45,67.15,1966.0999755859373,102.63999938964844,1056.33,72.97000122070312,4.65,67.15,67.5,67.15,1972.4000244140625,1982.0999755859373,1946.800048828125,0.0,-0.003194102996422754,67.285,66.99833333333333,60.344827586207174,67.0
2023-03-30 00:00:00+00:00,66.4,67.0,1980.300048828125,102.13999938964844,1059.44,74.37000274658203,4.65,67.15,67.35,67.5,1966.0999755859373,1952.4000244140625,1993.800048828125,-0.0022338049143708627,0.007222457361536705,67.285,66.99333333333333,57.377049180327994,67.05
2023-03-31 00:00:00+00:00,66.45,67.05,1969.0,102.51000213623048,1064.64,75.66999816894531,4.65,67.0,67.15,67.5,1980.300048828125,1972.4000244140625,1982.0999755859373,0.0007462686567163423,-0.005706230646619459,67.275,66.99333333333333,50.94339622641505,67.05
2023-04-01 00:00:00+00:00,66.45,67.05,1969.0,102.51000213623048,1064.64,75.66999816894531,4.83,67.05,67.15,67.35,1969.0,1966.0999755859373,1952.4000244140625,0.0,0.0,67.22,66.99166666666666,54.00000000000013,67.05
2023-04-03 00:00:00+00:00,66.45,67.05,1983.9000244140625,102.08999633789062,1079.28,80.41999816894531,4.83,67.05,67.0,67.15,1969.0,1980.300048828125,1972.4000244140625,0.0,0.007567305441372518,67.195,66.99333333333333,58.695652173912976,67.05
2023-04-04 00:00:00+00:00,66.45,67.05,2022.199951171875,101.58999633789062,1078.45,80.70999908447266,4.83,67.05,67.05,67.15,1983.9000244140625,1969.0,1966.0999755859373,0.0,0.019305371382877246,67.185,66.99166666666666,51.28205128205122,67.15
2023-04-05 00:00:00+00:00,66.55,67.15,2020.9000244140625,101.8499984741211,1080.86,80.61000061035156,4.83,67.05,67.05,67.0,2022.199951171875,1969.0,1980.300048828125,0.001491424310216427,-0.0006428280037585887,67.15,66.99666666666666,50.0,67.1
2023-04-06 00:00:00+00:00,66.5,67.1,2011.9000244140625,101.81999969482422,1070.91,80.69999694824219,4.83,67.15,67.05,67.05,2020.9000244140625,1983.9000244140625,1969.0,-0.0007446016381237319,-0.004453461275309434,67.11,67.0,33.33333333333333,67.05
2023-04-07 00:00:00+00:00,66.45,67.05,2011.9000244140625,101.81999969482422,1069.71,80.69999694824219,4.83,67.1,67.05,67.05,2011.9000244140625,2022.199951171875,1969.0,-0.0007451564828613311,0.0,67.08,67.01,39.99999999999999,67.05
2023-04-10 00:00:00+00:00,66.45,67.05,1989.0999755859373,102.58000183105467,1065.35,79.73999786376953,4.83,67.05,67.15,67.05,2011.9000244140625,2020.9000244140625,1983.9000244140625,0.0,-0.011332595333490958,67.07,67.01833333333333,45.454545454545105,67.0
2023-04-11 00:00:00+00:00,66.4,67.0,2004.800048828125,102.1999969482422,1069.46,81.52999877929688,4.83,67.05,67.1,67.05,1989.0999755859373,2011.9000244140625,2022.199951171875,-0.0007457121551081025,0.007893053860986932,67.05499999999999,67.025,18.75000000000044,67.0
2023-04-12 00:00:00+00:00,66.4,67.0,2010.9000244140625,101.5,1069.45,83.26000213623047,4.83,67.0,67.05,67.15,2004.800048828125,2011.9000244140625,2020.9000244140625,0.0,0.003042685274026846,67.05499999999999,67.03,18.75000000000044,67.1
2023-04-13 00:00:00+00:00,66.5,67.1,2041.300048828125,101.01000213623048,1064.3,82.16000366210938,4.83,67.0,67.05,67.1,2010.9000244140625,1989.0999755859373,2011.9000244140625,0.0014925373134326847,0.015117620988104763,67.06,67.03999999999999,33.33333333333333,67.1
2023-04-14 00:00:00+00:00,66.5,67.1,2002.199951171875,101.5500030517578,1052.89,82.5199966430664,4.83,67.1,67.0,67.05,2041.300048828125,2004.800048828125,2011.9000244140625,0.0,-0.019154507774933327,67.065,67.04833333333333,45.454545454544515,67.2
2023-04-17 00:00:00+00:00,66.6,67.2,1994.199951171875,102.0999984741211,1053.81,80.83000183105469,4.83,67.1,67.0,67.05,2002.199951171875,2010.9000244140625,1989.0999755859373,0.0014903129657228842,-0.0039956049321235865,67.08,67.065,53.84615384615351,67.1
2023-04-18 00:00:00+00:00,66.5,67.1,2007.4000244140625,101.75,1055.02,80.86000061035156,4.83,67.2,67.1,67.0,1994.199951171875,2041.300048828125,2004.800048828125,-0.0014880952380953438,0.0066192325571117205,67.085,67.08333333333333,58.33333333333254,66.95
2023-04-19 00:00:00+00:00,66.35,66.95,1995.199951171875,101.97000122070312,1048.98,79.16000366210938,4.83,67.1,67.1,67.0,2007.4000244140625,2002.199951171875,2010.9000244140625,-0.0022354694485841042,-0.00607754961333562,67.065,67.09666666666666,42.85714285714344,67.0
2023-04-20 00:00:00+00:00,66.4,67.0,2007.5999755859373,101.83999633789062,1049.25,77.29000091552734,4.83,66.95,67.2,67.1,1995.199951171875,1994.199951171875,2041.300048828125,0.0007468259895444529,0.006214928186410118,67.05499999999999,67.11166666666666,46.66666666666692,66.95
2023-04-21 00:00:00+00:00,66.35,66.95,1979.5,101.81999969482422,1042.91,77.87000274658203,4.83,67.0,67.1,67.1,2007.5999755859373,2007.4000244140625,2002.199951171875,-0.0007462686567163423,-0.013996800123359243,67.045,67.11,43.75000000000045,67.0
2023-04-24 00:00:00+00:00,66.4,67.0,1989.0999755859373,101.3499984741211,1041.36,78.76000213623047,4.83,66.95,66.95,67.2,1979.5,1995.199951171875,1994.199951171875,0.0007468259895444529,0.004849697189157398,67.04,67.115,47.05882352941196,67.05
2023-04-25 00:00:00+00:00,66.45,67.05,1994.0,101.86000061035156,1034.85,77.06999969482422,4.83,67.0,67.0,67.1,1989.0999755859373,2007.5999755859373,2007.4000244140625,0.0007462686567163423,0.0024634379740613443,67.045,67.12833333333334,43.749999999999446,67.15
2023-04-26 00:00:00+00:00,66.55,67.15,1985.699951171875,101.47000122070312,1040.8,74.30000305175781,4.83,67.05,66.95,66.95,1994.0,1979.5,1995.199951171875,0.001491424310216427,-0.00416251194991224,67.06,67.13333333333334,52.94117647058892,67.15
2023-04-27 00:00:00+00:00,66.55,67.15,1989.9000244140625,101.5,1039.63,74.76000213623047,4.83,67.15,67.0,67.0,1985.699951171875,1989.0999755859373,2007.5999755859373,0.0,0.002115160067214017,67.065,67.13333333333334,56.25000000000056,67.2
2023-04-28 00:00:00+00:00,66.6,67.2,1990.0999755859373,101.66999816894533,1049.12,76.77999877929688,4.83,67.15,67.05,66.95,1989.9000244140625,1994.0,1979.5,0.0007446016381236209,0.00010048302398191211,67.075,67.12,58.8235294117651,67.2
2023-05-01 00:00:00+00:00,66.6,67.2,1983.4000244140625,102.1500015258789,1049.12,75.66000366210938,5.06,67.2,67.15,67.0,1990.0999755859373,1985.699951171875,1989.0999755859373,0.0,-0.003366640497496687,67.075,67.11666666666666,62.50000000000022,67.2
2023-05-02 00:00:00+00:00,66.6,67.2,2014.300048828125,101.95999908447266,1049.12,71.66000366210938,5.06,67.2,67.15,67.05,1983.4000244140625,1989.9000244140625,1994.0,0.0,0.015579320375974648,67.08500000000001,67.11833333333333,62.50000000000022,67.15
2023-05-03 00:00:00+00:00,66.55,67.15,2028.5999755859373,101.33999633789062,1049.12,68.5999984741211,5.06,67.2,67.2,67.15,2014.300048828125,1990.0999755859373,1985.699951171875,-0.0007440476190475609,0.007099203897717121,67.10499999999999,67.10666666666667,53.333333333334096,67.2
2023-05-04 00:00:00+00:00,66.6,67.2,2048.0,101.4000015258789,1040.61,68.55999755859375,5.06,67.15,67.2,67.15,2028.5999755859373,1983.4000244140625,1989.9000244140625,0.0007446016381236209,0.009563257738115283,67.125,67.09666666666666,56.25000000000056,67.1
2023-05-05 00:00:00+00:00,66.5,67.1,2017.4000244140625,101.20999908447266,1040.31,71.33999633789062,5.06,67.2,67.2,67.2,2048.0,2014.300048828125,1990.0999755859373,-0.0014880952380953438,-0.014941394329071045,67.14,67.08833333333332,43.749999999999446,67.1
2023-05-08 00:00:00+00:00,66.5,67.1,2026.300048828125,101.37000274658205,1053.44,73.16000366210938,5.06,67.1,67.15,67.2,2017.4000244140625,2028.5999755859373,1983.4000244140625,0.0,0.004411630963793378,67.15,67.08666666666667,50.0,67.2
2023-05-09 00:00:00+00:00,66.6,67.2,2036.199951171875,101.63999938964844,1053.77,73.70999908447266,5.06,67.1,67.2,67.2,2026.300048828125,2048.0,2014.300048828125,0.0014903129657228842,0.004885704044411021,67.16499999999999,67.08833333333332,69.23076923076906,67.1
2023-05-10 00:00:00+00:00,66.5,67.1,2030.5,101.4800033569336,1058.26,72.55999755859375,5.06,67.2,67.1,67.15,2036.199951171875,2017.4000244140625,2028.5999755859373,-0.0014880952380953438,-0.0027993081762891503,67.16,67.09166666666667,57.14285714285656,67.25
2023-05-11 00:00:00+00:00,66.65,67.25,2014.699951171875,102.05999755859376,1057.12,70.87000274658203,5.06,67.1,67.1,67.2,2030.5,2026.300048828125,2048.0,0.0022354694485842153,-0.0077813586939793344,67.17,67.09833333333333,68.74999999999922,67.15
2023-05-12 00:00:00+00:00,66.55,67.15,2014.5,102.68000030517578,1066.9,70.04000091552734,5.06,67.25,67.2,67.1,2014.699951171875,2036.199951171875,2017.4000244140625,-0.0014869888475835813,-9.924612931011545e-05,67.16499999999999,67.10166666666666,58.82352941176481,67.25
2023-05-15 00:00:00+00:00,66.65,67.25,2018.0,102.43000030517578,1065.71,71.11000061035156,5.06,67.15,67.1,67.1,2014.5,2030.5,2026.300048828125,0.0014892032762470198,0.0017374038222883748,67.16999999999999,67.10833333333333,61.11111111111103,67.15
2023-05-16 00:00:00+00:00,66.55,67.15,1988.4000244140625,102.55999755859376,1065.91,70.86000061035156,5.06,67.25,67.25,67.2,2018.0,2014.699951171875,2036.199951171875,-0.0014869888475835813,-0.014667976008888806,67.165,67.11166666666666,50.0,67.1
2023-05-17 00:00:00+00:00,66.5,67.1,1980.699951171875,102.87999725341795,1060.44,72.83000183105469,5.06,67.15,67.15,67.1,1988.4000244140625,2014.5,2030.5,-0.0007446016381237319,-0.0038724970567511896,67.16,67.11,47.36842105263102,67.15
2023-05-18 00:00:00+00:00,66.55,67.15,1956.5,103.58000183105467,1068.31,71.86000061035156,5.06,67.1,67.25,67.25,1980.699951171875,2018.0,2014.699951171875,0.0007451564828615531,-0.012217878410890615,67.155,67.11166666666666,47.36842105263181,67.25
2023-05-19 00:00:00+00:00,66.65,67.25,1978.699951171875,103.1999969482422,1067.07,71.55000305175781,5.06,67.15,67.15,67.15,1956.5,1988.4000244140625,2014.5,0.0014892032762470198,0.011346767785266998,67.17,67.11833333333333,52.380952380952195,67.2
2023-05-22 00:00:00+00:00,66.6,67.2,1974.800048828125,103.1999969482422,1070.64,71.98999786376953,5.06,67.25,67.1,67.25,1978.699951171875,1980.699951171875,2018.0,-0.0007434944237917351,-0.0019709417496271975,67.17999999999999,67.12333333333333,50.0,67.15
2023-05-23 00:00:00+00:00,66.55,67.15,1972.4000244140625,103.48999786376952,1065.85,72.91000366210938,5.06,67.2,67.15,67.15,1974.800048828125,1956.5,1988.4000244140625,-0.0007440476190475609,-0.001215325275835788,67.175,67.12833333333333,50.0,67.1
2023-05-24 00:00:00+00:00,66.5,67.1,1962.800048828125,103.88999938964844,1061.79,74.33999633789062,5.06,67.15,67.25,67.1,1972.4000244140625,1978.699951171875,1980.699951171875,-0.0007446016381237319,-0.004867154465174606,67.175,67.13166666666667,45.45454545454522,67.1
2023-05-25 00:00:00+00:00,66.5,67.1,1943.0999755859373,104.20999908447266,1064.63,71.83000183105469,5.06,67.1,67.2,67.15,1962.800048828125,1974.800048828125,1956.5,0.0,-0.01003671935607986,67.16,67.13166666666667,50.0,67.05
2023-05-26 00:00:00+00:00,66.45,67.05,1944.0999755859373,104.20999908447266,1063.76,72.66999816894531,5.06,67.1,67.15,67.25,1943.0999755859373,1972.4000244140625,1978.699951171875,-0.0007451564828613311,0.0005146415586252395,67.15,67.13,47.61904761904782,67.0
2023-05-29 00:00:00+00:00,66.4,67.0,1944.0999755859373,104.20999908447266,1074.98,72.66999816894531,5.06,67.05,67.1,67.2,1944.0999755859373,1962.800048828125,1974.800048828125,-0.0007457121551081025,0.0,67.125,67.12333333333332,39.99999999999999,67.0
2023-05-30 00:00:00+00:00,66.4,67.0,1958.0,104.16999816894533,1078.05,69.45999908447266,5.06,67.0,67.1,67.15,1944.0999755859373,1943.0999755859373,1972.4000244140625,0.0,0.0071498506191141065,67.10999999999999,67.11999999999999,44.4444444444448,67.05
2023-05-31 00:00:00+00:00,66.45,67.05,1963.9000244140625,104.31999969482422,1075.17,68.08999633789062,5.06,67.0,67.05,67.1,1958.0,1944.0999755859373,1962.800048828125,0.0007462686567163423,0.0030132913248530624,67.105,67.12333333333333,37.49999999999978,67.0
2023-06-01 00:00:00+00:00,66.4,67.0,1978.0,103.55999755859376,1078.39,70.0999984741211,5.08,67.05,67.0,67.1,1963.9000244140625,1944.0999755859373,1943.0999755859373,-0.0007457121551081025,0.007179579108230971,67.09,67.12333333333333,39.999999999999616,67.05
2023-06-02 00:00:00+00:00,66.45,67.05,1952.4000244140625,104.0199966430664,1090.84,71.73999786376953,5.08,67.0,67.0,67.05,1978.0,1958.0,1944.0999755859373,0.0007462686567163423,-0.012942353683487062,67.07000000000001,67.12666666666667,35.714285714285566,67.15
2023-06-05 00:00:00+00:00,66.55,67.15,1958.0,104.0,1097.82,72.1500015258789,5.08,67.05,67.05,67.0,1952.4000244140625,1963.9000244140625,1944.0999755859373,0.001491424310216427,0.0028682521593483834,67.065,67.13166666666667,50.0,67.0
2023-06-06 00:00:00+00:00,66.4,67.0,1965.5,104.12999725341795,1108.31,71.73999786376953,5.08,67.15,67.0,67.0,1958.0,1978.0,1958.0,-0.0022338049143708627,0.003830439223697635,67.05,67.13,43.75000000000045,67.05
2023-06-07 00:00:00+00:00,66.45,67.05,1942.699951171875,104.0999984741211,1109.54,72.52999877929688,5.08,67.0,67.05,67.05,1965.5,1952.4000244140625,1963.9000244140625,0.0007462686567163423,-0.011600126597875904,67.045,67.12666666666668,43.749999999999446,67.0
2023-06-08 00:00:00+00:00,66.4,67.0,1963.5999755859373,103.33999633789062,1101.32,71.29000091552734,5.08,67.05,67.15,67.0,1942.699951171875,1958.0,1978.0,-0.0007457121551081025,0.010758235929050786,67.035,67.12166666666667,33.33333333333333,67.1
2023-06-09 00:00:00+00:00,66.5,67.1,1962.199951171875,103.55999755859376,1107.53,70.16999816894531,5.08,67.0,67.0,67.05,1963.5999755859373,1965.5,1952.4000244140625,0.0014925373134326847,-0.0007129886084076276,67.03999999999999,67.11833333333333,43.749999999999446,67.1
2023-06-12 00:00:00+00:00,66.5,67.1,1955.300048828125,103.62999725341795,1116.02,67.12000274658203,5.08,67.1,67.05,67.15,1962.199951171875,1942.699951171875,1958.0,0.0,-0.003516411433824196,67.05,67.115,46.66666666666591,67.1
2023-06-13 00:00:00+00:00,66.5,67.1,1944.5999755859373,103.33999633789062,1122.46,69.41999816894531,5.08,67.1,67.0,67.0,1955.300048828125,1963.5999755859373,1965.5,0.0,-0.005472343361624055,67.06,67.11166666666666,50.0,67.15
2023-06-14 00:00:00+00:00,66.55,67.15,1955.300048828125,103.01000213623048,1117.42,68.2699966430664,5.08,67.1,67.1,67.05,1944.5999755859373,1962.199951171875,1942.699951171875,0.0007451564828615531,0.005502454682981162,67.07,67.11166666666666,53.333333333334096,67.15
2023-06-15 00:00:00+00:00,66.55,67.15,1957.800048828125,102.12000274658205,1116.97,70.62000274658203,5.08,67.15,67.1,67.0,1955.300048828125,1955.300048828125,1963.5999755859373,0.0,0.0012785761456397537,67.085,67.11,57.14285714285772,67.15
2023-06-16 00:00:00+00:00,66.55,67.15,1958.4000244140625,102.3000030517578,1115.22,71.77999877929688,5.08,67.15,67.1,67.1,1957.800048828125,1944.5999755859373,1962.199951171875,0.0,0.0003064539641302044,67.095,67.11166666666666,61.538461538461874,67.05
2023-06-19 00:00:00+00:00,66.45,67.05,1958.4000244140625,102.3000030517578,1105.4,71.77999877929688,5.08,67.15,67.15,67.1,1958.4000244140625,1955.300048828125,1955.300048828125,-0.0014892032762473528,0.0,67.08500000000001,67.11,53.33333333333308,67.1
2023-06-20 00:00:00+00:00,66.5,67.1,1935.5,102.54000091552734,1111.72,70.5,5.08,67.05,67.15,67.1,1958.4000244140625,1957.800048828125,1944.5999755859373,0.0007457121551079915,-0.011693231274807592,67.095,67.10666666666667,53.33333333333308,67.0
2023-06-21 00:00:00+00:00,66.4,67.0,1933.300048828125,102.06999969482422,1118.46,72.52999877929688,5.08,67.1,67.15,67.15,1935.5,1958.4000244140625,1955.300048828125,-0.0014903129657226621,-0.0011366319668689728,67.09,67.10333333333332,50.0,67.05
2023-06-22 00:00:00+00:00,66.45,67.05,1912.699951171875,102.38999938964844,1125.3,69.51000213623047,5.08,67.0,67.05,67.15,1933.300048828125,1958.4000244140625,1957.800048828125,0.0007462686567163423,-0.010655406370437381,67.095,67.09666666666666,50.0,67.05
2023-06-23 00:00:00+00:00,66.45,67.05,1919.0999755859373,102.9000015258789,1129.38,69.16000366210938,5.08,67.05,67.1,67.15,1912.699951171875,1935.5,1958.4000244140625,0.0,0.003346068164084448,67.09,67.09333333333333,42.85714285714228,67.0
2023-06-26 00:00:00+00:00,66.4,67.0,1923.699951171875,102.69000244140624,1132.03,69.37000274658203,5.08,67.05,67.0,67.05,1919.0999755859373,1933.300048828125,1958.4000244140625,-0.0007457121551081025,0.0023969442157556475,67.08,67.08500000000001,50.0,66.95
2023-06-27 00:00:00+00:00,66.35,66.95,1914.0,102.48999786376952,1134.33,67.69999694824219,5.08,67.0,67.05,67.1,1923.699951171875,1912.699951171875,1935.5,-0.0007462686567163423,-0.005042341018913099,67.065,67.07833333333333,41.66666666666706,67.0
2023-06-28 00:00:00+00:00,66.4,67.0,1912.300048828125,102.91000366210938,1138.35,69.55999755859375,5.08,66.95,67.05,67.0,1914.0,1919.0999755859373,1933.300048828125,0.0007468259895444529,-0.0008881667564655249,67.05,67.075,50.0,67.05
2023-06-29 00:00:00+00:00,66.45,67.05,1909.199951171875,103.33999633789062,1125.39,69.86000061035156,5.08,67.0,67.0,67.05,1912.300048828125,1923.699951171875,1912.699951171875,0.0007462686567163423,-0.0016211355839005348,67.04,67.07166666666667,45.45454545454569,66.95
2023-06-30 00:00:00+00:00,66.35,66.95,1921.0999755859373,102.91000366210938,1120.18,70.63999938964844,5.08,67.05,66.95,67.05,1909.199951171875,1914.0,1919.0999755859373,-0.001491424310216205,0.0062329901102071705,67.02,67.06166666666667,38.461538461538964,66.95
2023-07-01 00:00:00+00:00,66.35,66.95,1921.0999755859373,102.91000366210938,1120.18,70.63999938964844,5.12,66.95,67.0,67.0,1921.0999755859373,1912.300048828125,1923.699951171875,0.0,0.0,67.01,67.05333333333333,38.461538461538964,67.0
2023-07-03 00:00:00+00:00,66.4,67.0,1921.699951171875,102.98999786376952,1125.5,69.79000091552734,5.12,66.95,67.05,66.95,1921.0999755859373,1909.199951171875,1914.0,0.0007468259895444529,0.0003123083616483058,67.0,67.04833333333333,38.46153846153762,67.1
2023-07-04 00:00:00+00:00,66.5,67.1,1921.699951171875,102.98999786376952,1132.0,69.79000091552734,5.12,67.0,66.95,67.0,1921.699951171875,1921.0999755859373,1912.300048828125,0.0014925373134326847,0.0,67.00999999999999,67.04833333333333,46.66666666666578,66.95
2023-07-05 00:00:00+00:00,66.35,66.95,1919.5999755859373,103.37000274658205,1134.62,71.79000091552734,5.12,67.1,66.95,67.05,1921.699951171875,1921.0999755859373,1909.199951171875,-0.0022354694485841042,-0.0010927697555787041,67.0,67.04333333333334,38.88888888888827,67.05
2023-07-06 00:00:00+00:00,66.45,67.05,1908.699951171875,103.16999816894533,1126.22,71.80000305175781,5.12,66.95,67.0,66.95,1919.5999755859373,1921.699951171875,1921.0999755859373,0.0014936519790886837,-0.00567827909600549,67.0,67.04333333333334,50.0,67.05
2023-07-07 00:00:00+00:00,66.45,67.05,1926.199951171875,102.2699966430664,1138.07,73.86000061035156,5.12,67.05,67.1,66.95,1908.699951171875,1921.699951171875,1921.0999755859373,0.0,0.009168544269755774,67.00500000000001,67.045,47.05882352941176,67.1
2023-07-10 00:00:00+00:00,66.5,67.1,1925.0,101.97000122070312,1149.02,72.98999786376953,5.12,67.05,66.95,67.0,1926.199951171875,1919.5999755859373,1921.699951171875,0.0007457121551079915,-0.0006229629333885933,67.02000000000001,67.04833333333333,56.25,67.2
2023-07-11 00:00:00+00:00,66.6,67.2,1931.300048828125,101.7300033569336,1151.77,74.83000183105469,5.12,67.1,67.05,67.1,1925.0,1908.699951171875,1921.699951171875,0.0014903129657228842,0.0032727526379869865,67.03999999999999,67.05333333333333,58.82352941176539,67.2
2023-07-12 00:00:00+00:00,66.6,67.2,1956.199951171875,100.5199966430664,1154.2,75.75,5.12,67.2,67.05,66.95,1931.300048828125,1926.199951171875,1919.5999755859373,0.0,0.012892819196508976,67.05499999999999,67.06,58.82352941176539,67.35
2023-07-13 00:00:00+00:00,66.75,67.35,1959.199951171875,99.7699966430664,1165.42,76.88999938964844,5.12,67.2,67.1,67.05,1956.199951171875,1925.0,1908.699951171875,0.0022321428571427937,0.0015335855612319538,67.095,67.07,68.42105263157941,67.25
2023-07-14 00:00:00+00:00,66.65,67.25,1960.0999755859373,99.91000366210938,1168.4,75.41999816894531,5.12,67.35,67.2,67.05,1959.199951171875,1931.300048828125,1926.199951171875,-0.0014847809948032031,0.00045938364459630066,67.125,67.07333333333334,65.0000000000005,67.2
2023-07-17 00:00:00+00:00,66.6,67.2,1952.4000244140625,99.83999633789062,1173.13,74.1500015258789,5.12,67.25,67.2,67.1,1960.0999755859373,1956.199951171875,1925.0,-0.0007434944237917351,-0.003928346139371319,67.145,67.08,60.00000000000057,67.2
2023-07-18 00:00:00+00:00,66.6,67.2,1977.199951171875,99.94000244140624,1174.09,75.75,5.12,67.2,67.35,67.2,1952.4000244140625,1959.199951171875,1931.300048828125,0.0,0.012702277426602349,67.155,67.085,57.89473684210589,67.2
2023-07-19 00:00:00+00:00,66.6,67.2,1977.5,100.27999877929688,1172.98,75.3499984741211,5.12,67.2,67.25,67.2,1977.199951171875,1960.0999755859373,1956.199951171875,0.0,0.00015175441813419788,67.17999999999999,67.09166666666667,64.70588235294177,67.2
2023-07-20 00:00:00+00:00,66.6,67.2,1968.300048828125,100.87999725341795,1172.81,75.62999725341797,5.12,67.2,67.2,67.35,1977.5,1952.4000244140625,1959.199951171875,0.0,-0.0046523141197850615,67.19500000000001,67.095,64.70588235294177,67.05
2023-07-21 00:00:00+00:00,66.45,67.05,1964.300048828125,101.06999969482422,1185.9,77.06999969482422,5.12,67.2,67.2,67.25,1968.300048828125,1977.199951171875,1960.0999755859373,-0.0022321428571429047,-0.002032210486598074,67.19500000000001,67.09333333333333,52.63157894736834,67.2
2023-07-24 00:00:00+00:00,66.6,67.2,1960.300048828125,101.3499984741211,1190.72,78.73999786376953,5.12,67.05,67.2,67.2,1964.300048828125,1977.5,1952.4000244140625,0.0022371364653244186,-0.0020363487759348375,67.205,67.09666666666666,55.000000000000504,67.25
2023-07-25 00:00:00+00:00,66.65,67.25,1962.0999755859373,101.3499984741211,1195.9,79.62999725341797,5.12,67.2,67.2,67.2,1960.300048828125,1968.300048828125,1977.199951171875,0.0007440476190476719,0.0009181894164049798,67.21000000000001,67.1,66.66666666666666,67.2
2023-07-26 00:00:00+00:00,66.6,67.2,1968.9000244140625,100.88999938964844,1200.84,78.77999877929688,5.12,67.25,67.05,67.2,1962.0999755859373,1964.300048828125,1977.5,-0.0007434944237917351,0.00346569946115749,67.21000000000001,67.10166666666666,58.8235294117651,67.35
2023-07-27 00:00:00+00:00,66.75,67.35,1945.4000244140625,101.7699966430664,1197.33,80.08999633789062,5.12,67.2,67.2,67.2,1968.9000244140625,1960.300048828125,1968.300048828125,0.0022321428571427937,-0.011935598409570591,67.21,67.10833333333333,65.00000000000007,67.25
2023-07-28 00:00:00+00:00,66.65,67.25,1960.4000244140625,101.62000274658205,1207.67,80.58000183105469,5.12,67.35,67.25,67.05,1945.4000244140625,1962.0999755859373,1964.300048828125,-0.0014847809948032031,0.007710496459214289,67.21,67.115,57.14285714285753,67.25
2023-07-31 00:00:00+00:00,66.65,67.25,1970.5,101.86000061035156,1222.9,81.80000305175781,5.12,67.25,67.2,67.2,1960.4000244140625,1968.9000244140625,1960.300048828125,0.0,0.005151997276145792,67.215,67.11999999999999,52.63157894736834,67.35
2023-08-01 00:00:00+00:00,66.75,67.35,1940.699951171875,102.3000030517578,1217.56,81.37000274658203,5.33,67.25,67.35,67.25,1970.5,1945.4000244140625,1962.0999755859373,0.0014869888475834703,-0.01512308999143619,67.22999999999999,67.13166666666667,57.14285714285695,67.2
2023-08-02 00:00:00+00:00,66.6,67.2,1937.4000244140625,102.58999633789062,1220.43,79.48999786376953,5.33,67.35,67.25,67.2,1940.699951171875,1960.4000244140625,1968.9000244140625,-0.002227171492204749,-0.0017003796778681801,67.22999999999999,67.13666666666667,42.857142857143046,67.2
2023-08-03 00:00:00+00:00,66.6,67.2,1932.0,102.54000091552734,1210.95,81.55000305175781,5.33,67.2,67.25,67.35,1937.4000244140625,1970.5,1945.4000244140625,0.0,-0.0027872531981079085,67.22999999999999,67.14166666666667,47.36842105263165,67.2
2023-08-04 00:00:00+00:00,66.6,67.2,1939.5999755859373,102.0199966430664,1225.98,82.81999969482422,5.33,67.2,67.35,67.25,1932.0,1940.699951171875,1960.4000244140625,0.0,0.003933734775329878,67.245,67.14833333333334,50.0,67.4
2023-08-07 00:00:00+00:00,66.8,67.4,1933.5,102.0500030517578,1241.42,81.94000244140625,5.33,67.2,67.2,67.25,1939.5999755859373,1937.4000244140625,1970.5,0.0029761904761904656,-0.0031449657984732315,67.265,67.16333333333334,59.09090909090939,67.3
2023-08-08 00:00:00+00:00,66.7,67.3,1924.0999755859373,102.52999877929688,1242.23,82.91999816894531,5.33,67.4,67.2,67.35,1933.5,1932.0,1940.699951171875,-0.0014836795252226587,-0.004861662484645812,67.27000000000001,67.17333333333333,54.166666666666465,67.25
2023-08-09 00:00:00+00:00,66.65,67.25,1915.4000244140625,102.48999786376952,1233.99,84.4000015258789,5.33,67.3,67.2,67.2,1924.0999755859373,1939.5999755859373,1937.4000244140625,-0.0007429420505200568,-0.004521569191967445,67.275,67.18,51.999999999999915,67.3
2023-08-10 00:00:00+00:00,66.7,67.3,1914.4000244140625,102.5199966430664,1220.61,82.81999969482422,5.33,67.25,67.4,67.2,1915.4000244140625,1933.5,1932.0,0.0007434944237918462,-0.000522084153312008,67.27000000000001,67.19166666666666,60.86956521739152,67.5
2023-08-11 00:00:00+00:00,66.9,67.5,1912.9000244140625,102.83999633789062,1232.21,83.19000244140625,5.33,67.3,67.3,67.2,1914.4000244140625,1924.0999755859373,1939.5999755859373,0.002971768202080227,-0.0007835353013323498,67.295,67.21,62.500000000000156,67.5
2023-08-14 00:00:00+00:00,66.9,67.5,1910.5999755859373,103.19000244140624,1236.84,82.51000213623047,5.33,67.5,67.25,67.4,1912.9000244140625,1915.4000244140625,1933.5,0.0,-0.0012023884148517627,67.32000000000001,67.22666666666666,60.86956521739152,67.6
2023-08-15 00:00:00+00:00,67.0,67.6,1902.5,103.20999908447266,1234.05,80.98999786376953,5.33,67.5,67.3,67.3,1910.5999755859373,1914.4000244140625,1924.0999755859373,0.001481481481481417,-0.004239493190327903,67.345,67.24333333333333,66.66666666666666,67.55
2023-08-16 00:00:00+00:00,66.95,67.55,1896.0999755859373,103.41999816894533,1243.26,79.37999725341797,5.33,67.6,67.5,67.25,1902.5,1912.9000244140625,1915.4000244140625,-0.0007396449704141217,-0.0033640075763798905,67.38,67.26333333333334,59.09090909090939,67.6
2023-08-17 00:00:00+00:00,67.0,67.6,1884.0999755859373,103.44000244140624,1233.48,80.38999938964844,5.33,67.55,67.5,67.3,1896.0999755859373,1910.5999755859373,1914.4000244140625,0.0007401924500369805,-0.006328780209119422,67.41999999999999,67.28166666666667,66.66666666666666,67.65
2023-08-18 00:00:00+00:00,67.05,67.65,1886.0999755859373,103.37999725341795,1177.99,81.25,5.33,67.6,67.6,67.5,1884.0999755859373,1902.5,1912.9000244140625,0.0007396449704144548,0.0010615147953483284,67.465,67.30166666666666,68.18181818181853,67.55
2023-08-21 00:00:00+00:00,66.95,67.55,1893.300048828125,103.33000183105467,1179.76,80.72000122070312,5.33,67.65,67.55,67.5,1886.0999755859373,1896.0999755859373,1910.5999755859373,-0.0014781966001479185,0.0038174398681867228,67.48,67.31666666666666,59.09090909090914,67.65
2023-08-22 00:00:00+00:00,67.05,67.65,1896.4000244140625,103.55999755859376,1180.49,80.3499984741211,5.33,67.55,67.6,67.6,1893.300048828125,1884.0999755859373,1902.5,0.001480384900074183,0.0016373398330900013,67.515,67.33166666666666,71.42857142857105,67.9
2023-08-23 00:00:00+00:00,67.3,67.9,1918.5,103.36000061035156,1172.56,78.88999938964844,5.33,67.65,67.65,67.55,1896.4000244140625,1886.0999755859373,1896.0999755859373,0.003695491500369519,0.01165364654156531,67.58,67.35499999999999,76.92307692307651,67.95
2023-08-24 00:00:00+00:00,67.35,67.95,1918.199951171875,103.9800033569336,1189.39,79.05000305175781,5.33,67.9,67.55,67.6,1918.5,1893.300048828125,1884.0999755859373,0.0007363770250368162,-0.00015639761695329657,67.64500000000001,67.375,77.77777777777732,67.95
2023-08-25 00:00:00+00:00,67.35,67.95,1911.0999755859373,104.08000183105467,1183.37,79.83000183105469,5.33,67.95,67.65,67.65,1918.199951171875,1896.4000244140625,1886.0999755859373,0.0,-0.003701374083343145,67.69,67.39833333333334,73.91304347826033,68.1
2023-08-28 00:00:00+00:00,67.5,68.1,1917.9000244140625,104.05999755859376,1201.72,80.0999984741211,5.33,67.95,67.9,67.55,1911.0999755859373,1918.5,1893.300048828125,0.002207505518763586,0.0035581858170661285,67.75,67.42833333333333,83.33333333333314,68.15
2023-08-29 00:00:00+00:00,67.55,68.15,1936.5,103.5500030517578,1204.43,81.16000366210938,5.33,68.1,67.95,67.65,1917.9000244140625,1918.199951171875,1896.4000244140625,0.0007342143906021725,0.009698094451831452,67.80499999999999,67.46,87.4999999999997,68.1
2023-08-30 00:00:00+00:00,67.5,68.1,1944.300048828125,103.16000366210938,1213.16,81.62999725341797,5.33,68.15,67.95,67.9,1936.5,1911.0999755859373,1918.5,-0.0007336757153340034,0.004027910574812887,67.86,67.49,83.33333333333235,68.25
2023-08-31 00:00:00+00:00,67.65,68.25,1938.199951171875,103.62000274658205,1224.05,83.62999725341797,5.33,68.1,68.1,67.95,1944.300048828125,1917.9000244140625,1918.199951171875,0.0022026431718062955,-0.003137426067507776,67.925,67.525,82.60869565217294,68.25
2023-09-01 00:00:00+00:00,67.55,68.25,1939.800048828125,104.23999786376952,1224.05,85.55000305175781,5.33,68.25,68.15,67.95,1938.199951171875,1936.5,1911.0999755859373,0.0,0.0008255586093077749,67.985,67.565,82.60869565217294,68.35
2023-09-05 00:00:00+00:00,67.75,68.35,1926.199951171875,104.80999755859376,1234.98,86.69000244140625,5.33,68.25,68.1,68.1,1939.800048828125,1944.300048828125,1917.9000244140625,0.00146520146520146,-0.0070110822321435284,68.065,67.60333333333334,82.60869565217294,68.4
2023-09-06 00:00:00+00:00,67.8,68.4,1918.0999755859373,104.86000061035156,1245.5,87.54000091552734,5.33,68.35,68.25,68.15,1926.199951171875,1938.199951171875,1936.5,0.00073152889539152,-0.004205158234486417,68.14,67.64166666666667,86.95652173912926,68.65
2023-09-07 00:00:00+00:00,68.05,68.65,1917.5,105.05999755859376,1243.14,86.87000274658203,5.33,68.4,68.25,68.1,1918.0999755859373,1939.800048828125,1944.300048828125,0.003654970760234022,-0.0003127968268462622,68.215,67.69,88.88888888888783,68.75
2023-09-08 00:00:00+00:00,68.05,68.75,1918.4000244140625,105.08999633789062,1241.48,87.51000213623047,5.33,68.65,68.35,68.25,1917.5,1926.199951171875,1938.199951171875,0.0014566642388929019,0.0004693738795631397,68.29499999999999,67.73666666666666,89.28571428571313,68.9
2023-09-11 00:00:00+00:00,68.2,68.9,1923.300048828125,104.56999969482422,1223.63,87.29000091552734,5.33,68.75,68.4,68.25,1918.4000244140625,1918.0999755859373,1939.800048828125,0.0021818181818182847,0.0025542245369596372,68.39000000000001,67.79166666666667,96.55172413793032,68.75
2023-09-12 00:00:00+00:00,68.05,68.75,1911.300048828125,104.70999908447266,1245.44,88.83999633789062,5.33,68.9,68.65,68.35,1923.300048828125,1917.5,1926.199951171875,-0.002177068214804123,-0.006239276085554968,68.45500000000001,67.84166666666667,86.66666666666578,68.65
2023-09-13 00:00:00+00:00,67.95,68.65,1909.0999755859373,104.7699966430664,1238.39,88.5199966430664,5.33,68.75,68.75,68.4,1911.300048828125,1918.4000244140625,1918.0999755859373,-0.001454545454545375,-0.0011510873154304546,68.50500000000001,67.885,77.77777777777732,68.5
2023-09-14 00:00:00+00:00,67.8,68.5,1910.0,105.41000366210938,1223.81,90.16000366210938,5.33,68.65,68.9,68.65,1909.0999755859373,1923.300048828125,1917.5,-0.002184996358339464,0.00047143912082781014,68.545,67.92833333333333,68.9655172413788,68.7
2023-09-15 00:00:00+00:00,68.0,68.7,1923.699951171875,105.31999969482422,1227.36,90.7699966430664,5.33,68.5,68.75,68.75,1910.0,1911.300048828125,1918.4000244140625,0.0029197080291971655,0.0071727493046465085,68.59,67.97833333333334,72.72727272727226,69.05
2023-09-18 00:00:00+00:00,68.35,69.05,1931.5,105.1999969482422,1211.81,91.4800033569336,5.33,68.7,68.65,68.9,1923.699951171875,1909.0999755859373,1923.300048828125,0.00509461426491975,0.0040547117669642585,68.67,68.04,75.67567567567525,69.15
2023-09-19 00:00:00+00:00,68.45,69.15,1932.0,105.1999969482422,1211.5,91.1999969482422,5.33,69.05,68.5,68.75,1931.5,1910.0,1911.300048828125,0.0014482259232442285,0.00025886616619197333,68.75,68.09833333333333,76.31578947368374,69.2
2023-09-20 00:00:00+00:00,68.5,69.2,1945.5999755859373,105.16000366210938,1226.11,90.27999877929688,5.33,69.15,68.7,68.65,1932.0,1923.699951171875,1909.0999755859373,0.000723065798987621,0.0070393248374416295,68.83000000000001,68.16166666666668,78.94736842105254,69.05
2023-09-21 00:00:00+00:00,68.35,69.05,1919.199951171875,105.36000061035156,1212.74,89.62999725341797,5.33,69.2,69.05,68.5,1945.5999755859373,1931.5,1910.0,-0.0021676300578035157,-0.01356909166598419,68.87,68.22166666666666,71.05263157894707,69.05
2023-09-22 00:00:00+00:00,68.35,69.05,1925.4000244140625,105.58000183105467,1193.05,90.02999877929688,5.33,69.05,69.15,68.7,1919.199951171875,1932.0,1923.699951171875,0.0,0.0032305509586958436,68.9,68.28,71.05263157894707,68.95
2023-09-25 00:00:00+00:00,68.25,68.95,1916.5999755859373,106.0,1153.2,89.68000030517578,5.33,69.05,69.2,69.05,1925.4000244140625,1945.5999755859373,1931.5,-0.0014482259232438954,-0.0045705041635715205,68.905,68.32833333333333,65.78947368421058,68.8
2023-09-26 00:00:00+00:00,68.1,68.8,1900.4000244140625,106.2300033569336,1137.96,90.38999938964844,5.33,68.95,69.05,69.15,1916.5999755859373,1919.199951171875,1932.0,-0.002175489485134241,-0.008452442543166683,68.91,68.37166666666667,59.999999999999716,68.8
2023-09-27 00:00:00+00:00,68.1,68.8,1871.5999755859373,106.66999816894533,1153.85,93.68000030517578,5.33,68.8,69.05,69.2,1900.4000244140625,1925.4000244140625,1945.5999755859373,0.0,-0.01515472977169896,68.925,68.41166666666666,54.28571428571401,68.85
2023-09-28 00:00:00+00:00,68.15,68.85,1860.4000244140625,106.22000122070312,1152.43,91.70999908447266,5.33,68.8,68.95,69.05,1871.5999755859373,1916.5999755859373,1919.199951171875,0.0007267441860465684,-0.005984158643926318,68.96000000000001,68.455,52.94117647058804,68.8
2023-09-29 00:00:00+00:00,68.1,68.8,1848.0999755859373,106.16999816894533,1154.15,90.79000091552734,5.33,68.85,68.8,69.05,1860.4000244140625,1900.4000244140625,1925.4000244140625,-0.000726216412490932,-0.006611507561122054,68.97,68.49499999999999,46.87499999999975,68.8
2023-10-01 00:00:00+00:00,68.1,68.8,1848.0999755859373,106.16999816894533,1154.15,90.79000091552734,5.33,68.8,68.8,68.95,1848.0999755859373,1871.5999755859373,1916.5999755859373,0.0,0.0,68.945,68.53333333333333,51.72413793103437,69.0
2023-10-02 00:00:00+00:00,68.3,69.0,1830.0,106.9000015258789,1155.25,88.81999969482422,5.33,68.8,68.85,68.8,1848.0999755859373,1860.4000244140625,1900.4000244140625,0.0029069767441860517,-0.009793829243571417,68.92999999999999,68.58166666666666,61.29032258064489,68.9
2023-10-03 00:00:00+00:00,68.2,68.9,1824.5999755859373,107.0,1118.1,89.2300033569336,5.33,69.0,68.8,68.8,1830.0,1848.0999755859373,1871.5999755859373,-0.0014492753623187582,-0.0029508330131490235,68.9,68.62333333333332,63.33333333333352,68.95
2023-10-04 00:00:00+00:00,68.25,68.95,1818.5,106.8000030517578,1128.67,84.22000122070312,5.33,68.9,68.8,68.85,1824.5999755859373,1848.0999755859373,1860.4000244140625,0.0007256894049345597,-0.003343185173494523,68.89,68.65833333333333,59.259259259259295,69.0
2023-10-05 00:00:00+00:00,68.3,69.0,1816.5999755859373,106.33000183105467,1113.89,82.30999755859375,5.33,68.95,69.0,68.8,1818.5,1830.0,1848.0999755859373,0.0007251631617113397,-0.0010448305823825832,68.88499999999999,68.69333333333334,47.61904761904774,69.1
2023-10-06 00:00:00+00:00,68.4,69.1,1830.199951171875,106.04000091552734,1128.54,82.79000091552734,5.33,69.0,68.9,68.8,1816.5999755859373,1824.5999755859373,1848.0999755859373,0.0014492753623187582,0.00748649992772954,68.9,68.73166666666665,47.61904761904704,69.6
2023-10-09 00:00:00+00:00,68.9,69.6,1849.5,106.08000183105467,1137.36,86.37999725341797,5.33,69.1,68.95,69.0,1830.199951171875,1818.5,1830.0,0.00723589001447178,0.01054532255656948,68.98,68.78166666666668,63.33333333333317,69.75
2023-10-10 00:00:00+00:00,69.05,69.75,1861.0,105.83000183105467,1143.69,85.97000122070312,5.33,69.6,69.0,68.9,1849.5,1816.5999755859373,1824.5999755859373,0.0021551724137931494,0.00621789672884554,69.075,68.83500000000001,73.33333333333366,69.85
2023-10-11 00:00:00+00:00,69.15,69.85,1872.800048828125,105.81999969482422,1150.81,83.48999786376953,5.33,69.75,69.1,68.95,1861.0,1830.199951171875,1818.5,0.0014336917562722817,0.00634070329292058,69.175,68.89333333333335,75.00000000000023,70.25
2023-10-12 00:00:00+00:00,69.55,70.25,1869.300048828125,106.56999969482422,1151.61,82.91000366210938,5.33,69.85,69.6,69.0,1872.800048828125,1849.5,1816.5999755859373,0.005726556907659441,-0.0018688594130430447,69.32000000000001,68.96000000000001,84.21052631578955,70.15
2023-10-13 00:00:00+00:00,69.45,70.15,1927.4000244140625,106.6500015258789,1154.73,87.69000244140625,5.33,70.25,69.75,69.1,1869.300048828125,1861.0,1830.199951171875,-0.001423487544483959,0.03108113950051017,69.45500000000001,69.02333333333334,86.48648648648711,70.4
2023-10-16 00:00:00+00:00,69.7,70.4,1921.0999755859373,106.23999786376952,1141.42,86.66000366210938,5.33,70.15,69.85,69.6,1927.4000244140625,1872.800048828125,1849.5,0.0035637918745545782,-0.003268677362417538,69.595,69.09166666666667,88.09523809523866,70.2
2023-10-17 00:00:00+00:00,69.5,70.2,1922.699951171875,106.25,1121.65,86.66000366210938,5.33,70.4,70.25,69.75,1921.0999755859373,1869.300048828125,1861.0,-0.0028409090909091717,0.0008328434783566596,69.725,69.15166666666667,80.00000000000038,70.2
2023-10-18 00:00:00+00:00,69.5,70.2,1955.300048828125,106.56999969482422,1103.4,88.31999969482422,5.33,70.2,70.15,69.85,1922.699951171875,1927.4000244140625,1872.800048828125,0.0,0.016955374465152717,69.85,69.20333333333333,81.81818181818211,70.45
2023-10-19 00:00:00+00:00,69.75,70.45,1968.4000244140625,106.25,1087.85,89.37000274658203,5.33,70.2,70.4,70.25,1955.300048828125,1921.0999755859373,1869.300048828125,0.0035612535612534746,0.006699726517057414,69.995,69.26,83.67346938775538,70.95
2023-10-20 00:00:00+00:00,70.25,70.95,1982.5,106.16000366210938,1108.03,88.75,5.33,70.45,70.2,70.15,1968.4000244140625,1922.699951171875,1927.4000244140625,0.007097232079489091,0.007163165723966358,70.17999999999999,69.32833333333333,85.4545454545457,70.8
2023-10-23 00:00:00+00:00,70.1,70.8,1976.300048828125,105.54000091552734,1093.53,85.48999786376953,5.33,70.95,70.2,70.4,1982.5,1955.300048828125,1921.0999755859373,-0.0021141649048627142,-0.0031273398092686033,70.3,69.39666666666668,83.9285714285713,70.55
2023-10-24 00:00:00+00:00,69.85,70.55,1975.0,106.2699966430664,1105.9,83.73999786376953,5.33,70.8,70.45,70.2,1976.300048828125,1968.4000244140625,1922.699951171875,-0.003531073446327637,-0.0006578195597859438,70.38,69.46000000000001,76.66666666666657,70.55
2023-10-25 00:00:00+00:00,69.85,70.55,1984.0999755859373,106.52999877929688,1101.66,85.38999938964844,5.33,70.55,70.95,70.2,1975.0,1982.5,1955.300048828125,0.0,0.004607582575158142,70.45000000000002,69.52833333333334,76.2711864406779,70.55
2023-10-26 00:00:00+00:00,69.85,70.55,1987.199951171875,106.5999984741211,1055.45,83.20999908447266,5.33,70.55,70.8,70.45,1984.0999755859373,1976.300048828125,1968.4000244140625,0.0,0.0015624089632995108,70.47999999999999,69.58999999999999,75.43859649122804,70.55
2023-10-27 00:00:00+00:00,69.85,70.55,1988.5999755859373,106.55999755859376,1060.62,85.54000091552734,5.33,70.55,70.55,70.95,1987.199951171875,1975.0,1982.5,0.0,0.0007045211596532486,70.52,69.64,70.21276595744679,70.55
2023-10-30 00:00:00+00:00,69.85,70.55,1996.199951171875,106.12000274658205,1042.4,82.30999755859375,5.33,70.55,70.55,70.8,1988.5999755859373,1984.0999755859373,1976.300048828125,0.0,0.0038217719396775873,70.535,69.68666666666667,68.18181818181809,70.8
2023-10-31 00:00:00+00:00,70.1,70.8,1985.199951171875,106.66000366210938,1028.19,81.0199966430664,5.33,70.55,70.55,70.55,1996.199951171875,1987.199951171875,1975.0,0.003543586109142405,-0.0055104700275854235,70.595,69.74,70.21276595744679,70.75
2023-11-01 00:00:00+00:00,70.05,70.75,1978.800048828125,106.87999725341795,1039.66,80.44000244140625,5.33,70.8,70.55,70.55,1985.199951171875,1988.5999755859373,1984.0999755859373,-0.0007062146892654608,-0.0032238074255301896,70.65,69.79666666666667,62.50000000000001,70.65
2023-11-02 00:00:00+00:00,69.95,70.65,1985.5999755859373,106.12000274658205,1075.47,82.45999908447266,5.33,70.75,70.55,70.55,1978.800048828125,1996.199951171875,1987.199951171875,-0.001413427561837377,0.0034363890186071,70.66999999999999,69.85,62.50000000000001,70.35
2023-11-03 00:00:00+00:00,69.65,70.35,1991.5,105.0199966430664,1076.78,80.51000213623047,5.33,70.65,70.8,70.55,1985.5999755859373,1985.199951171875,1988.5999755859373,-0.004246284501061681,0.002971406369161267,70.61,69.89666666666668,48.78048780487777,69.8
2023-11-06 00:00:00+00:00,68.5,69.8,1981.5999755859373,105.22000122070312,1089.66,80.81999969482422,5.33,70.35,70.75,70.55,1991.5,1978.800048828125,1996.199951171875,-0.00781805259417201,-0.004971139550119408,70.50999999999999,69.93,41.666666666666565,69.9
2023-11-07 00:00:00+00:00,68.9,69.9,1966.800048828125,105.54000091552734,1080.29,77.37000274658203,5.33,69.8,70.65,70.8,1981.5999755859373,1985.5999755859373,1985.199951171875,0.0014326647564470996,-0.00746867528267714,70.44500000000001,69.96666666666667,44.00000000000009,70.3
2023-11-08 00:00:00+00:00,69.3,70.3,1951.5,105.58999633789062,1113.43,75.33000183105469,5.33,69.9,70.35,70.75,1966.800048828125,1991.5,1978.800048828125,0.005722460658082795,-0.007779158251110085,70.41999999999999,70.015,47.16981132075462,70.1
2023-11-09 00:00:00+00:00,69.1,70.1,1964.199951171875,105.91000366210938,1113.89,75.73999786376953,5.33,70.3,69.8,70.65,1951.5,1981.5999755859373,1985.5999755859373,-0.002844950213371278,0.00650778948084807,70.375,70.05833333333334,31.914893617021164,70.3
2023-11-10 00:00:00+00:00,69.3,70.3,1932.5999755859373,105.86000061035156,1101.68,77.16999816894531,5.33,70.1,69.9,70.35,1964.199951171875,1966.800048828125,1991.5,0.0028530670470756636,-0.01608796271840074,70.35,70.10833333333333,39.58333333333336,70.3
2023-11-13 00:00:00+00:00,69.5,70.3,1945.5,105.66000366210938,1100.07,78.26000213623047,5.33,70.3,70.3,69.8,1932.5999755859373,1951.5,1981.5999755859373,0.0,0.006674958386125196,70.325,70.15166666666667,44.186046511627914,70.35
2023-11-14 00:00:00+00:00,69.55,70.35,1961.800048828125,104.11000061035156,1109.73,78.26000213623047,5.33,70.3,70.1,69.9,1945.5,1964.199951171875,1966.800048828125,0.0007112375533426807,0.008378334015998412,70.28,70.2,45.454545454545396,70.6
2023-11-15 00:00:00+00:00,69.8,70.6,1960.0999755859373,104.38999938964844,1122.5,76.66000366210938,5.33,70.35,70.3,70.3,1961.800048828125,1932.5999755859373,1951.5,0.003553660270078085,-0.0008665884391242384,70.265,70.25500000000001,51.02040816326525,70.55
2023-11-16 00:00:00+00:00,69.75,70.55,1983.9000244140625,104.37000274658205,1125.53,72.9000015258789,5.33,70.6,70.3,70.1,1960.0999755859373,1945.5,1964.199951171875,-0.0007082152974503542,0.012142262703212614,70.255,70.30666666666666,50.0,70.8
2023-11-17 00:00:00+00:00,70.0,70.8,1981.5999755859373,103.81999969482422,1101.19,75.88999938964844,5.33,70.55,70.35,70.3,1983.9000244140625,1961.800048828125,1932.5999755859373,0.003543586109142405,-0.0011593572255761408,70.3,70.36333333333333,54.54545454545455,70.85
2023-11-20 00:00:00+00:00,70.15,70.85,1977.699951171875,103.47000122070312,1103.66,77.5999984741211,5.33,70.8,70.6,70.3,1981.5999755859373,1960.0999755859373,1945.5,0.0007062146892655718,-0.0019681189251675724,70.405,70.405,50.980392156862685,71.2
2023-11-21 00:00:00+00:00,70.5,71.2,1999.300048828125,103.58999633789062,1110.46,77.7699966430664,5.33,70.85,70.55,70.35,1977.699951171875,1983.9000244140625,1961.800048828125,0.004940014114326097,0.01092182747107362,70.535,70.45333333333333,57.89473684210529,71.8
2023-11-22 00:00:00+00:00,71.1,71.8,1991.4000244140625,103.91999816894533,1113.82,77.0999984741211,5.33,71.2,70.8,70.6,1999.300048828125,1981.5999755859373,1960.0999755859373,0.008426966292134797,-0.003951395098846233,70.685,70.51833333333335,67.16417910447744,71.6
2023-11-23 00:00:00+00:00,70.8,71.6,1991.4000244140625,103.91999816894533,1088.49,77.0999984741211,5.33,71.8,70.85,70.55,1991.4000244140625,1977.699951171875,1983.9000244140625,-0.002785515320334331,0.0,70.835,70.56333333333333,69.23076923076923,71.8
2023-11-24 00:00:00+00:00,71.0,71.8,2002.199951171875,103.4000015258789,1095.61,75.54000091552734,5.33,71.6,71.2,70.8,1991.4000244140625,1999.300048828125,1981.5999755859373,0.0027932960893854997,0.005423283431459369,70.985,70.61833333333334,84.4827586206896,72.5
2023-11-27 00:00:00+00:00,71.7,72.5,2011.800048828125,103.1999969482422,1088.06,74.86000061035156,5.33,71.8,71.8,70.85,2002.199951171875,1991.4000244140625,1977.699951171875,0.009749303621169991,0.004794774693022585,71.205,70.68833333333333,87.14285714285707,73.5
2023-11-28 00:00:00+00:00,72.5,73.5,2039.699951171875,102.75,1095.43,76.41000366210938,5.33,72.5,71.6,71.2,2011.800048828125,1991.4000244140625,1999.300048828125,0.01379310344827589,0.013868128872947194,71.52000000000001,70.79833333333335,89.02439024390239,73.6
2023-11-29 00:00:00+00:00,72.4,73.6,2047.0999755859373,102.7699966430664,1102.8,77.86000061035156,5.33,73.5,71.8,71.8,2039.699951171875,2002.199951171875,1991.4000244140625,0.0013605442176869431,0.003627996563813518,71.82000000000001,70.91166666666666,93.75,73.6
2023-11-30 00:00:00+00:00,72.4,73.6,2038.0999755859373,103.5,1094.13,75.95999908447266,5.33,73.6,72.5,71.6,2047.0999755859373,2011.800048828125,1991.4000244140625,0.0,-0.004396463341964529,72.125,71.01666666666667,93.42105263157895,73.5
2023-12-01 00:00:00+00:00,72.3,73.5,2071.0,103.2699966430664,1102.16,74.06999969482422,5.33,73.6,73.5,71.8,2038.0999755859373,2039.699951171875,2002.199951171875,-0.0013586956521738358,0.016142497820600843,72.395,71.10166666666667,91.02564102564115,74.2
2023-12-04 00:00:00+00:00,73.0,74.2,2024.0999755859373,103.63999938964844,1120.49,73.04000091552734,5.33,73.5,73.6,72.5,2071.0,2047.0999755859373,2011.800048828125,0.00952380952380949,-0.022646076491580236,72.72999999999999,71.21499999999999,92.30769230769243,74.4
2023-12-05 00:00:00+00:00,73.2,74.4,2018.5,104.0500030517578,1115.97,72.31999969482422,5.33,74.2,73.6,73.5,2024.0999755859373,2038.0999755859373,2039.699951171875,0.0026954177897573484,-0.0027666496978817623,73.05,71.34333333333332,92.22222222222234,74.2
2023-12-06 00:00:00+00:00,73.0,74.2,2030.5,104.1500015258789,1126.43,69.37999725341797,5.33,74.4,73.5,73.6,2018.5,2071.0,2047.0999755859373,-0.0026881720430107503,0.005945008669804297,73.28999999999999,71.465,89.247311827957,74.1
2023-12-07 00:00:00+00:00,72.9,74.1,2029.9000244140625,103.54000091552734,1121.49,69.33999633789062,5.33,74.2,74.2,73.6,2030.5,2024.0999755859373,2038.0999755859373,-0.0013477088948787852,-0.0002954816970881513,73.54,71.58333333333333,86.66666666666652,74.1
2023-12-08 00:00:00+00:00,73.1,74.1,1998.300048828125,104.01000213623048,1124.44,71.2300033569336,5.33,74.1,74.4,73.5,2029.9000244140625,2018.5,2071.0,0.0,-0.015567257109156851,73.77,71.70166666666667,86.51685393258413,73.75
2023-12-11 00:00:00+00:00,72.75,73.75,1978.0,104.0999984741211,1125.5,71.31999969482422,5.33,74.1,74.2,74.2,1998.300048828125,2030.5,2024.0999755859373,-0.0047233468286098645,-0.010158659026220707,73.895,71.80833333333334,78.65168539325838,73.6
2023-12-12 00:00:00+00:00,72.6,73.6,1977.800048828125,103.87000274658205,1127.63,68.61000061035156,5.33,73.75,74.1,74.4,1978.0,2029.9000244140625,2018.5,-0.0020338983050848247,-0.00010108754897619754,73.905,71.90166666666666,72.49999999999989,73.8
2023-12-13 00:00:00+00:00,72.8,73.8,1982.300048828125,102.87000274658205,1114.2,69.47000122070312,5.33,73.6,74.1,74.2,1977.800048828125,1998.300048828125,2030.5,0.0027173913043478937,0.0022752552780380686,73.925,72.00333333333333,77.49999999999994,74.3
2023-12-14 00:00:00+00:00,73.3,74.3,2030.199951171875,101.95999908447266,1110.13,71.58000183105469,5.33,73.8,73.75,74.1,1982.300048828125,1978.0,2029.9000244140625,0.006775067750677488,0.02416380021383091,73.995,72.125,79.06976744186039,74.5
2023-12-15 00:00:00+00:00,73.5,74.5,2021.0999755859373,102.5500030517578,1102.3,71.43000030517578,5.33,74.3,73.6,74.1,2030.199951171875,1977.800048828125,1998.300048828125,0.0026917900403768957,-0.004482305095458661,74.095,72.26333333333332,76.31578947368413,74.4
2023-12-18 00:00:00+00:00,73.4,74.4,2026.300048828125,102.51000213623048,1091.88,72.47000122070312,5.33,74.5,73.8,73.75,2021.0999755859373,1982.300048828125,1978.0,-0.0013422818791946067,0.002572892635199997,74.115,72.41666666666667,65.5172413793104,74.9
2023-12-19 00:00:00+00:00,73.9,74.9,2038.4000244140625,102.16999816894533,1096.3,73.44000244140625,5.33,74.4,74.3,73.6,2026.300048828125,2030.199951171875,1977.800048828125,0.006720430107526987,0.005971462909915681,74.16499999999999,72.58333333333333,69.6969696969698,75.6
2023-12-20 00:00:00+00:00,74.6,75.6,2034.5,102.41000366210938,1100.76,74.22000122070312,5.33,74.9,74.5,73.8,2038.4000244140625,2021.0999755859373,1982.300048828125,0.009345794392523255,-0.0019132772602784565,74.30499999999999,72.75999999999999,75.0,75.8
2023-12-21 00:00:00+00:00,74.8,75.8,2039.0999755859373,101.83999633789062,1102.43,73.88999938964844,5.33,75.6,74.4,74.3,2034.5,2026.300048828125,2030.199951171875,0.002645502645502784,0.002260985788123504,74.475,72.95,78.04878048780478,76.8
2023-12-22 00:00:00+00:00,75.8,76.8,2057.10009765625,101.6999969482422,1103.06,73.55999755859375,5.33,75.8,74.9,74.5,2039.0999755859373,2038.4000244140625,2021.0999755859373,0.013192612137203241,0.008827483833959926,74.745,73.16666666666667,79.54545454545445,78.4
2023-12-25 00:00:00+00:00,77.4,78.4,2057.10009765625,101.6999969482422,1117.66,73.55999755859375,5.33,76.8,75.6,74.4,2057.10009765625,2034.5,2026.300048828125,0.02083333333333348,0.0,75.21000000000001,73.43666666666667,84.4827586206896,79.2
2023-12-26 00:00:00+00:00,77.4,79.2,2058.199951171875,101.47000122070312,1122.25,75.56999969482422,5.33,78.4,75.8,74.9,2057.10009765625,2039.0999755859373,2038.4000244140625,0.010204081632652962,0.0005346621279529451,75.77000000000001,73.73166666666667,89.06249999999997,79.5
2023-12-27 00:00:00+00:00,77.8,79.5,2081.89990234375,100.98999786376952,1121.99,74.11000061035156,5.33,79.2,76.8,75.6,2058.199951171875,2057.10009765625,2034.5,0.0037878787878786735,0.01151489249544535,76.34,74.02833333333335,90.90909090909099,77.5
2023-12-28 00:00:00+00:00,74.5,77.5,2073.89990234375,101.2300033569336,1128.93,71.7699966430664,5.33,79.5,78.4,75.8,2081.89990234375,2057.10009765625,2039.0999755859373,-0.02515723270440251,-0.003842643919140354,76.66,74.26,69.76744186046517,76.0
2023-12-29 00:00:00+00:00,73.0,76.0,2062.39990234375,101.33000183105467,1129.93,71.6500015258789,5.33,77.5,79.2,76.8,2073.89990234375,2058.199951171875,2057.10009765625,-0.01935483870967747,-0.005545108511265995,76.81,74.43333333333334,61.53846153846153,76.0
2024-01-01 00:00:00+00:00,73.0,76.0,2062.39990234375,101.33000183105467,1129.93,71.6500015258789,5.33,76.0,79.5,78.4,2062.39990234375,2081.89990234375,2057.10009765625,0.0,0.0,76.97,74.605,62.500000000000036,75.0
2024-01-02 00:00:00+00:00,72.0,75.0,2064.39990234375,102.1999969482422,1131.72,70.37999725341797,5.33,76.0,77.5,79.2,2062.39990234375,2073.89990234375,2058.199951171875,-0.013157894736842146,0.0009697440335054708,76.98,74.73166666666667,55.769230769230795,75.5
2024-01-03 00:00:00+00:00,72.5,75.5,2034.199951171875,102.45999908447266,1144.17,72.69999694824219,5.33,75.0,76.0,79.5,2064.39990234375,2062.39990234375,2081.89990234375,0.006666666666666599,-0.01462892491788459,76.97,74.855,55.769230769230795,75.0
2024-01-04 00:00:00+00:00,72.0,75.0,2042.300048828125,102.41999816894533,1150.72,72.19000244140625,5.33,75.5,76.0,77.5,2034.199951171875,2062.39990234375,2073.89990234375,-0.0066225165562914245,0.003981957452896312,76.89000000000001,74.96833333333333,52.33644859813084,75.0
2024-01-05 00:00:00+00:00,72.0,75.0,2042.4000244140625,102.41000366210938,1154.68,73.80999755859375,5.33,75.0,75.0,76.0,2042.300048828125,2064.39990234375,2062.39990234375,0.0,4.895244750890981e-05,76.71000000000001,75.075,52.83018867924525,74.0
2024-01-08 00:00:00+00:00,71.0,74.0,2026.5999755859373,102.20999908447266,1160.19,70.7699966430664,5.33,75.0,75.5,76.0,2042.4000244140625,2034.199951171875,2062.39990234375,-0.013333333333333308,-0.007736020681187616,76.27000000000001,75.125,45.94594594594592,74.5
2024-01-09 00:00:00+00:00,71.5,74.5,2026.4000244140625,102.56999969482422,1158.59,72.23999786376953,5.33,74.0,75.0,75.0,2026.5999755859373,2042.300048828125,2064.39990234375,0.006756756756756799,-9.866336439534606e-05,75.8,75.15833333333333,44.95412844036701,74.5
2024-01-10 00:00:00+00:00,71.5,74.5,2021.699951171875,102.36000061035156,1161.54,71.37000274658203,5.33,74.5,75.0,75.5,2026.4000244140625,2042.4000244140625,2034.199951171875,0.0,-0.0023194202455394386,75.3,75.18833333333333,43.92523364485983,75.3
2024-01-11 00:00:00+00:00,72.8,75.3,2014.300048828125,102.29000091552734,1162.22,72.0199966430664,5.33,74.5,74.0,75.0,2021.699951171875,2026.5999755859373,2042.300048828125,0.010738255033557076,-0.003660237682382439,75.08,75.24499999999999,42.857142857142854,76.0
2024-01-12 00:00:00+00:00,73.5,76.0,2046.699951171875,102.4000015258789,1154.7,72.68000030517578,5.33,75.3,74.5,75.0,2014.300048828125,2026.4000244140625,2042.4000244140625,0.009296148738379806,0.016084943433625654,75.08,75.32833333333333,37.49999999999997,76.5
2024-01-15 00:00:00+00:00,74.0,76.5,2046.699951171875,102.4000015258789,1154.12,72.68000030517578,5.33,76.0,74.5,74.0,2046.699951171875,2021.699951171875,2026.5999755859373,0.006578947368421018,0.0,75.13,75.405,35.48387096774192,76.5
2024-01-16 00:00:00+00:00,74.0,76.5,2026.0,103.36000061035156,1163.12,72.4000015258789,5.33,76.5,75.3,74.5,2046.699951171875,2014.300048828125,2026.4000244140625,0.0,-0.01011381817839141,75.28,75.475,33.33333333333333,76.2
2024-01-17 00:00:00+00:00,73.7,76.2,2002.5999755859373,103.4499969482422,1162.53,72.55999755859375,5.33,76.5,76.0,74.5,2026.0,2046.699951171875,2021.699951171875,-0.0039215686274509665,-0.011549863975351737,75.35,75.54166666666667,41.095890410958916,76.5
2024-01-18 00:00:00+00:00,74.0,76.5,2018.5999755859373,103.54000091552734,1169.06,74.08000183105469,5.33,76.2,76.5,75.3,2002.5999755859373,2046.699951171875,2014.300048828125,0.003937007874015741,0.007989613599849621,75.5,75.62166666666667,54.09836065573771,76.8
2024-01-19 00:00:00+00:00,74.3,76.8,2026.5,103.29000091552734,1181.5,73.41000366210938,5.33,76.5,76.5,76.0,2018.5999755859373,2026.0,2046.699951171875,0.0039215686274509665,0.003913615629451028,75.67999999999999,75.71166666666666,56.24999999999998,76.0
2024-01-22 00:00:00+00:00,73.5,76.0,2019.800048828125,103.33000183105467,1182.86,75.19000244140625,5.33,76.8,76.2,76.5,2026.5,2002.5999755859373,2046.699951171875,-0.01041666666666663,-0.0033061688486922813,75.88,75.78666666666666,58.06451612903227,76.5
2024-01-23 00:00:00+00:00,74.0,76.5,2023.699951171875,103.62000274658205,1177.5,74.37000274658203,5.33,76.0,76.5,76.5,2019.800048828125,2018.5999755859373,2026.0,0.006578947368421018,0.0019308358498222322,76.08,75.88333333333334,58.06451612903227,76.7
2024-01-24 00:00:00+00:00,74.2,76.7,2013.9000244140625,103.23999786376952,1172.97,75.08999633789062,5.33,76.5,76.8,76.2,2023.699951171875,2026.5,2002.5999755859373,0.002614379084967311,-0.004842578936733011,76.3,75.98,64.406779661017,76.5
2024-01-25 00:00:00+00:00,74.0,76.5,2016.9000244140625,103.56999969482422,1170.37,77.36000061035156,5.33,76.7,76.0,76.5,2013.9000244140625,2019.800048828125,2018.5999755859373,-0.0026075619295958807,0.0014896469356133757,76.42,76.05333333333334,62.29508196721313,76.8
2024-01-26 00:00:00+00:00,74.3,76.8,2016.800048828125,103.47000122070312,1175.67,78.01000213623047,5.33,76.5,76.5,76.8,2016.9000244140625,2023.699951171875,2026.5,0.0039215686274509665,-4.9568934864074876e-05,76.5,76.13000000000001,75.92592592592594,76.8
2024-01-29 00:00:00+00:00,74.3,76.8,2025.199951171875,103.61000061035156,1175.69,76.77999877929688,5.33,76.8,76.7,76.0,2016.800048828125,2013.9000244140625,2019.800048828125,0.0,0.004164965361157513,76.53,76.21000000000001,73.46938775510205,77.4
2024-01-30 00:00:00+00:00,74.9,77.4,2031.5,103.4000015258789,1179.65,77.81999969482422,5.33,76.8,76.5,76.5,2025.199951171875,2016.9000244140625,2023.699951171875,0.007812500000000222,0.003110828056498649,76.62,76.29333333333334,76.36363636363642,77.9
2024-01-31 00:00:00+00:00,75.4,77.9,2048.39990234375,103.2699966430664,1164.31,75.8499984741211,5.33,77.4,76.8,76.7,2031.5,2016.800048828125,2013.9000244140625,0.006459948320413522,0.008318928055008667,76.78999999999999,76.36999999999999,75.00000000000007,78.3
2024-02-01 00:00:00+00:00,76.0,78.3,2053.0,103.0500030517578,1173.02,73.81999969482422,5.33,77.9,76.8,76.5,2048.39990234375,2025.199951171875,2016.9000244140625,0.005134788189987027,0.002245702926946258,76.97,76.45333333333333,73.46938775510205,78.5
2024-02-02 00:00:00+00:00,76.2,78.5,2036.0999755859373,103.91999816894533,1172.55,72.27999877929688,5.33,78.3,77.4,76.8,2053.0,2031.5,2016.800048828125,0.0025542784163474774,-0.00823186771264628,77.14,76.51,71.73913043478264,78.4
2024-02-05 00:00:00+00:00,76.2,78.4,2025.699951171875,104.4499969482422,1186.06,72.77999877929688,5.33,78.5,77.9,76.8,2036.0999755859373,2048.39990234375,2025.199951171875,-0.00127388535031836,-0.005107816187203351,77.38,76.51,70.21276595744692,78.5
2024-02-06 00:00:00+00:00,76.3,78.5,2034.5,104.18000030517578,1188.48,73.30999755859375,5.33,78.4,78.3,77.4,2025.699951171875,2053.0,2031.5,0.0012755102040815647,0.004344201530455782,77.58,76.48666666666666,75.5555555555556,78.9
2024-02-07 00:00:00+00:00,76.7,78.9,2035.199951171875,104.04000091552734,1198.53,73.86000061035156,5.33,78.5,78.5,77.9,2034.5,2036.0999755859373,2048.39990234375,0.005095541401273884,0.0003440408807446893,77.8,76.46666666666667,76.08695652173922,78.9
2024-02-08 00:00:00+00:00,76.7,78.9,2032.199951171875,104.1500015258789,1198.53,76.22000122070312,5.33,78.9,78.4,78.3,2035.199951171875,2025.699951171875,2053.0,0.0,-0.0014740566391389098,78.03999999999999,76.51333333333332,74.41860465116291,78.9
2024-02-09 00:00:00+00:00,76.7,78.9,2023.300048828125,104.08000183105467,1198.53,76.83999633789062,5.33,78.9,78.5,78.5,2032.199951171875,2034.5,2036.0999755859373,0.0,-0.00437944225843423,78.25,76.60999999999999,91.42857142857152,78.9
2024-02-12 00:00:00+00:00,76.7,78.9,2018.199951171875,104.16999816894533,1198.53,76.91999816894531,5.33,78.9,78.9,78.4,2023.300048828125,2035.199951171875,2025.699951171875,0.0,-0.0025206828118271574,78.46000000000001,76.70666666666666,90.0000000000001,78.9
2024-02-13 00:00:00+00:00,76.7,78.9,1992.9000244140625,104.95999908447266,1198.53,77.87000274658203,5.33,78.9,78.9,78.5,2018.199951171875,2032.199951171875,2034.5,0.0,-0.012535887112236854,78.61,76.83666666666666,89.28571428571438,78.9
2024-02-14 00:00:00+00:00,76.7,78.9,1990.300048828125,104.72000122070312,1198.53,76.63999938964844,5.33,78.9,78.9,78.9,1992.9000244140625,2023.300048828125,2035.199951171875,0.0,-0.0013046191751149294,78.71000000000001,76.95,96.15384615384636,78.8
2024-02-15 00:00:00+00:00,76.5,78.8,2002.0999755859373,104.3000030517578,1202.5,78.02999877929688,5.33,78.9,78.9,78.9,1990.300048828125,2018.199951171875,2032.199951171875,-0.0012674271229405898,0.005928717514105397,78.76,77.07666666666665,91.66666666666657,78.4
2024-02-16 00:00:00+00:00,76.2,78.4,2011.5,104.27999877929688,1209.7,79.19000244140625,5.33,78.8,78.9,78.9,2002.0999755859373,1992.9000244140625,2023.300048828125,-0.0050761421319796,0.00469508242779515,78.75000000000001,77.19,78.57142857142875,78.0
2024-02-19 00:00:00+00:00,75.0,78.0,2011.5,104.27999877929688,1224.97,79.19000244140625,5.33,78.4,78.9,78.9,2011.5,1990.300048828125,2018.199951171875,-0.005102040816326592,0.0,78.71000000000001,77.32333333333332,61.538461538461455,78.2
2024-02-20 00:00:00+00:00,75.9,78.2,2027.5,104.08000183105467,1230.06,78.18000030517578,5.33,78.0,78.8,78.9,2011.5,2002.0999755859373,1992.9000244140625,0.002564102564102555,0.007954262987819982,78.68,77.44666666666666,56.52173913043473,78.0
2024-02-21 00:00:00+00:00,75.8,78.0,2022.300048828125,104.01000213623048,1230.04,77.91000366210938,5.33,78.2,78.4,78.9,2027.5,2011.5,1990.300048828125,-0.002557544757033292,-0.0025647108122688334,78.59,77.56333333333332,42.85714285714296,78.7
2024-02-22 00:00:00+00:00,76.5,78.7,2019.699951171875,103.95999908447266,1227.31,78.61000061035156,5.33,78.0,78.0,78.8,2022.300048828125,2011.5,2002.0999755859373,0.008974358974358942,-0.0012857130957182328,78.57000000000001,77.67666666666668,53.84615384615389,78.5
2024-02-23 00:00:00+00:00,76.3,78.5,2038.5999755859373,103.94000244140624,1212.0,76.48999786376953,5.33,78.7,78.2,78.4,2019.699951171875,2027.5,2011.5,-0.0025412960609911828,0.009357837733815932,78.53,77.76,51.85185185185174,79.0
2024-02-26 00:00:00+00:00,76.8,79.0,2028.5,103.83000183105467,1224.17,77.58000183105469,5.33,78.5,78.0,78.0,2038.5999755859373,2022.300048828125,2011.5,0.006369426751592355,-0.00495436854061293,78.54,77.84333333333333,58.0645161290322,78.9
2024-02-27 00:00:00+00:00,76.9,78.9,2034.0,103.83000183105467,1237.46,78.87000274658203,5.33,79.0,78.7,78.2,2028.5,2019.699951171875,2027.5,-0.0012658227848100223,0.002711363076164597,78.53999999999999,77.92333333333335,50.0,79.3
2024-02-28 00:00:00+00:00,77.3,79.3,2033.0,103.9800033569336,1254.55,78.54000091552734,5.33,78.9,78.5,78.0,2034.0,2038.5999755859373,2022.300048828125,0.005069708491761693,-0.000491642084562427,78.58,78.02666666666666,56.249999999999865,79.5
2024-02-29 00:00:00+00:00,77.5,79.5,2045.699951171875,104.16000366210938,1252.73,78.26000213623047,5.33,79.3,79.0,78.7,2033.0,2028.5,2019.699951171875,0.0025220680958386588,0.0062469017077595446,78.65,78.12666666666665,58.8235294117646,79.8
2024-03-01 00:00:00+00:00,77.8,79.8,2086.89990234375,103.86000061035156,1258.28,79.97000122070312,5.33,79.5,78.9,78.5,2045.699951171875,2034.0,2038.5999755859373,0.0037735849056603765,0.020139782057614797,78.78999999999999,78.22666666666667,62.16216216216204,80.4
2024-03-04 00:00:00+00:00,78.4,80.4,2117.699951171875,103.83000183105467,1261.41,78.73999786376953,5.33,79.8,79.3,79.0,2086.89990234375,2033.0,2028.5,0.007518796992481258,0.014758757137097955,79.03,78.37333333333335,67.44186046511624,80.8
2024-03-05 00:00:00+00:00,78.8,80.8,2133.5,103.8000030517578,1269.98,78.1500015258789,5.33,80.4,79.5,78.9,2117.699951171875,2045.699951171875,2034.0,0.004975124378109319,0.00746094781717388,79.29,78.51666666666667,70.2127659574467,81.0
2024-03-06 00:00:00+00:00,79.0,81.0,2150.300048828125,103.37000274658205,1262.73,79.12999725341797,5.33,80.8,79.8,79.3,2133.5,2086.89990234375,2033.0,0.0024752475247524774,0.007874407700082076,79.59,78.66,72.91666666666671,81.8
2024-03-07 00:00:00+00:00,79.8,81.8,2158.0,102.81999969482422,1268.46,78.93000030517578,5.33,81.0,80.4,79.5,2150.300048828125,2117.699951171875,2045.699951171875,0.00987654320987641,0.003580872900073251,79.9,78.83666666666666,82.6923076923076,81.9
2024-03-08 00:00:00+00:00,79.9,81.9,2178.60009765625,102.73999786376952,1247.35,78.01000213623047,5.33,81.8,80.8,79.8,2158.0,2133.5,2086.89990234375,0.0012224938875307068,0.009545921064064045,80.24,79.00666666666667,89.79591836734696,82.2
2024-03-11 00:00:00+00:00,80.2,82.2,2182.5,102.87000274658205,1235.49,77.93000030517578,5.33,81.9,81.0,80.4,2178.60009765625,2150.300048828125,2117.699951171875,0.00366300366300365,0.0017900955517011763,80.56,79.18666666666667,90.0,82.5
2024-03-12 00:00:00+00:00,80.5,82.5,2160.39990234375,102.95999908447266,1245.0,77.55999755859375,5.33,82.2,81.8,80.8,2182.5,2158.0,2133.5,0.0036496350364962904,-0.010126047036082442,80.92,79.35666666666665,94.11764705882358,80.7
2024-03-13 00:00:00+00:00,78.2,80.7,2175.39990234375,102.79000091552734,1270.51,79.72000122070312,5.33,82.5,81.9,81.0,2160.39990234375,2178.60009765625,2150.300048828125,-0.021818181818181737,0.006943158988170106,81.06,79.45,66.12903225806454,81.5
2024-03-14 00:00:00+00:00,79.5,81.5,2163.0,103.36000061035156,1264.26,81.26000213623047,5.33,80.7,82.2,81.8,2175.39990234375,2182.5,2158.0,0.009913258983890838,-0.005700056495539285,81.25999999999999,79.55666666666666,72.05882352941182,81.7
2024-03-15 00:00:00+00:00,79.7,81.7,2157.300048828125,103.43000030517578,1263.78,81.04000091552734,5.33,81.5,82.5,81.9,2163.0,2160.39990234375,2178.60009765625,0.0024539877300613355,-0.0026352062745608196,81.45,79.66333333333334,70.76923076923084,81.4
2024-03-18 00:00:00+00:00,79.4,81.4,2160.699951171875,103.58000183105467,1243.56,82.72000122070312,5.33,81.7,80.7,82.2,2157.300048828125,2175.39990234375,2182.5,-0.003671970624234966,0.0015759988257531,81.55,79.76333333333334,68.65671641791047,81.5
2024-03-19 00:00:00+00:00,79.5,81.5,2156.300048828125,103.80999755859376,1242.46,83.47000122070312,5.33,81.4,81.5,82.5,2160.699951171875,2163.0,2160.39990234375,0.0012285012285011554,-0.002036331949451742,81.62,79.86333333333333,67.18750000000004,81.4
2024-03-20 00:00:00+00:00,79.4,81.4,2157.89990234375,103.41000366210938,1260.08,81.68000030517578,5.33,81.5,81.7,80.7,2156.300048828125,2157.300048828125,2175.39990234375,-0.0012269938650305567,0.0007419438294287151,81.66000000000001,79.94666666666666,65.07936507936516,80.8
2024-03-21 00:00:00+00:00,78.8,80.8,2182.39990234375,104.0,1276.42,81.06999969482422,5.33,81.4,81.4,81.5,2157.89990234375,2160.699951171875,2163.0,-0.0073710073710074875,0.011353631358614003,81.56,80.01,57.575757575757585,80.0
2024-03-22 00:00:00+00:00,78.0,80.0,2158.10009765625,104.43000030517578,1281.8,80.62999725341797,5.33,80.8,81.5,81.7,2182.39990234375,2156.300048828125,2157.300048828125,-0.00990099009900991,-0.0111344417956597,81.37,80.04666666666667,47.05882352941171,79.9
2024-03-25 00:00:00+00:00,77.9,79.9,2174.800048828125,104.2300033569336,1267.86,81.94999694824219,5.33,80.0,81.4,81.4,2158.10009765625,2157.89990234375,2160.699951171875,-0.0012499999999999734,0.007738265333480765,81.14,80.08,43.07692307692313,80.3
2024-03-26 00:00:00+00:00,78.3,80.3,2175.60009765625,104.29000091552734,1282.21,81.62000274658203,5.33,79.9,80.8,81.5,2174.800048828125,2182.39990234375,2156.300048828125,0.005006257822277815,0.0003678723607516421,80.92,80.12666666666668,44.77611940298504,80.9
2024-03-27 00:00:00+00:00,78.9,80.9,2190.60009765625,104.3499984741211,1283.09,81.3499984741211,5.33,80.3,80.0,81.4,2175.60009765625,2158.10009765625,2157.89990234375,0.007471980074719831,0.006894649442312106,80.94000000000001,80.19333333333333,43.07692307692313,81.0
2024-03-28 00:00:00+00:00,79.0,81.0,2217.39990234375,104.5500030517578,1290.18,83.16999816894531,5.33,80.9,79.9,80.8,2190.60009765625,2174.800048828125,2182.39990234375,0.0012360939431395046,0.012234001411838502,80.89000000000001,80.26666666666667,43.07692307692301,81.0
2024-03-29 00:00:00+00:00,79.0,81.0,2217.39990234375,104.5500030517578,1284.09,83.16999816894531,5.33,81.0,80.3,80.0,2217.39990234375,2175.60009765625,2158.10009765625,0.0,0.0,80.82000000000001,80.35333333333332,40.322580645161224,81.1
2024-04-01 00:00:00+00:00,78.6,81.1,2236.5,105.0199966430664,1281.52,83.70999908447266,5.33,81.0,80.9,79.9,2217.39990234375,2190.60009765625,2174.800048828125,0.0012345679012344402,0.008613736131250604,80.79,80.45666666666666,38.33333333333323,81.3
2024-04-02 00:00:00+00:00,79.3,81.3,2261.0,104.81999969482422,1287.04,85.1500015258789,5.33,81.1,81.0,80.3,2236.5,2217.39990234375,2175.60009765625,0.002466091245376223,0.010954616588419341,80.77000000000001,80.56,56.818181818181785,81.1
2024-04-03 00:00:00+00:00,79.1,81.1,2294.39990234375,104.25,1271.47,85.43000030517578,5.33,81.3,81.0,80.9,2261.0,2217.39990234375,2190.60009765625,-0.00246002460024608,0.014772181487726632,80.74,80.66333333333334,44.73684210526306,81.3
2024-04-04 00:00:00+00:00,79.3,81.3,2288.800048828125,104.12000274658205,1268.25,86.58999633789062,5.33,81.1,81.1,81.0,2294.39990234375,2236.5,2217.39990234375,0.002466091245376223,-0.0024406615036484114,80.78999999999999,80.75,44.73684210526306,81.5
2024-04-05 00:00:00+00:00,79.5,81.5,2325.699951171875,104.3000030517578,1255.11,86.91000366210938,5.33,81.3,81.3,81.0,2288.800048828125,2261.0,2217.39990234375,0.002460024600245969,0.016121942308871873,80.94,80.85,51.35135135135128,82.4
2024-04-08 00:00:00+00:00,80.4,82.4,2331.699951171875,104.13999938964844,1250.35,86.43000030517578,5.33,81.5,81.1,81.1,2325.699951171875,2294.39990234375,2236.5,0.011042944785276232,0.0025798684808746586,81.19,80.96333333333334,60.000000000000064,84.8
2024-04-09 00:00:00+00:00,82.8,84.8,2343.5,104.1500015258789,1262.82,85.2300033569336,5.33,82.4,81.3,81.3,2331.699951171875,2288.800048828125,2261.0,0.029126213592232997,0.005060706383852809,81.64,81.16,74.99999999999994,84.4
2024-04-10 00:00:00+00:00,82.4,84.4,2329.60009765625,105.25,1258.56,86.20999908447266,5.33,84.8,81.5,81.1,2343.5,2325.699951171875,2294.39990234375,-0.004716981132075415,-0.00593125766748448,81.99,81.33,77.27272727272742,84.2
2024-04-11 00:00:00+00:00,82.2,84.2,2354.800048828125,105.27999877929688,1258.2,85.0199966430664,5.33,84.4,82.4,81.3,2329.60009765625,2331.699951171875,2288.800048828125,-0.0023696682464455776,0.010817286278974603,82.30999999999999,81.48666666666668,85.0000000000001,84.5
2024-04-12 00:00:00+00:00,82.5,84.5,2356.199951171875,106.04000091552734,1276.6,85.66000366210938,5.33,84.2,84.8,81.5,2354.800048828125,2343.5,2325.699951171875,0.0035629453681709222,0.000594488837575291,82.66,81.64333333333335,87.09677419354841,84.1
2024-04-15 00:00:00+00:00,82.1,84.1,2365.800048828125,106.20999908447266,1216.61,85.41000366210938,5.33,84.5,84.4,82.4,2356.199951171875,2329.60009765625,2331.699951171875,-0.004733727810650956,0.00407439854647107,82.96000000000001,81.76666666666667,80.64516129032253,83.7
2024-04-16 00:00:00+00:00,81.7,83.7,2390.800048828125,106.26000213623048,1215.68,85.36000061035156,5.33,84.1,84.2,84.8,2365.800048828125,2354.800048828125,2343.5,-0.0047562425683709275,0.010567249760766284,83.2,81.86333333333333,73.33333333333337,84.1
2024-04-17 00:00:00+00:00,82.1,84.1,2371.699951171875,105.9499969482422,1193.01,82.69000244140625,5.33,83.7,84.5,84.4,2390.800048828125,2356.199951171875,2329.60009765625,0.004778972520907976,-0.007988998354593546,83.5,81.96666666666667,74.60317460317462,84.1
2024-04-18 00:00:00+00:00,82.1,84.1,2382.300048828125,106.1500015258789,1193.01,82.7300033569336,5.33,84.1,84.1,84.2,2371.699951171875,2365.800048828125,2354.800048828125,0.0,0.004469409231556698,83.78,82.04333333333332,74.60317460317462,83.8
2024-04-19 00:00:00+00:00,81.8,83.8,2398.39990234375,106.1500015258789,1174.85,83.13999938964844,5.33,84.1,83.7,84.5,2382.300048828125,2390.800048828125,2356.199951171875,-0.003567181926278251,0.006758113245871167,84.01,82.10666666666665,70.76923076923084,83.5
2024-04-22 00:00:00+00:00,81.0,83.5,2332.199951171875,106.08000183105467,1190.22,82.8499984741211,5.33,83.8,84.1,84.1,2398.39990234375,2371.699951171875,2365.800048828125,-0.0035799522673031214,-0.027601715254901182,84.12,82.15,66.66666666666674,83.3
2024-04-23 00:00:00+00:00,81.0,83.3,2327.699951171875,105.69000244140624,1177.4,83.36000061035156,5.33,83.5,84.1,83.7,2332.199951171875,2382.300048828125,2390.800048828125,-0.0023952095808383866,-0.0019295086588689836,83.97,82.17666666666668,66.66666666666674,84.5
2024-04-24 00:00:00+00:00,82.5,84.5,2324.5,105.86000061035156,1205.61,82.80999755859375,5.33,83.3,83.8,84.1,2327.699951171875,2398.39990234375,2371.699951171875,0.014405762304922076,-0.0013747266567858407,83.97999999999999,82.30333333333334,71.05263157894744,84.3
2024-04-25 00:00:00+00:00,82.0,84.3,2329.800048828125,105.5999984741211,1204.97,83.56999969482422,5.33,84.5,83.5,84.1,2324.5,2332.199951171875,2382.300048828125,-0.002366863905325478,0.0022800812338674703,83.98999999999998,82.39666666666668,68.42105263157897,85.2
2024-04-26 00:00:00+00:00,83.0,85.2,2334.800048828125,105.94000244140624,1209.52,83.8499984741211,5.33,84.3,83.3,83.8,2329.800048828125,2327.699951171875,2398.39990234375,0.01067615658362997,0.002146106916992796,84.05999999999999,82.51333333333334,68.42105263157897,85.2
2024-04-29 00:00:00+00:00,83.0,85.2,2345.39990234375,105.58000183105467,1209.52,82.62999725341797,5.33,85.2,84.5,83.5,2334.800048828125,2324.5,2332.199951171875,0.0,0.004539940591891556,84.17,82.64,53.84615384615391,85.2
2024-04-30 00:00:00+00:00,83.0,85.2,2291.39990234375,106.22000122070312,1209.52,81.93000030517578,5.33,85.2,84.3,83.3,2345.39990234375,2329.800048828125,2327.699951171875,0.0,-0.02302379220960915,84.32,82.76333333333332,58.33333333333331,85.2
2024-05-01 00:00:00+00:00,83.0,85.2,2299.89990234375,105.76000213623048,1209.52,79.0,5.33,85.2,85.2,84.5,2291.39990234375,2334.800048828125,2324.5,0.0,0.0037095227207202264,84.42999999999999,82.89000000000001,60.86956521739131,85.1
2024-05-02 00:00:00+00:00,82.9,85.1,2299.199951171875,105.3000030517578,1216.36,78.94999694824219,5.33,85.2,85.2,84.3,2299.89990234375,2345.39990234375,2329.800048828125,-0.0011737089201878659,-0.00030433984155642246,84.53,83.03333333333333,56.81818181818174,85.8
2024-05-03 00:00:00+00:00,83.5,85.8,2299.0,105.02999877929688,1221.03,78.11000061035156,5.33,85.1,85.2,85.2,2299.199951171875,2291.39990234375,2334.800048828125,0.008225616921269108,-8.696554285025915e-05,84.72999999999999,83.22666666666667,68.08510638297875,86.5
2024-05-06 00:00:00+00:00,84.3,86.5,2321.60009765625,105.0500030517578,1241.58,78.4800033569336,5.33,85.8,85.2,85.2,2299.0,2299.89990234375,2345.39990234375,0.00815850815850827,0.009830403504240914,85.03,83.44666666666667,77.99999999999989,87.5
2024-05-07 00:00:00+00:00,85.3,87.5,2315.199951171875,105.41000366210938,1248.63,78.37999725341797,5.33,86.5,85.1,85.2,2321.60009765625,2299.199951171875,2291.39990234375,0.011560693641618602,-0.002756782484130804,85.45,83.68666666666668,80.35714285714279,87.5
2024-05-08 00:00:00+00:00,85.2,87.5,2313.60009765625,105.5500030517578,1250.46,78.98999786376953,5.33,87.5,85.8,85.2,2315.199951171875,2299.0,2299.89990234375,0.0,-0.0006910217473075075,85.75,83.90666666666668,80.35714285714279,89.1
2024-05-09 00:00:00+00:00,86.8,89.1,2332.10009765625,105.2300033569336,1248.64,79.26000213623047,5.33,87.5,86.5,85.1,2313.60009765625,2321.60009765625,2299.199951171875,0.01828571428571424,0.007996196066356154,86.23,84.17666666666668,88.40579710144914,92.4
2024-05-10 00:00:00+00:00,90.1,92.4,2367.300048828125,105.30999755859376,1244.7,78.26000213623047,5.33,89.1,87.5,85.8,2332.10009765625,2315.199951171875,2299.0,0.0370370370370372,0.01509367081080737,86.95,84.55666666666667,94.94949494949482,90.0
2024-05-13 00:00:00+00:00,87.5,90.0,2336.10009765625,105.22000122070312,1240.18,79.12000274658203,5.33,92.4,87.5,86.5,2367.300048828125,2313.60009765625,2321.60009765625,-0.025974025974025983,-0.013179550765995973,87.42999999999999,84.85333333333334,77.68595041322307,89.0
2024-05-14 00:00:00+00:00,86.0,89.0,2353.39990234375,105.01000213623048,1243.28,78.0199966430664,5.33,90.0,89.1,87.5,2336.10009765625,2332.10009765625,2315.199951171875,-0.011111111111111072,0.007405420985537647,87.81,85.11,68.90756302521002,90.2
2024-05-15 00:00:00+00:00,87.7,90.2,2388.699951171875,104.3499984741211,1254.39,78.62999725341797,5.33,89.0,92.4,87.5,2353.39990234375,2367.300048828125,2313.60009765625,0.013483146067415852,0.014999596453186603,88.31,85.41333333333334,72.86821705426352,90.0
2024-05-16 00:00:00+00:00,87.5,90.0,2380.0,104.45999908447266,1268.78,79.2300033569336,5.33,90.2,90.0,89.1,2388.699951171875,2336.10009765625,2332.10009765625,-0.0022172949002217113,-0.0036421280821004043,88.8,85.70333333333333,69.67213114754092,90.0
2024-05-17 00:00:00+00:00,87.5,90.0,2412.199951171875,104.4499969482422,1273.11,80.05999755859375,5.33,90.0,89.0,92.4,2380.0,2353.39990234375,2367.300048828125,0.0,0.013529391248686906,89.22,85.98666666666666,69.67213114754092,91.0
2024-05-20 00:00:00+00:00,89.0,91.0,2433.89990234375,104.56999969482422,1277.58,79.80000305175781,5.33,90.0,90.2,90.0,2412.199951171875,2388.699951171875,2336.10009765625,0.011111111111111072,0.008995917258572517,89.67,86.27333333333333,71.96969696969691,90.7
2024-05-21 00:00:00+00:00,88.7,90.7,2421.699951171875,104.66000366210938,1277.14,79.26000213623047,5.33,91.0,90.0,89.0,2433.89990234375,2380.0,2353.39990234375,-0.003296703296703285,-0.005012511467758718,89.99,86.47,70.37037037037032,90.9
2024-05-22 00:00:00+00:00,88.9,90.9,2389.199951171875,104.94000244140624,1266.91,77.56999969482422,5.33,90.7,90.0,90.2,2421.699951171875,2412.199951171875,2388.699951171875,0.0022050716648291946,-0.013420324835978548,90.33000000000001,86.68666666666667,71.32352941176471,90.0
2024-05-23 00:00:00+00:00,88.0,90.0,2335.0,105.11000061035156,1281.03,76.87000274658203,5.33,90.9,91.0,90.0,2389.199951171875,2433.89990234375,2380.0,-0.00990099009900991,-0.022685397739645285,90.42,86.87999999999998,65.21739130434781,89.5
2024-05-24 00:00:00+00:00,87.5,89.5,2332.5,104.72000122070312,1261.93,77.72000122070312,5.33,90.0,90.7,90.0,2335.0,2421.699951171875,2412.199951171875,-0.005555555555555536,-0.0010706638115631772,90.13000000000001,87.04666666666665,61.02941176470586,89.9
2024-05-27 00:00:00+00:00,87.9,89.9,2332.5,104.72000122070312,1267.68,77.72000122070312,5.33,89.5,90.9,91.0,2332.5,2389.199951171875,2433.89990234375,0.004469273743016755,0.0,90.12,87.24,59.230769230769226,90.5
2024-05-28 00:00:00+00:00,88.5,90.5,2355.199951171875,104.61000061035156,1281.73,79.83000183105469,5.33,89.9,90.0,90.7,2332.5,2335.0,2421.699951171875,0.006674082313681717,0.009732026225884205,90.27000000000001,87.46666666666667,61.02941176470586,90.3
2024-05-29 00:00:00+00:00,88.3,90.3,2340.300048828125,105.0999984741211,1272.64,79.2300033569336,5.33,90.5,89.5,90.9,2355.199951171875,2332.5,2389.199951171875,-0.0022099447513812542,-0.006326385297492965,90.28,87.67333333333335,54.91803278688525,88.8
2024-05-30 00:00:00+00:00,86.3,88.8,2342.89990234375,104.72000122070312,1266.32,77.91000366210938,5.33,90.3,89.9,90.0,2340.300048828125,2332.5,2335.0,-0.01661129568106312,0.0011109060639156176,90.16,87.83,32.69230769230768,87.5
2024-05-31 00:00:00+00:00,84.0,87.5,2322.89990234375,104.66999816894533,1261.72,76.98999786376953,5.33,88.8,90.5,89.5,2342.89990234375,2355.199951171875,2332.5,-0.014639639639639657,-0.008536429567474357,89.91,87.95333333333333,36.559139784946254,87.5
2024-06-01 00:00:00+00:00,84.0,87.5,2322.89990234375,104.66999816894533,1261.72,76.98999786376953,5.33,87.5,90.3,89.9,2322.89990234375,2340.300048828125,2332.5,0.0,0.0,89.56,88.08666666666666,40.96385542168676,79.98
2024-06-03 00:00:00+00:00,77.98,79.98,2346.60009765625,104.13999938964844,1280.0,74.22000122070312,5.33,87.5,88.8,90.5,2322.89990234375,2342.89990234375,2355.199951171875,-0.0859428571428571,0.010202848296901212,88.48800000000001,87.97599999999998,15.047879616963073,78.98
2024-06-04 00:00:00+00:00,77.48,78.98,2325.5,104.11000061035156,1283.52,73.25,5.33,79.98,87.5,90.3,2346.60009765625,2322.89990234375,2340.300048828125,-0.012503125781445412,-0.00899177396153883,87.29599999999999,87.79199999999999,14.267185473411175,77.98
2024-06-05 00:00:00+00:00,76.78,77.98,2354.10009765625,104.2699966430664,1284.35,74.06999969482422,5.33,78.98,87.5,88.8,2325.5,2322.89990234375,2342.89990234375,-0.012661433274246625,0.012298472438722952,86.094,87.58133333333333,13.398294762484795,76.98
2024-06-06 00:00:00+00:00,74.98,76.98,2370.300048828125,104.0999984741211,1283.56,75.55000305175781,5.33,77.98,79.98,87.5,2354.10009765625,2346.60009765625,2322.89990234375,-0.01282380097460889,0.006881589779467623,84.842,87.30733333333333,7.308160779537161,76.98
2024-06-07 00:00:00+00:00,74.98,76.98,2305.199951171875,104.88999938964844,1287.58,75.52999877929688,5.33,76.98,78.98,87.5,2370.300048828125,2325.5,2322.89990234375,0.0,-0.027464918497738466,83.55,87.03333333333333,7.444168734491342,76.98
2024-06-10 00:00:00+00:00,74.98,76.98,2307.699951171875,105.1500015258789,1290.67,77.73999786376953,5.33,76.98,77.98,79.98,2305.199951171875,2354.10009765625,2346.60009765625,0.0,0.0010845046212710763,82.19800000000001,86.75933333333334,6.281407035175889,76.98
2024-06-11 00:00:00+00:00,74.98,76.98,2307.5,105.2300033569336,1284.41,77.9000015258789,5.33,76.98,76.98,78.98,2307.699951171875,2370.300048828125,2325.5,0.0,-8.664522082846293e-05,80.86600000000001,86.48533333333333,6.657789613848209,76.98
2024-06-12 00:00:00+00:00,74.98,76.98,2336.0,104.6500015258789,1300.19,78.5,5.33,76.98,76.98,77.98,2307.5,2305.199951171875,2354.10009765625,0.0,0.012351029252437806,79.684,86.21466666666667,6.887052341597794,76.98
2024-06-13 00:00:00+00:00,74.98,76.98,2300.199951171875,105.1999969482422,1301.51,78.62000274658203,5.33,76.98,76.98,76.98,2336.0,2307.699951171875,2370.300048828125,0.0,-0.015325363368204226,78.63199999999999,85.92066666666666,4.249291784702521,76.98
2024-06-14 00:00:00+00:00,74.98,76.98,2331.39990234375,105.5500030517578,1279.91,78.44999694824219,5.33,76.98,76.98,76.98,2300.199951171875,2307.5,2305.199951171875,0.0,0.013564016969907167,77.58,85.60333333333332,0.0,76.98
2024-06-17 00:00:00+00:00,74.98,76.98,2312.39990234375,105.31999969482422,1274.77,80.33000183105469,5.33,76.98,76.98,76.98,2331.39990234375,2336.0,2307.699951171875,0.0,-0.008149610017955,77.28,85.25266666666667,0.0,76.98
2024-06-18 00:00:00+00:00,74.98,76.98,2330.39990234375,105.26000213623048,1279.5,81.56999969482422,5.33,76.98,76.98,76.98,2312.39990234375,2300.199951171875,2307.5,0.0,0.0077841207231310605,77.08000000000001,84.902,0.0,76.98
2024-06-19 00:00:00+00:00,74.98,76.98,2330.39990234375,105.26000213623048,1279.79,81.56999969482422,5.33,76.98,76.98,76.98,2330.39990234375,2331.39990234375,2336.0,0.0,0.0,76.98,84.498,0.0,76.98
2024-06-20 00:00:00+00:00,74.98,76.98,2353.800048828125,105.58999633789062,1282.3,82.16999816894531,5.33,76.98,76.98,76.98,2330.39990234375,2312.39990234375,2300.199951171875,0.0,0.010041257923518065,76.98,83.984,0.0,76.98
2024-06-21 00:00:00+00:00,74.98,76.98,2316.39990234375,105.8000030517578,1282.02,80.7300033569336,5.33,76.98,76.98,76.98,2353.800048828125,2330.39990234375,2331.39990234375,0.0,-0.015889262345370136,76.98,83.55,0.0,76.98
2024-06-24 00:00:00+00:00,74.98,76.98,2330.0,105.47000122070312,1254.12,81.62999725341797,5.33,76.98,76.98,76.98,2316.39990234375,2330.39990234375,2312.39990234375,0.0,0.005871221822488115,76.98,83.14933333333333,0.0,76.98
2024-06-25 00:00:00+00:00,74.98,76.98,2316.60009765625,105.61000061035156,1256.56,80.83000183105469,5.33,76.98,76.98,76.98,2330.0,2353.800048828125,2330.39990234375,0.0,-0.005751031048819688,76.98,82.70866666666667,0.0,76.98
2024-06-26 00:00:00+00:00,74.98,76.98,2299.199951171875,106.0500030517578,1261.24,80.9000015258789,5.33,76.98,76.98,76.98,2316.60009765625,2316.39990234375,2330.39990234375,0.0,-0.007511070426863498,76.98,82.27466666666668,100.0,76.98
2024-06-27 00:00:00+00:00,74.98,76.98,2324.5,105.91000366210938,1259.09,81.73999786376953,5.33,76.98,76.98,76.98,2299.199951171875,2330.0,2353.800048828125,0.0,0.011003848888927692,76.98,81.84066666666668,100.0,76.98
2024-06-28 00:00:00+00:00,74.98,76.98,2327.699951171875,105.87000274658205,1245.32,81.54000091552734,5.33,76.98,76.98,76.98,2324.5,2316.60009765625,2316.39990234375,0.0,0.0013766191318025367,76.98,81.37333333333335,100.0,76.98
2024-07-01 00:00:00+00:00,74.98,76.98,2327.60009765625,105.9000015258789,1254.56,83.37999725341797,5.33,76.98,76.98,76.98,2327.699951171875,2299.199951171875,2330.0,0.0,-4.289793260281449e-05,76.98,80.91600000000001,100.0,76.98
2024-07-02 00:00:00+00:00,74.98,76.98,2323.0,105.72000122070312,1269.79,82.80999755859375,5.33,76.98,76.98,76.98,2327.60009765625,2324.5,2316.60009765625,0.0,-0.0019763264578318562,76.98,80.45200000000001,100.0,76.98
2024-07-03 00:00:00+00:00,74.98,76.98,2359.800048828125,105.4000015258789,1276.85,83.87999725341797,5.33,76.98,76.98,76.98,2323.0,2327.699951171875,2299.199951171875,0.0,0.015841605177841167,76.98,80.01800000000001,100.0,76.98
2024-07-04 00:00:00+00:00,74.98,76.98,2359.800048828125,105.4000015258789,1279.89,83.87999725341797,5.33,76.98,76.98,76.98,2359.800048828125,2327.60009765625,2324.5,0.0,0.0,76.98,79.60066666666668,100.0,76.98
2024-07-05 00:00:00+00:00,74.98,76.98,2388.5,104.87999725341795,1283.04,83.16000366210938,5.33,76.98,76.98,76.98,2359.800048828125,2323.0,2327.699951171875,0.0,0.012162026687865923,76.98,79.17000000000002,100.0,76.98
2024-07-08 00:00:00+00:00,74.98,76.98,2355.199951171875,105.01000213623048,1283.56,82.33000183105469,5.33,76.98,76.98,76.98,2388.5,2359.800048828125,2327.60009765625,0.0,-0.013941824922807156,76.98,78.71933333333332,100.0,76.98
2024-07-09 00:00:00+00:00,74.98,76.98,2360.10009765625,105.12000274658205,1293.71,81.41000366210938,5.33,76.98,76.98,76.98,2355.199951171875,2359.800048828125,2323.0,0.0,0.002080564956676856,76.98,78.27533333333332,100.0,76.98
2024-07-10 00:00:00+00:00,74.98,76.98,2372.199951171875,105.0500030517578,1285.94,82.0999984741211,5.33,76.98,76.98,76.98,2360.10009765625,2388.5,2359.800048828125,0.0,0.005126839123324123,76.98,77.88133333333333,100.0,76.98
2024-07-11 00:00:00+00:00,74.98,76.98,2415.0,104.44000244140624,1283.8,82.62000274658203,5.33,76.98,76.98,76.98,2372.199951171875,2355.199951171875,2359.800048828125,0.0,0.01804234453633713,76.98,77.53066666666668,100.0,76.98
2024-07-12 00:00:00+00:00,75.48,76.98,2414.0,104.08999633789062,1280.75,82.20999908447266,5.33,76.98,76.98,76.98,2415.0,2360.10009765625,2388.5,0.0,-0.00041407867494824835,76.98,77.18,100.0,76.98
2024-07-15 00:00:00+00:00,75.48,76.98,2422.89990234375,104.19000244140624,1279.82,81.91000366210938,5.33,76.98,76.98,76.98,2414.0,2372.199951171875,2355.199951171875,0.0,0.003686786389291541,76.98,77.08,100.0,76.98
2024-07-16 00:00:00+00:00,75.48,76.98,2462.39990234375,104.2699966430664,1281.18,80.76000213623047,5.33,76.98,76.98,76.98,2422.89990234375,2415.0,2360.10009765625,0.0,0.016302778320222977,76.98,77.01333333333334,100.0,76.98
2024-07-17 00:00:00+00:00,75.98,76.98,2454.800048828125,103.75,1268.66,82.8499984741211,5.33,76.98,76.98,76.98,2462.39990234375,2414.0,2372.199951171875,0.0,-0.0030863603870319167,76.98,76.98,100.0,80.0
2024-07-18 00:00:00+00:00,78.5,80.0,2451.800048828125,104.16999816894533,1274.44,82.81999969482422,5.33,76.98,76.98,76.98,2454.800048828125,2422.89990234375,2415.0,0.03923096908287871,-0.001222095462085404,77.282,77.08066666666667,100.0,80.0
2024-07-19 00:00:00+00:00,78.5,80.0,2395.5,104.4000015258789,1264.78,80.12999725341797,5.33,80.0,76.98,76.98,2451.800048828125,2462.39990234375,2414.0,0.0,-0.02296274072391602,77.58399999999999,77.18133333333334,100.0,80.0
2024-07-22 00:00:00+00:00,78.0,80.0,2392.0,104.30999755859376,1254.64,79.77999877929688,5.33,80.0,76.98,76.98,2395.5,2454.800048828125,2422.89990234375,0.0,-0.001461072844917588,77.88600000000001,77.282,100.0,79.5
2024-07-23 00:00:00+00:00,77.5,79.5,2404.60009765625,104.4499969482422,1231.81,76.95999908447266,5.33,80.0,80.0,76.98,2392.0,2451.800048828125,2462.39990234375,-0.006249999999999978,0.005267599354619623,78.138,77.366,85.79545454545453,79.5
2024-07-24 00:00:00+00:00,77.5,79.5,2413.300048828125,104.38999938964844,1238.47,77.58999633789062,5.33,79.5,80.0,76.98,2404.60009765625,2395.5,2454.800048828125,0.0,0.0036180449216294264,78.39000000000001,77.45,85.79545454545453,79.5
2024-07-25 00:00:00+00:00,77.5,79.5,2351.89990234375,104.36000061035156,1233.19,78.27999877929688,5.33,79.5,80.0,80.0,2413.300048828125,2392.0,2451.800048828125,0.0,-0.02544240054782676,78.64200000000001,77.534,85.79545454545453,79.5
2024-07-26 00:00:00+00:00,77.5,79.5,2380.0,104.31999969482422,1242.11,77.16000366210938,5.33,79.5,79.5,80.0,2351.89990234375,2404.60009765625,2395.5,0.0,0.011947828914082192,78.894,77.618,85.79545454545453,79.5
2024-07-29 00:00:00+00:00,77.5,79.5,2377.300048828125,104.55999755859376,1246.6,75.80999755859375,5.33,79.5,79.5,80.0,2380.0,2413.300048828125,2392.0,0.0,-0.0011344332654936728,79.146,77.702,85.79545454545453,79.0
2024-07-30 00:00:00+00:00,77.0,79.0,2405.0,104.5500030517578,1245.06,74.7300033569336,5.33,79.5,79.5,79.5,2377.300048828125,2351.89990234375,2404.60009765625,-0.0062893081761006275,0.011651853196036122,79.348,77.76933333333334,75.1243781094527,79.0
2024-07-31 00:00:00+00:00,77.0,79.0,2426.5,104.0999984741211,1251.51,77.91000366210938,5.33,79.0,79.5,79.5,2405.0,2380.0,2413.300048828125,0.0,0.008939708939708968,79.55,77.83666666666666,75.1243781094527,79.8
2024-08-01 00:00:00+00:00,77.8,79.8,2435.0,104.41999816894533,1226.96,76.30999755859375,5.33,79.0,79.5,79.5,2426.5,2377.300048828125,2351.89990234375,0.010126582278481067,0.0035029878425716365,79.53,77.93066666666667,79.253112033195,79.8
2024-08-02 00:00:00+00:00,78.3,79.8,2425.699951171875,103.20999908447266,1236.6,73.5199966430664,5.33,79.8,79.0,79.5,2435.0,2405.0,2380.0,0.0,-0.0038193219006673607,79.50999999999999,78.02466666666666,79.253112033195,79.8
2024-08-05 00:00:00+00:00,78.3,79.8,2401.699951171875,102.69000244140624,1188.07,72.94000244140625,5.33,79.8,79.0,79.5,2425.699951171875,2426.5,2377.300048828125,0.0,-0.00989405140087729,79.49,78.11866666666667,79.253112033195,79.0
2024-08-06 00:00:00+00:00,77.0,79.0,2389.10009765625,102.97000122070312,1210.28,73.19999694824219,5.33,79.8,79.8,79.0,2401.699951171875,2435.0,2405.0,-0.010025062656641603,-0.005246222996955541,79.44000000000001,78.18599999999999,67.97153024911032,79.0
2024-08-07 00:00:00+00:00,77.0,79.0,2390.5,103.1999969482422,1215.88,75.2300033569336,5.33,79.0,79.8,79.0,2389.10009765625,2425.699951171875,2426.5,0.0,0.0005859538263479624,79.39000000000001,78.25333333333333,30.76923076923073,79.0
2024-08-08 00:00:00+00:00,77.0,79.0,2422.199951171875,103.20999908447266,1208.32,76.19000244140625,5.33,79.0,79.8,79.8,2390.5,2401.699951171875,2435.0,0.0,0.01326080366947302,79.34,78.32066666666667,30.76923076923073,78.5
2024-08-09 00:00:00+00:00,76.5,78.5,2432.10009765625,103.13999938964844,1223.64,76.83999633789062,5.33,79.0,79.0,79.8,2422.199951171875,2389.10009765625,2425.699951171875,-0.006329113924050667,0.004087254018639186,79.24000000000001,78.37133333333333,25.806451612903174,78.5
2024-08-12 00:00:00+00:00,76.5,78.5,2462.39990234375,103.13999938964844,1230.28,80.05999755859375,5.33,78.5,79.0,79.8,2432.10009765625,2390.5,2401.699951171875,0.0,0.012458288504120008,79.14000000000001,78.422,30.76923076923073,80.0
2024-08-13 00:00:00+00:00,78.0,80.0,2466.699951171875,102.55999755859376,1230.42,78.3499984741211,5.33,78.5,79.0,79.0,2462.39990234375,2422.199951171875,2389.10009765625,0.019108280254777066,0.0017462837064086134,79.24000000000001,78.52266666666667,56.097560975609774,80.0
2024-08-14 00:00:00+00:00,78.0,80.0,2439.39990234375,102.56999969482422,1230.36,76.9800033569336,5.33,80.0,78.5,79.0,2466.699951171875,2432.10009765625,2390.5,0.0,-0.011067438021862053,79.34,78.62333333333332,56.097560975609774,80.0
2024-08-15 00:00:00+00:00,78.0,80.0,2453.10009765625,102.9800033569336,1223.56,78.16000366210938,5.33,80.0,78.5,79.0,2439.39990234375,2462.39990234375,2422.199951171875,0.0,0.005616215405820579,79.36,78.72399999999999,56.097560975609774,80.0
2024-08-16 00:00:00+00:00,78.0,80.0,2498.60009765625,102.45999908447266,1252.23,76.6500015258789,5.33,80.0,80.0,78.5,2453.10009765625,2466.699951171875,2432.10009765625,0.0,0.018547958986048663,79.38000000000001,78.82466666666666,56.097560975609774,80.0
2024-08-19 00:00:00+00:00,78.0,80.0,2501.800048828125,101.88999938964844,1261.62,74.37000274658203,5.33,80.0,80.0,78.5,2498.60009765625,2439.39990234375,2462.39990234375,0.0,0.001280697609383985,79.4,78.92533333333334,63.888888888888914,81.0
2024-08-20 00:00:00+00:00,79.0,81.0,2511.300048828125,101.44000244140624,1272.55,74.04000091552734,5.33,80.0,80.0,80.0,2501.800048828125,2453.10009765625,2466.699951171875,0.012499999999999956,0.0037972658943907778,79.6,79.05933333333334,71.73913043478264,81.0
2024-08-21 00:00:00+00:00,79.0,81.0,2508.39990234375,101.04000091552734,1284.05,71.93000030517578,5.33,81.0,80.0,80.0,2511.300048828125,2498.60009765625,2439.39990234375,0.0,-0.0011548387002693339,79.8,79.19333333333334,65.78947368421058,81.0
2024-08-22 00:00:00+00:00,79.0,81.0,2478.89990234375,101.51000213623048,1282.78,73.01000213623047,5.33,81.0,80.0,80.0,2508.39990234375,2501.800048828125,2453.10009765625,0.0,-0.011760485229024398,80.0,79.32733333333334,65.78947368421058,81.0
2024-08-23 00:00:00+00:00,79.0,81.0,2508.39990234375,100.72000122070312,1285.32,74.83000183105469,5.33,81.0,81.0,80.0,2478.89990234375,2511.300048828125,2498.60009765625,0.0,0.011900440179980043,80.25,79.46133333333334,65.78947368421058,81.0
2024-08-26 00:00:00+00:00,79.0,81.0,2517.699951171875,100.8499984741211,1280.02,77.41999816894531,5.33,81.0,81.0,80.0,2508.39990234375,2508.39990234375,2501.800048828125,0.0,0.003707562266860087,80.5,79.59533333333334,83.33333333333333,81.0
2024-08-27 00:00:00+00:00,79.0,81.0,2516.0,100.5500030517578,1280.56,75.52999877929688,5.33,81.0,81.0,81.0,2517.699951171875,2478.89990234375,2511.300048828125,0.0,-0.0006752000654739465,80.6,79.72933333333334,83.33333333333333,81.0
2024-08-28 00:00:00+00:00,79.0,81.0,2501.0,101.08999633789062,1281.44,74.5199966430664,5.33,81.0,81.0,81.0,2516.0,2508.39990234375,2508.39990234375,0.0,-0.0059618441971383,80.7,79.86333333333333,83.33333333333333,81.0
2024-08-29 00:00:00+00:00,79.0,81.0,2525.699951171875,101.33999633789062,1281.47,75.91000366210938,5.33,81.0,81.0,81.0,2501.0,2517.699951171875,2478.89990234375,0.0,0.009876030056727325,80.8,79.89666666666668,100.0,81.0
2024-08-30 00:00:00+00:00,79.0,81.0,2493.800048828125,101.6999969482422,1283.87,73.55000305175781,5.33,81.0,81.0,81.0,2525.699951171875,2516.0,2508.39990234375,0.0,-0.012630123514453473,80.9,79.93,100.0,81.0
2024-09-01 00:00:00+00:00,79.0,81.0,2493.800048828125,101.6999969482422,1283.87,73.55000305175781,5.13,81.0,81.0,81.0,2493.800048828125,2501.0,2517.699951171875,0.0,0.0,81.0,79.96333333333334,100.0,81.0
2024-09-03 00:00:00+00:00,79.0,81.0,2489.89990234375,101.83000183105467,1283.87,70.33999633789062,5.13,81.0,81.0,81.0,2493.800048828125,2525.699951171875,2516.0,0.0,-0.0015639371272799796,81.0,80.01333333333334,100.0,81.0
2024-09-04 00:00:00+00:00,79.0,81.0,2493.39990234375,101.36000061035156,1275.8,69.19999694824219,5.13,81.0,81.0,81.0,2489.89990234375,2493.800048828125,2501.0,0.0,0.0014056789980614326,81.0,80.06333333333333,100.0,80.5
2024-09-05 00:00:00+00:00,78.5,80.5,2511.39990234375,101.11000061035156,1268.21,69.1500015258789,5.13,81.0,81.0,81.0,2493.39990234375,2493.800048828125,2525.699951171875,-0.006172839506172867,0.007219058596689809,80.95,80.09666666666666,66.66666666666666,80.5
2024-09-06 00:00:00+00:00,78.5,80.5,2493.5,101.18000030517578,1273.96,67.66999816894531,5.13,80.5,81.0,81.0,2511.39990234375,2489.89990234375,2493.800048828125,0.0,-0.007127459998324093,80.9,80.13000000000001,66.66666666666666,80.5
2024-09-09 00:00:00+00:00,78.5,80.5,2501.800048828125,101.5500030517578,1267.73,68.70999908447266,5.13,80.5,81.0,81.0,2493.5,2493.39990234375,2493.800048828125,0.0,0.003328674083868055,80.85,80.16333333333334,0.0,80.5
2024-09-10 00:00:00+00:00,78.5,80.5,2512.300048828125,101.62999725341795,1255.23,65.75,5.13,80.5,80.5,81.0,2501.800048828125,2511.39990234375,2489.89990234375,0.0,0.004196978093800263,80.8,80.21333333333334,0.0,80.5
2024-09-11 00:00:00+00:00,78.5,80.5,2512.10009765625,101.68000030517578,1253.27,67.30999755859375,5.13,80.5,80.5,81.0,2512.300048828125,2493.5,2493.39990234375,0.0,-7.95888898574848e-05,80.75,80.26333333333334,0.0,80.5
2024-09-12 00:00:00+00:00,78.5,80.5,2551.199951171875,101.37000274658205,1256.35,68.97000122070312,5.13,80.5,80.5,80.5,2512.10009765625,2501.800048828125,2511.39990234375,0.0,0.015564608095077315,80.7,80.28666666666666,0.0,80.5
2024-09-13 00:00:00+00:00,78.5,80.5,2581.300048828125,101.11000061035156,1251.71,68.6500015258789,5.13,80.5,80.5,80.5,2551.199951171875,2512.300048828125,2493.5,0.0,0.011798407899162866,80.65,80.31,0.0,80.5
2024-09-16 00:00:00+00:00,78.5,80.5,2580.39990234375,100.76000213623048,1239.26,70.08999633789062,5.13,80.5,80.5,80.5,2581.300048828125,2512.10009765625,2501.800048828125,0.0,-0.00034871826883653423,80.6,80.33333333333333,0.0,82.0
2024-09-17 00:00:00+00:00,80.0,82.0,2564.300048828125,100.88999938964844,1258.95,71.19000244140625,5.13,80.5,80.5,80.5,2580.39990234375,2551.199951171875,2512.300048828125,0.01863354037267073,-0.006239286205599992,80.7,80.43333333333334,75.0,82.0
2024-09-18 00:00:00+00:00,80.0,82.0,2570.699951171875,100.5999984741211,1264.9,70.91000366210938,5.13,82.0,80.5,80.5,2564.300048828125,2581.300048828125,2512.10009765625,0.0,0.0024957696922693895,80.8,80.53333333333333,75.0,81.8
2024-09-19 00:00:00+00:00,79.8,81.8,2588.0,100.61000061035156,1271.27,71.94999694824219,5.13,82.0,80.5,80.5,2570.699951171875,2580.39990234375,2551.199951171875,-0.0024390243902439046,0.006729703643647111,80.92999999999999,80.62666666666668,68.18181818181809,82.0
2024-09-20 00:00:00+00:00,80.0,82.0,2619.89990234375,100.72000122070312,1272.04,71.91999816894531,5.13,81.8,82.0,80.5,2588.0,2564.300048828125,2581.300048828125,0.0024449877750611915,0.012326082822160078,81.08,80.74333333333334,70.83333333333329,82.0
2024-09-23 00:00:00+00:00,80.0,82.0,2626.5,100.91999816894533,1268.48,70.37000274658203,5.13,82.0,82.0,80.5,2619.89990234375,2570.699951171875,2580.39990234375,0.0,0.002519217490082548,81.22999999999999,80.86,70.83333333333329,83.5
2024-09-24 00:00:00+00:00,81.5,83.5,2651.199951171875,100.37000274658205,1276.99,71.55999755859375,5.13,82.0,81.8,82.0,2626.5,2588.0,2564.300048828125,0.018292682926829285,0.009404131418951023,81.53,80.97666666666667,82.051282051282,83.5
2024-09-25 00:00:00+00:00,81.5,83.5,2659.199951171875,100.91999816894533,1287.48,69.69000244140625,5.13,83.5,82.0,82.0,2651.199951171875,2619.89990234375,2570.699951171875,0.0,0.003017501564325231,81.83,81.09333333333333,94.11764705882345,83.5
2024-09-26 00:00:00+00:00,81.5,83.5,2669.89990234375,100.55999755859376,1291.49,67.66999816894531,5.13,83.5,82.0,81.8,2659.199951171875,2626.5,2588.0,0.0,0.004023748258253246,82.13,81.21000000000001,94.11764705882345,83.5
2024-09-27 00:00:00+00:00,81.5,83.5,2644.300048828125,100.41999816894533,1290.92,68.18000030517578,5.13,83.5,83.5,82.0,2669.89990234375,2651.199951171875,2619.89990234375,0.0,-0.009588319582000904,82.42999999999999,81.32666666666667,94.11764705882345,83.5
2024-09-30 00:00:00+00:00,81.5,83.5,2636.10009765625,100.77999877929688,1287.94,68.16999816894531,5.13,83.5,83.5,82.0,2644.300048828125,2659.199951171875,2626.5,0.0,-0.0031009911963315595,82.72999999999999,81.44333333333334,94.11764705882345,84.0
2024-10-01 00:00:00+00:00,82.0,84.0,2667.300048828125,101.19000244140624,1292.2,69.83000183105469,4.83,83.5,83.5,83.5,2636.10009765625,2669.89990234375,2651.199951171875,0.0059880239520957446,0.011835647363927837,82.92999999999999,81.54333333333334,94.8717948717948,84.0
2024-10-02 00:00:00+00:00,82.0,84.0,2647.10009765625,101.68000030517578,1287.84,70.0999984741211,4.83,84.0,83.5,83.5,2667.300048828125,2644.300048828125,2659.199951171875,0.0,-0.007573182919840549,83.13,81.64333333333335,94.8717948717948,84.0
2024-10-03 00:00:00+00:00,82.0,84.0,2657.10009765625,101.98999786376952,1278.1,73.70999908447266,4.83,84.0,83.5,83.5,2647.10009765625,2636.10009765625,2669.89990234375,0.0,0.003777718873892999,83.35,81.74333333333334,94.8717948717948,84.0
2024-10-04 00:00:00+00:00,82.0,84.0,2645.800048828125,102.5199966430664,1270.6,74.37999725341797,4.83,84.0,84.0,83.5,2657.10009765625,2667.300048828125,2644.300048828125,0.0,-0.004252774985064489,83.55,81.84333333333333,94.8717948717948,84.0
2024-10-07 00:00:00+00:00,82.0,84.0,2644.800048828125,102.54000091552734,1269.93,77.13999938964844,4.83,84.0,84.0,83.5,2645.800048828125,2647.10009765625,2636.10009765625,0.0,-0.00037795751059988003,83.75,81.94333333333334,91.66666666666657,85.0
2024-10-08 00:00:00+00:00,83.0,85.0,2615.0,102.5500030517578,1271.98,73.56999969482422,4.83,84.0,84.0,84.0,2644.800048828125,2657.10009765625,2667.300048828125,0.011904761904761862,-0.011267410873396222,83.9,82.07666666666667,94.11764705882345,85.0
2024-10-09 00:00:00+00:00,83.0,85.0,2606.0,102.93000030517578,1281.85,73.23999786376953,4.83,85.0,84.0,84.0,2615.0,2645.800048828125,2647.10009765625,0.0,-0.0034416826003823564,84.05,82.21000000000001,100.0,84.5
2024-10-10 00:00:00+00:00,82.5,84.5,2620.60009765625,102.98999786376952,1286.36,75.8499984741211,4.83,85.0,84.0,84.0,2606.0,2644.800048828125,2657.10009765625,-0.00588235294117645,0.005602493344685433,84.15,82.32666666666667,85.71428571428571,84.5
2024-10-11 00:00:00+00:00,82.5,84.5,2657.60009765625,102.88999938964844,1288.39,75.55999755859375,4.83,84.5,85.0,84.0,2620.60009765625,2615.0,2645.800048828125,0.0,0.014118903541632033,84.25,82.44333333333334,85.71428571428571,85.0
2024-10-14 00:00:00+00:00,83.0,85.0,2647.800048828125,103.3000030517578,1286.34,73.83000183105469,4.83,84.5,85.0,84.0,2657.60009765625,2606.0,2644.800048828125,0.00591715976331364,-0.003687555865447112,84.4,82.57666666666667,80.0,85.0
2024-10-15 00:00:00+00:00,83.0,85.0,2661.39990234375,103.26000213623048,1281.08,70.58000183105469,4.83,85.0,84.5,85.0,2647.800048828125,2620.60009765625,2615.0,0.0,0.005136284184919404,84.5,82.71000000000001,80.0,86.0
2024-10-16 00:00:00+00:00,84.0,86.0,2674.0,103.58999633789062,1279.48,70.38999938964844,4.83,85.0,84.5,85.0,2661.39990234375,2657.60009765625,2606.0,0.0117647058823529,0.004734387209210489,84.7,82.87666666666668,85.71428571428571,86.0
2024-10-17 00:00:00+00:00,84.0,86.0,2691.0,103.83000183105467,1286.52,70.66999816894531,4.83,86.0,85.0,84.5,2674.0,2647.800048828125,2620.60009765625,0.0,0.006357516828721099,84.9,83.06,85.71428571428571,86.0
2024-10-18 00:00:00+00:00,84.0,86.0,2713.699951171875,103.48999786376952,1285.46,69.22000122070312,4.83,86.0,85.0,84.5,2691.0,2661.39990234375,2657.60009765625,0.0,0.00843550768185608,85.1,83.24333333333334,85.71428571428571,88.0
2024-10-21 00:00:00+00:00,86.0,88.0,2723.10009765625,104.01000213623048,1279.77,70.55999755859375,4.83,86.0,86.0,85.0,2713.699951171875,2674.0,2647.800048828125,0.023255813953488413,0.003463959410956896,85.5,83.49333333333334,90.0,89.0
2024-10-22 00:00:00+00:00,87.0,89.0,2744.199951171875,104.08000183105467,1269.89,72.08999633789062,4.83,88.0,86.0,85.0,2723.10009765625,2691.0,2661.39990234375,0.011363636363636465,0.007748467834063577,85.9,83.77666666666667,91.66666666666667,89.0
2024-10-23 00:00:00+00:00,87.0,89.0,2714.39990234375,104.43000030517578,1270.9,70.7699966430664,4.83,89.0,86.0,86.0,2744.199951171875,2713.699951171875,2674.0,0.0,-0.010859284803718228,86.3,84.06,91.66666666666667,89.0
2024-10-24 00:00:00+00:00,87.0,89.0,2734.89990234375,104.05999755859376,1257.41,70.19000244140625,4.83,89.0,88.0,86.0,2714.39990234375,2723.10009765625,2691.0,0.0,0.007552313858506743,86.75,84.34333333333333,91.66666666666667,89.0
2024-10-25 00:00:00+00:00,87.0,89.0,2740.89990234375,104.26000213623048,1252.72,71.77999877929688,4.83,89.0,89.0,86.0,2734.89990234375,2744.199951171875,2713.699951171875,0.0,0.0021938645706405246,87.2,84.62666666666668,91.66666666666667,89.0
2024-10-28 00:00:00+00:00,87.0,89.0,2742.89990234375,104.31999969482422,1254.77,67.37999725341797,4.83,89.0,89.0,88.0,2740.89990234375,2714.39990234375,2723.10009765625,0.0,0.0007296873549778038,87.6,84.91000000000001,90.0,89.0
2024-10-29 00:00:00+00:00,87.0,89.0,2768.39990234375,104.27999877929688,1261.78,67.20999908447266,4.83,89.0,89.0,89.0,2742.89990234375,2734.89990234375,2744.199951171875,0.0,0.009296730069591863,88.0,85.14333333333335,90.0,90.0
2024-10-30 00:00:00+00:00,88.0,90.0,2788.5,103.98999786376952,1258.63,68.61000061035156,4.83,89.0,89.0,89.0,2768.39990234375,2740.89990234375,2714.39990234375,0.011235955056179803,0.007260547018237196,88.4,85.41000000000001,100.0,90.0
2024-10-31 00:00:00+00:00,88.0,90.0,2738.300048828125,103.9800033569336,1264.48,69.26000213623047,4.83,90.0,89.0,89.0,2788.5,2742.89990234375,2734.89990234375,0.0,-0.018002492799668257,88.8,85.68333333333334,100.0,89.5
2024-11-01 00:00:00+00:00,87.5,89.5,2738.60009765625,104.27999877929688,1254.89,69.48999786376953,4.64,90.0,89.0,89.0,2738.300048828125,2768.39990234375,2740.89990234375,-0.005555555555555536,0.0001095748540242969,89.15,85.93333333333334,90.9090909090909,89.0
2024-11-04 00:00:00+00:00,87.0,89.0,2736.10009765625,103.88999938964844,1244.71,71.47000122070312,4.64,89.5,90.0,89.0,2738.60009765625,2788.5,2742.89990234375,-0.005586592178770999,-0.0009128751591513939,89.25,86.16666666666667,83.33333333333333,89.0
2024-11-05 00:00:00+00:00,87.0,89.0,2740.300048828125,103.41999816894533,1245.76,71.98999786376953,4.64,89.0,90.0,89.0,2736.10009765625,2738.300048828125,2768.39990234375,0.0,0.0015350137136695974,89.25,86.35,80.0,89.0
2024-11-06 00:00:00+00:00,87.0,89.0,2667.60009765625,105.08999633789062,1261.28,71.69000244140625,4.64,89.0,89.5,90.0,2740.300048828125,2738.60009765625,2788.5,0.0,-0.026529923685898793,89.25,86.53333333333333,80.0,85.5
2024-11-07 00:00:00+00:00,81.0,85.5,2698.39990234375,104.51000213623048,1259.75,72.36000061035156,4.64,89.0,89.0,90.0,2667.60009765625,2736.10009765625,2738.300048828125,-0.0393258426966292,0.01154588527514333,88.9,86.6,47.05882352941176,86.0
2024-11-08 00:00:00+00:00,82.0,86.0,2687.5,105.0,1252.56,70.37999725341797,4.64,85.5,89.0,89.5,2698.39990234375,2740.300048828125,2738.60009765625,0.005847953216374213,-0.004039394729551615,88.6,86.68333333333334,35.71428571428572,85.4
2024-11-11 00:00:00+00:00,81.9,85.4,2611.199951171875,105.54000091552734,1250.32,68.04000091552734,4.64,86.0,89.0,89.0,2687.5,2667.60009765625,2736.10009765625,-0.006976744186046435,-0.028390715843023218,88.24,86.74666666666666,22.727272727272748,84.0
2024-11-12 00:00:00+00:00,80.5,84.0,2600.0,106.0199966430664,1244.82,68.12000274658203,4.64,85.4,85.5,89.0,2611.199951171875,2698.39990234375,2740.300048828125,-0.016393442622950838,-0.004289197066983941,87.74,86.74666666666666,18.75,84.0
2024-11-13 00:00:00+00:00,80.5,84.0,2580.800048828125,106.4800033569336,1246.04,68.43000030517578,4.64,84.0,86.0,89.0,2600.0,2687.5,2667.60009765625,0.0,-0.007384596604567362,87.14,86.74666666666666,18.75,83.5
2024-11-14 00:00:00+00:00,80.0,83.5,2568.199951171875,106.66999816894533,1231.89,68.69999694824219,4.64,84.0,85.4,85.5,2580.800048828125,2611.199951171875,2698.39990234375,-0.005952380952380931,-0.00488224481473154,86.49,86.72999999999999,17.647058823529406,83.5
2024-11-15 00:00:00+00:00,80.0,83.5,2565.699951171875,106.69000244140624,1218.57,67.0199966430664,4.64,83.5,84.0,86.0,2568.199951171875,2600.0,2687.5,0.0,-0.0009734444542992549,85.89,86.71333333333332,17.647058823529406,84.0
2024-11-18 00:00:00+00:00,81.0,84.0,2610.60009765625,106.27999877929688,1217.12,69.16000366210938,4.64,83.5,84.0,85.4,2565.699951171875,2580.800048828125,2611.199951171875,0.0059880239520957446,0.017500154865679907,85.39,86.71333333333332,22.222222222222214,85.0
2024-11-19 00:00:00+00:00,82.0,85.0,2627.10009765625,106.20999908447266,1205.15,69.38999938964844,4.64,84.0,83.5,84.0,2610.60009765625,2568.199951171875,2600.0,0.011904761904761862,0.006320385881703361,84.99,86.71333333333332,22.222222222222214,85.7
2024-11-20 00:00:00+00:00,82.7,85.7,2648.199951171875,106.68000030517578,1216.54,68.87000274658203,4.64,85.0,83.5,84.0,2627.10009765625,2565.699951171875,2580.800048828125,0.008235294117647118,0.008031613844653007,84.66,86.73666666666666,27.835051546391767,86.2
2024-11-21 00:00:00+00:00,83.7,86.2,2672.10009765625,106.97000122070312,1228.33,70.0999984741211,4.64,85.7,84.0,83.5,2648.199951171875,2610.60009765625,2568.199951171875,0.005834305717619559,0.009025053593026078,84.72999999999999,86.79333333333332,32.98969072164951,87.0
2024-11-22 00:00:00+00:00,85.0,87.0,2709.89990234375,107.48999786376952,1228.1,71.23999786376953,4.64,86.2,85.0,83.5,2672.10009765625,2627.10009765625,2565.699951171875,0.009280742459396807,0.01414610355377599,84.83,86.87666666666665,39.99999999999999,86.6
2024-11-25 00:00:00+00:00,84.6,86.6,2616.800048828125,106.81999969482422,1234.7,68.94000244140625,4.64,87.0,85.7,84.0,2709.89990234375,2648.199951171875,2610.60009765625,-0.0045977011494253706,-0.034355458456271526,84.95,86.92999999999999,38.46153846153844,85.2
2024-11-26 00:00:00+00:00,82.7,85.2,2620.300048828125,107.01000213623048,1242.13,68.7699966430664,4.64,86.6,86.2,85.0,2616.800048828125,2672.10009765625,2627.10009765625,-0.016166281755196188,0.0013375114394267307,85.07000000000001,86.93666666666667,33.89830508474577,85.3
2024-11-27 00:00:00+00:00,82.8,85.3,2639.89990234375,106.08000183105467,1241.97,68.72000122070312,4.64,85.2,87.0,85.7,2620.300048828125,2709.89990234375,2648.199951171875,0.0011737089201877549,0.007480003492115639,85.2,86.91333333333333,48.80952380952379,85.4
2024-11-28 00:00:00+00:00,82.9,85.4,2639.89990234375,106.08000183105467,1242.11,68.72000122070312,4.64,85.3,86.6,86.2,2639.89990234375,2616.800048828125,2672.10009765625,0.0011723329425556983,0.0,85.39000000000001,86.89333333333333,46.250000000000036,85.8
2024-11-29 00:00:00+00:00,83.3,85.8,2657.0,105.73999786376952,1250.46,68.0,4.64,85.4,85.2,87.0,2639.89990234375,2620.300048828125,2709.89990234375,0.004683840749414525,0.00647755531983174,85.62,86.88666666666667,52.5641025641025,85.8
2024-12-01 00:00:00+00:00,83.3,85.8,2657.0,105.73999786376952,1250.46,68.0,4.48,85.8,85.3,86.6,2657.0,2639.89990234375,2616.800048828125,0.0,0.0,85.8,86.81333333333332,64.0625,85.3
2024-12-02 00:00:00+00:00,82.8,85.3,2634.89990234375,106.4499969482422,1251.21,68.0999984741211,4.48,85.8,85.4,85.2,2657.0,2639.89990234375,2620.300048828125,-0.005827505827505797,-0.008317688240967236,85.83000000000001,86.69,59.420289855072454,85.5
2024-12-03 00:00:00+00:00,83.0,85.5,2644.699951171875,106.37000274658205,1249.83,69.94000244140625,4.48,85.3,85.8,85.3,2634.89990234375,2657.0,2639.89990234375,0.0023446658851113966,0.003719324904679633,85.81,86.57333333333332,65.15151515151516,85.5
2024-12-04 00:00:00+00:00,83.0,85.5,2653.800048828125,106.33999633789062,1240.41,68.54000091552734,4.48,85.5,85.8,85.4,2644.699951171875,2657.0,2639.89990234375,0.0,0.0034408809408483787,85.74000000000001,86.45666666666666,65.15151515151516,85.5
2024-12-05 00:00:00+00:00,83.0,85.5,2626.60009765625,105.70999908447266,1267.53,68.30000305175781,4.48,85.5,85.3,85.8,2653.800048828125,2634.89990234375,2657.0,0.0,-0.010249435025779796,85.59,86.33999999999999,62.29508196721313,85.2
2024-12-06 00:00:00+00:00,82.7,85.2,2638.60009765625,105.97000122070312,1270.14,67.19999694824219,4.48,85.5,85.5,85.8,2626.60009765625,2644.699951171875,2657.0,-0.0035087719298245723,0.004568643704349062,85.45,86.21333333333332,51.85185185185188,85.2
2024-12-09 00:00:00+00:00,82.7,85.2,2664.89990234375,106.1500015258789,1273.84,68.37000274658203,4.48,85.2,85.5,85.3,2638.60009765625,2653.800048828125,2634.89990234375,0.0,0.009967332568076914,85.45,86.08666666666666,44.68085106382978,85.2
2024-12-10 00:00:00+00:00,82.7,85.2,2697.60009765625,106.4000015258789,1272.07,68.58999633789062,4.48,85.2,85.5,85.5,2664.89990234375,2626.60009765625,2644.699951171875,0.0,0.012270703032313035,85.44000000000001,85.92666666666666,38.09523809523806,86.9
2024-12-11 00:00:00+00:00,84.4,86.9,2733.800048828125,106.70999908447266,1268.86,70.29000091552734,4.48,85.2,85.2,85.5,2697.60009765625,2638.60009765625,2653.800048828125,0.0199530516431925,0.013419317119437668,85.59,85.82333333333332,49.01960784313731,87.3
2024-12-12 00:00:00+00:00,84.8,87.3,2687.5,106.95999908447266,1267.35,70.0199966430664,4.48,86.9,85.2,85.5,2733.800048828125,2664.89990234375,2626.60009765625,0.004602991944764101,-0.016936150413770057,85.74,85.75,56.86274509803927,86.3
2024-12-13 00:00:00+00:00,83.8,86.3,2656.0,107.0,1262.57,71.29000091552734,4.48,87.3,85.2,85.2,2687.5,2697.60009765625,2638.60009765625,-0.01145475372279492,-0.011720930232558158,85.79,85.66,61.70212765957444,85.1
2024-12-16 00:00:00+00:00,82.6,85.1,2651.39990234375,106.86000061035156,1263.79,70.70999908447266,4.48,86.3,86.9,85.2,2656.0,2733.800048828125,2664.89990234375,-0.01390498261877171,-0.0017319644790098065,85.77,85.52999999999999,48.27586206896549,85.1
2024-12-17 00:00:00+00:00,82.6,85.1,2644.39990234375,106.95999908447266,1261.72,70.08000183105469,4.48,85.1,87.3,85.2,2651.39990234375,2687.5,2697.60009765625,0.0,-0.002640114753648559,85.72999999999999,85.4,47.368421052631476,85.1
2024-12-18 00:00:00+00:00,83.1,85.1,2636.5,108.02999877929688,1266.0,70.58000183105469,4.48,85.1,86.3,86.9,2644.39990234375,2656.0,2733.800048828125,0.0,-0.0029874083480143643,85.69,85.38666666666667,43.39622641509431,84.1
2024-12-19 00:00:00+00:00,82.1,84.1,2592.199951171875,108.41000366210938,1254.67,69.91000366210938,4.48,85.1,85.1,87.3,2636.5,2651.39990234375,2687.5,-0.011750881316098694,-0.016802597696994104,85.55,85.32333333333332,36.50793650793648,83.8
2024-12-20 00:00:00+00:00,81.8,83.8,2628.699951171875,107.62000274658205,1257.5,69.45999908447266,4.48,84.1,85.1,86.3,2592.199951171875,2644.39990234375,2656.0,-0.003567181926278251,0.014080703914641779,85.41,85.27000000000001,37.70491803278687,84.5
2024-12-23 00:00:00+00:00,82.5,84.5,2612.300048828125,108.04000091552734,1262.76,69.23999786376953,4.48,83.8,85.1,85.1,2628.699951171875,2636.5,2651.39990234375,0.00835322195704058,-0.006238788240719106,85.34,85.28666666666668,42.424242424242415,84.3
2024-12-24 00:00:00+00:00,82.3,84.3,2620.0,108.26000213623048,1260.36,70.0999984741211,4.48,84.5,84.1,85.1,2612.300048828125,2592.199951171875,2644.39990234375,-0.002366863905325478,0.002947575327470142,85.25,85.29666666666667,41.17647058823527,84.3
2024-12-25 00:00:00+00:00,82.3,84.3,2620.0,108.26000213623048,1274.04,70.0999984741211,4.48,84.3,83.8,85.1,2620.0,2628.699951171875,2636.5,0.0,0.0,84.99,85.32333333333334,41.17647058823527,84.5
2024-12-26 00:00:00+00:00,82.5,84.5,2638.800048828125,108.12999725341795,1272.87,69.62000274658203,4.48,84.3,84.5,84.1,2620.0,2612.300048828125,2592.199951171875,0.0023724792408066353,0.007175591155772931,84.71000000000001,85.35666666666667,44.77611940298505,84.7
2024-12-27 00:00:00+00:00,82.7,84.7,2617.199951171875,108.0,1275.14,70.5999984741211,4.48,84.5,84.3,83.8,2638.800048828125,2620.0,2628.699951171875,0.002366863905325367,-0.008185575737669981,84.54999999999998,85.38000000000001,46.3768115942029,84.5
2024-12-30 00:00:00+00:00,82.5,84.5,2606.10009765625,108.12999725341795,1272.02,70.98999786376953,4.48,84.7,84.3,84.5,2617.199951171875,2620.0,2612.300048828125,-0.0023612750885478873,-0.0042411178827413964,84.49,85.36333333333333,45.07042253521126,84.2
2024-12-31 00:00:00+00:00,82.2,84.2,2629.199951171875,108.48999786376952,1266.78,71.72000122070312,4.48,84.5,84.5,84.3,2606.10009765625,2638.800048828125,2620.0,-0.0035502958579881616,0.008863762959987476,84.4,85.31333333333333,26.31578947368419,84.2
2025-01-01 00:00:00+00:00,82.2,84.2,2629.199951171875,108.48999786376952,1266.78,71.72000122070312,4.33,84.2,84.7,84.3,2629.199951171875,2617.199951171875,2620.0,0.0,0.0,84.30999999999999,85.24666666666667,20.75471698113219,85.0
2025-01-02 00:00:00+00:00,83.5,85.0,2658.89990234375,109.38999938964844,1269.71,73.12999725341797,4.33,84.2,84.5,84.5,2629.199951171875,2606.10009765625,2638.800048828125,0.009501187648456089,0.011296193413755873,84.4,85.18,37.254901960784366,85.5
2025-01-03 00:00:00+00:00,84.0,85.5,2645.0,108.9499969482422,1254.59,73.95999908447266,4.33,85.0,84.2,84.7,2658.89990234375,2629.199951171875,2617.199951171875,0.00588235294117645,-0.005227689215189235,84.57000000000001,85.14333333333335,54.545454545454604,85.0
2025-01-06 00:00:00+00:00,83.5,85.0,2638.39990234375,108.26000213623048,1246.35,73.55999755859375,4.33,85.5,84.2,84.5,2645.0,2629.199951171875,2606.10009765625,-0.005847953216374324,-0.002495311023156921,84.62,85.13666666666667,48.97959183673475,85.3
2025-01-07 00:00:00+00:00,83.8,85.3,2656.699951171875,108.54000091552734,1246.95,74.25,4.33,85.0,85.0,84.2,2638.39990234375,2658.89990234375,2629.199951171875,0.003529411764705781,0.006936040594857751,84.72,85.13666666666668,51.92307692307695,85.5
2025-01-08 00:00:00+00:00,84.0,85.5,2664.5,109.08999633789062,1251.02,73.31999969482422,4.33,85.3,85.5,84.2,2656.699951171875,2645.0,2629.199951171875,0.0023446658851113966,0.002935991633034929,84.84,85.14000000000001,65.90909090909096,86.0
2025-01-09 00:00:00+00:00,84.5,86.0,2683.800048828125,109.18000030517578,1245.77,73.91999816894531,4.33,85.5,85.0,85.0,2664.5,2638.39990234375,2658.89990234375,0.005847953216374213,0.007243403575952323,84.99,85.14666666666668,73.91304347826086,86.2
2025-01-10 00:00:00+00:00,84.7,86.2,2708.5,109.6500015258789,1230.48,76.56999969482422,4.33,86.0,85.3,85.5,2683.800048828125,2656.699951171875,2645.0,0.0023255813953488857,0.009203349997202626,85.14000000000001,85.16000000000001,70.73170731707316,86.8
2025-01-13 00:00:00+00:00,84.8,86.8,2673.5,109.95999908447266,1235.65,78.81999969482422,4.33,86.2,85.5,85.0,2708.5,2664.5,2638.39990234375,0.006960556844547439,-0.012922281705741168,85.37,85.21000000000001,77.77777777777777,86.4
2025-01-14 00:00:00+00:00,84.4,86.4,2677.5,109.2699966430664,1229.07,77.5,4.33,86.8,86.0,85.3,2673.5,2683.800048828125,2656.699951171875,-0.004608294930875445,0.0014961660744343686,85.59,85.24,71.42857142857156,86.6
2025-01-15 00:00:00+00:00,84.6,86.6,2712.5,109.08999633789062,1236.18,80.04000091552734,4.33,86.4,86.2,85.5,2677.5,2708.5,2664.5,0.0023148148148146586,0.013071895424836555,85.83000000000001,85.27666666666667,71.42857142857147,87.0
2025-01-16 00:00:00+00:00,85.0,87.0,2746.39990234375,108.95999908447266,1242.36,78.68000030517578,4.33,86.6,86.8,86.0,2712.5,2673.5,2683.800048828125,0.004618937644341958,0.012497659850230436,86.03,85.32666666666667,72.54901960784319,87.3
2025-01-17 00:00:00+00:00,85.3,87.3,2744.300048828125,109.3499984741211,1249.11,77.87999725341797,4.33,87.0,86.4,86.2,2746.39990234375,2677.5,2708.5,0.0034482758620688614,-0.0007645840337501264,86.21,85.39666666666668,76.92307692307703,86.9
2025-01-20 00:00:00+00:00,84.9,86.9,2744.300048828125,109.3499984741211,1249.55,77.87999725341797,4.33,87.3,86.6,86.8,2744.300048828125,2712.5,2673.5,-0.004581901489117857,0.0,86.4,85.45333333333333,75.47169811320772,87.5
2025-01-21 00:00:00+00:00,85.5,87.5,2755.0,108.05999755859376,1246.09,75.88999938964844,4.33,86.9,87.0,86.4,2744.300048828125,2746.39990234375,2677.5,0.0069044879171460405,0.0038989727732010593,86.62,85.53,77.96610169491541,88.2
2025-01-22 00:00:00+00:00,86.2,88.2,2767.60009765625,108.16999816894533,1242.53,75.44000244140625,4.33,87.5,87.3,86.6,2755.0,2744.300048828125,2712.5,0.008000000000000007,0.0045735381692377786,86.89,85.57333333333332,77.58620689655189,88.1
2025-01-23 00:00:00+00:00,86.1,88.1,2763.10009765625,108.0500030517578,1259.63,74.62000274658203,4.33,88.2,86.9,87.0,2767.60009765625,2744.300048828125,2746.39990234375,-0.0011337868480726376,-0.0016259574509376318,87.1,85.6,74.07407407407412,88.9
2025-01-24 00:00:00+00:00,86.9,88.9,2777.300048828125,107.44000244140624,1265.05,74.66000366210938,4.33,88.1,87.5,87.3,2763.10009765625,2755.0,2744.300048828125,0.009080590238365716,0.005139137443453512,87.36999999999999,85.68666666666667,84.2105263157896,88.9
2025-01-27 00:00:00+00:00,86.9,88.9,2737.5,107.33999633789062,1265.05,73.16999816894531,4.33,88.9,88.2,86.9,2777.300048828125,2767.60009765625,2744.300048828125,0.0,-0.014330482169155112,87.58,85.81333333333333,83.33333333333346,88.9
2025-01-28 00:00:00+00:00,86.9,88.9,2766.800048828125,107.87000274658205,1265.05,73.7699966430664,4.33,88.9,88.1,87.5,2737.5,2763.10009765625,2755.0,0.0,0.010703214183789944,87.83000000000001,85.94,82.69230769230782,88.9
2025-01-29 00:00:00+00:00,86.9,88.9,2769.10009765625,108.0,1265.05,72.62000274658203,4.33,88.9,88.9,88.2,2766.800048828125,2777.300048828125,2767.60009765625,0.0,0.0008313028724642457,88.06,86.06666666666666,80.85106382978736,88.9
2025-01-30 00:00:00+00:00,86.9,88.9,2823.0,107.8000030517578,1265.05,72.7300033569336,4.33,88.9,88.9,88.1,2769.10009765625,2737.5,2763.10009765625,0.0,0.019464772107505413,88.25,86.22666666666667,80.00000000000013,88.9
2025-01-31 00:00:00+00:00,86.9,88.9,2812.5,108.37000274658205,1265.05,72.52999877929688,4.33,88.9,88.9,88.9,2823.0,2766.800048828125,2777.300048828125,0.0,-0.0037194473963868546,88.41,86.39666666666666,76.92307692307709,88.9
2025-02-01 00:00:00+00:00,86.9,88.9,2812.5,108.37000274658205,1265.05,72.52999877929688,4.33,88.9,88.9,88.9,2812.5,2769.10009765625,2737.5,0.0,0.0,88.61000000000001,86.54333333333332,85.71428571428571,89.8
2025-02-03 00:00:00+00:00,87.8,89.8,2833.89990234375,108.98999786376952,1253.03,73.16000366210938,4.33,88.9,88.9,88.9,2812.5,2823.0,2766.800048828125,0.01012373453318327,0.007608854166666568,88.84,86.72666666666667,88.0952380952381,90.1
2025-02-04 00:00:00+00:00,87.6,90.1,2853.300048828125,107.95999908447266,1264.68,72.69999694824219,4.33,89.8,88.9,88.9,2833.89990234375,2812.5,2769.10009765625,0.0033407572383072903,0.006845741611526401,89.03,86.92,87.80487804878047,91.0
2025-02-05 00:00:00+00:00,88.0,91.0,2871.60009765625,107.58000183105467,1269.61,71.02999877929688,4.33,90.1,88.9,88.9,2853.300048828125,2812.5,2823.0,0.00998890122086582,0.006413643330515084,89.32000000000001,87.13666666666667,89.36170212765958,89.6
2025-02-06 00:00:00+00:00,86.4,89.6,2856.0,107.69000244140624,1271.48,70.61000061035156,4.33,91.0,89.8,88.9,2871.60009765625,2833.89990234375,2812.5,-0.015384615384615441,-0.005432545314712378,89.39000000000001,87.3,73.68421052631562,90.3
2025-02-07 00:00:00+00:00,86.8,90.3,2867.300048828125,108.04000091552734,1275.2,71.0,4.33,89.6,90.1,88.9,2856.0,2853.300048828125,2812.5,0.0078125,0.003956599729735721,89.53,87.49333333333334,74.13793103448262,91.3
2025-02-10 00:00:00+00:00,88.3,91.3,2914.300048828125,108.31999969482422,1263.26,72.31999969482422,4.33,90.3,91.0,89.8,2867.300048828125,2871.60009765625,2833.89990234375,0.011074197120708673,0.016391727129920985,89.77,87.72999999999999,75.40983606557363,90.5
2025-02-11 00:00:00+00:00,88.0,90.5,2912.5,107.95999908447266,1268.45,73.31999969482422,4.33,91.3,89.6,90.1,2914.300048828125,2856.0,2853.300048828125,-0.008762322015334001,-0.0006176607754746488,89.92999999999999,87.94,67.64705882352942,90.2
2025-02-12 00:00:00+00:00,86.7,90.2,2909.0,107.94000244140624,1266.91,71.37000274658203,4.33,90.5,90.3,91.0,2912.5,2867.300048828125,2871.60009765625,-0.0033149171270717703,-0.001201716738197467,90.06,88.11333333333333,60.317460317460295,90.7
2025-02-13 00:00:00+00:00,87.7,90.7,2925.89990234375,107.30999755859376,1270.35,71.29000091552734,4.33,90.2,91.3,89.6,2909.0,2914.300048828125,2856.0,0.005543237250554389,0.005809522978257098,90.24000000000001,88.28666666666666,63.235294117647044,91.3
2025-02-14 00:00:00+00:00,88.3,91.3,2883.60009765625,106.56999969482422,1276.08,70.73999786376953,4.33,90.7,90.5,90.3,2925.89990234375,2912.5,2867.300048828125,0.006615214994487362,-0.014457023855674711,90.47999999999999,88.49666666666667,66.21621621621617,90.6
2025-02-17 00:00:00+00:00,87.6,90.6,2883.60009765625,106.56999969482422,1272.72,70.73999786376953,4.33,91.3,90.2,91.3,2883.60009765625,2909.0,2914.300048828125,-0.00766703176341732,0.0,90.56,88.67333333333333,60.49382716049376,91.1
2025-02-18 00:00:00+00:00,88.6,91.1,2931.60009765625,107.0500030517578,1278.14,71.8499984741211,4.33,90.6,90.7,90.5,2883.60009765625,2925.89990234375,2912.5,0.0055187637969094094,0.01664585877875835,90.66,88.85999999999999,62.790697674418546,91.9
2025-02-19 00:00:00+00:00,89.6,91.9,2919.39990234375,107.16999816894533,1288.56,72.25,4.33,91.1,91.3,90.2,2931.60009765625,2883.60009765625,2909.0,0.008781558726674188,-0.004161616491367259,90.75,89.05666666666666,65.95744680851062,92.3
2025-02-20 00:00:00+00:00,90.0,92.3,2940.0,106.33999633789062,1292.98,72.56999969482422,4.33,91.9,90.6,90.7,2919.39990234375,2883.60009765625,2925.89990234375,0.0043525571273121955,0.007056278120620485,91.02000000000001,89.26,67.34693877551017,91.7
2025-02-21 00:00:00+00:00,89.4,91.7,2937.60009765625,106.61000061035156,1296.75,70.4000015258789,4.33,92.3,91.1,91.3,2940.0,2931.60009765625,2883.60009765625,-0.006500541711809249,-0.0008162933142006334,91.16,89.42333333333333,60.00000000000003,92.0
2025-02-24 00:00:00+00:00,89.7,92.0,2947.89990234375,106.5999984741211,1304.56,70.69999694824219,4.33,91.7,91.9,90.6,2937.60009765625,2919.39990234375,2883.60009765625,0.0032715376226826187,0.0035061970129008913,91.23,89.61,60.00000000000003,92.0
2025-02-25 00:00:00+00:00,89.7,92.0,2904.5,106.30999755859376,1303.16,68.93000030517578,4.33,92.0,92.3,91.1,2947.89990234375,2940.0,2931.60009765625,0.0,-0.014722312080286182,91.38000000000001,89.78999999999999,55.8139534883721,91.3
2025-02-26 00:00:00+00:00,89.0,91.3,2916.800048828125,106.41999816894533,1302.96,68.62000274658203,4.33,92.0,91.7,91.9,2904.5,2937.60009765625,2919.39990234375,-0.007608695652173925,0.004234824867662246,91.49,89.93333333333334,60.7594936708861,91.2
2025-02-27 00:00:00+00:00,88.9,91.2,2883.199951171875,107.23999786376952,1307.8,70.3499984741211,4.33,91.3,92.0,92.3,2916.800048828125,2947.89990234375,2940.0,-0.0010952902519166807,-0.011519506683274172,91.54,90.06333333333333,56.16438356164389,90.5
2025-02-28 00:00:00+00:00,88.5,90.5,2836.800048828125,107.61000061035156,1305.36,69.76000213623047,4.33,91.2,92.0,91.7,2883.199951171875,2904.5,2937.60009765625,-0.007675438596491224,-0.016093196146486743,91.46000000000001,90.18333333333334,44.28571428571429,90.5
2025-03-01 00:00:00+00:00,88.5,90.5,2836.800048828125,107.61000061035156,1305.36,69.76000213623047,4.33,90.5,91.3,92.0,2836.800048828125,2916.800048828125,2947.89990234375,0.0,0.0,91.45,90.28333333333333,50.0,91.0
2025-03-03 00:00:00+00:00,89.0,91.0,2890.199951171875,106.75,1309.37,68.37000274658203,4.33,90.5,91.2,92.0,2836.800048828125,2883.199951171875,2904.5,0.005524861878453136,0.018823992323959926,91.44000000000001,90.37666666666668,56.24999999999998,92.7
2025-03-04 00:00:00+00:00,90.7,92.7,2909.60009765625,105.73999786376952,1311.91,68.26000213623047,4.33,91.0,90.5,91.3,2890.199951171875,2836.800048828125,2916.800048828125,0.018681318681318615,0.006712389043017186,91.52,90.52999999999999,63.15789473684212,92.7
2025-03-05 00:00:00+00:00,90.7,92.7,2915.300048828125,105.73999786376952,1304.71,66.30999755859375,4.33,92.7,90.5,91.2,2909.60009765625,2836.800048828125,2883.199951171875,0.0,0.0019590153218878026,91.56,90.65666666666668,60.00000000000004,92.7
2025-03-06 00:00:00+00:00,90.7,92.7,2916.60009765625,104.05999755859376,1318.22,66.36000061035156,4.33,92.7,91.0,90.5,2915.300048828125,2890.199951171875,2836.800048828125,0.0,0.0004459399740508463,91.66,90.78333333333333,66.66666666666674,93.1
2025-03-07 00:00:00+00:00,91.1,93.1,2904.699951171875,103.83999633789062,1326.05,67.04000091552734,4.33,92.7,92.7,90.5,2916.60009765625,2909.60009765625,2836.800048828125,0.004314994606256617,-0.00408014334702167,91.77,90.92333333333333,66.12903225806454,92.9
2025-03-10 00:00:00+00:00,90.9,92.9,2891.0,103.91000366210938,1330.28,66.02999877929688,4.33,93.1,92.7,91.0,2904.699951171875,2915.300048828125,2890.199951171875,-0.002148227712137407,-0.0047164772273115,91.85999999999999,91.05666666666666,58.92857142857148,93.0
2025-03-11 00:00:00+00:00,91.0,93.0,2912.89990234375,103.44000244140624,1332.54,66.25,4.33,92.9,92.7,92.7,2891.0,2916.60009765625,2909.60009765625,0.0010764262648008671,0.007575199703822255,92.03,91.19333333333333,56.603773584905724,93.5
2025-03-12 00:00:00+00:00,91.8,93.5,2939.10009765625,103.61000061035156,1334.41,67.68000030517578,4.33,93.0,93.1,92.7,2912.89990234375,2904.699951171875,2915.300048828125,0.005376344086021501,0.008994540214519287,92.25999999999999,91.34666666666666,67.30769230769236,94.4
2025-03-13 00:00:00+00:00,92.9,94.4,2984.300048828125,103.83000183105467,1326.27,66.55000305175781,4.33,93.5,92.9,92.7,2939.10009765625,2891.0,2916.60009765625,0.009625668449197988,0.015378840349098422,92.65,91.53,70.6896551724139,95.8
2025-03-14 00:00:00+00:00,94.3,95.8,2994.5,103.72000122070312,1326.15,67.18000030517578,4.33,94.4,93.0,93.1,2984.300048828125,2912.89990234375,2904.699951171875,0.01483050847457612,0.003417870524071498,93.17999999999999,91.73,76.38888888888897,96.1
2025-03-17 00:00:00+00:00,94.8,96.1,3000.0,103.37000274658205,1336.26,67.58000183105469,4.33,95.8,93.5,92.9,2994.5,2939.10009765625,2891.0,0.0031315240083507057,0.0018367006177992806,93.69,91.93,85.29411764705897,98.2
2025-03-18 00:00:00+00:00,96.7,98.2,3035.10009765625,103.23999786376952,1330.97,66.9000015258789,4.33,96.1,94.4,93.0,3000.0,2984.300048828125,2912.89990234375,0.021852237252861784,0.011700032552083295,94.24000000000001,92.17,89.77272727272735,99.5
2025-03-19 00:00:00+00:00,98.0,99.5,3035.89990234375,103.43000030517578,1324.63,67.16000366210938,4.33,98.2,95.8,93.5,3035.10009765625,2994.5,2939.10009765625,0.01323828920570258,0.000263518388773365,94.92,92.5,97.87234042553203,100.4
2025-03-20 00:00:00+00:00,98.6,100.4,3040.0,103.8499984741211,1323.93,68.26000213623047,4.33,99.5,96.1,94.4,3035.89990234375,3000.0,2984.300048828125,0.009045226130653283,0.0013505378267197887,95.69,92.83666666666666,98.05825242718457,97.7
2025-03-21 00:00:00+00:00,94.7,97.7,3018.199951171875,104.08999633789062,1321.88,68.27999877929688,4.33,100.4,98.2,95.8,3040.0,3035.10009765625,2994.5,-0.02689243027888444,-0.007171068693462179,96.15,93.05,76.80000000000004,97.6
2025-03-24 00:00:00+00:00,95.1,97.6,3013.10009765625,104.26000213623048,1330.32,69.11000061035156,4.33,97.7,99.5,96.1,3018.199951171875,3035.89990234375,3000.0,-0.0010235414534289777,-0.0016897003505831343,96.61999999999999,93.28666666666668,72.47706422018346,97.9
2025-03-25 00:00:00+00:00,95.9,97.9,3023.699951171875,104.18000030517578,1331.92,69.0,4.33,97.6,100.4,98.2,3013.10009765625,3040.0,3035.10009765625,0.0030737704918033515,0.003517922794489925,97.11,93.54333333333332,73.21428571428572,98.4
2025-03-26 00:00:00+00:00,96.7,98.4,3020.89990234375,104.5500030517578,1326.09,69.6500015258789,4.33,97.9,97.7,99.5,3023.699951171875,3018.199951171875,3035.89990234375,0.005107252298263587,-0.000926033956193284,97.6,93.8,74.35897435897436,98.9
2025-03-27 00:00:00+00:00,97.4,98.9,3060.199951171875,104.06999969482422,1323.81,69.91999816894531,4.33,98.4,97.6,100.4,3020.89990234375,3013.10009765625,3040.0,0.005081300813008172,0.013009384653107636,98.05,94.05333333333333,74.5762711864407,100.2
2025-03-28 00:00:00+00:00,98.2,100.2,3086.5,104.04000091552734,1317.46,69.36000061035156,4.33,98.9,97.9,97.7,3060.199951171875,3023.699951171875,3018.199951171875,0.013144590495449915,0.008594225621777918,98.49000000000001,94.37333333333332,78.2945736434108,101.8
2025-03-31 00:00:00+00:00,99.5,101.8,3122.800048828125,104.20999908447266,1306.86,71.4800033569336,4.33,100.2,98.4,97.6,3086.5,3020.89990234375,3013.10009765625,0.015968063872255467,0.011760910036651584,99.06,94.73,80.5555555555555,102.1
2025-04-01 00:00:00+00:00,99.4,102.1,3118.89990234375,104.26000213623048,1317.33,71.19999694824219,4.33,101.8,98.9,97.9,3122.800048828125,3060.199951171875,3023.699951171875,0.0029469548133596035,-0.0012489260994595908,99.45000000000002,95.07,80.28169014084501,101.8
2025-04-02 00:00:00+00:00,99.1,101.8,3139.89990234375,103.80999755859376,1317.83,71.70999908447266,4.33,102.1,100.2,98.4,3118.89990234375,3086.5,3020.89990234375,-0.002938295788442624,0.006733143306144385,99.67999999999999,95.38666666666667,77.20588235294113,102.2
2025-04-03 00:00:00+00:00,99.5,102.2,3097.0,102.06999969482422,1229.84,66.94999694824219,4.33,101.8,101.8,98.9,3139.89990234375,3122.800048828125,3060.199951171875,0.003929273084479323,-0.013662824828182485,99.86,95.73666666666666,75.39682539682538,101.3
2025-04-04 00:00:00+00:00,98.8,101.3,3012.0,103.0199966430664,1210.67,61.9900016784668,4.33,102.2,102.1,100.2,3097.0,3118.89990234375,3086.5,-0.008806262230919848,-0.02744591540200192,100.22,96.04666666666667,69.69696969696966,101.3
2025-04-07 00:00:00+00:00,98.8,101.3,2951.300048828125,103.26000213623048,1210.67,60.70000076293945,4.33,101.3,101.8,101.8,3012.0,3139.89990234375,3122.800048828125,0.0,-0.020152706232362205,100.59,96.35666666666665,63.96396396396391,100.2
2025-04-08 00:00:00+00:00,97.7,100.2,2968.39990234375,102.95999908447266,1132.79,59.58000183105469,4.33,101.3,102.2,102.1,2951.300048828125,3097.0,3118.89990234375,-0.010858835143139123,0.00579400712659317,100.82000000000001,96.65333333333334,53.21100917431193,101.9
2025-04-09 00:00:00+00:00,99.7,101.9,3056.5,102.9000015258789,1094.3,62.34999847412109,4.33,100.2,101.3,101.8,2968.39990234375,3012.0,3139.89990234375,0.016966067864271572,0.029679322380616213,101.16999999999999,97.01,56.41025641025641,103.6
2025-04-10 00:00:00+00:00,100.6,103.6,3155.199951171875,100.87000274658205,1168.34,60.06999969482422,4.33,101.9,101.3,102.2,3056.5,2951.300048828125,3097.0,0.016683022571148065,0.0322918210933667,101.64,97.44666666666667,77.57009345794387,105.2
2025-04-11 00:00:00+00:00,102.2,105.2,3222.199951171875,99.77999877929688,1222.46,61.5,4.33,103.6,100.2,101.3,3155.199951171875,2968.39990234375,3012.0,0.015444015444015635,0.02123478734687345,102.14000000000001,97.93666666666667,81.14754098360659,107.5
2025-04-14 00:00:00+00:00,105.0,107.5,3204.800048828125,99.63999938964844,1241.44,61.52999877929688,4.33,105.2,101.9,101.3,3222.199951171875,3056.5,2951.300048828125,0.02186311787072248,-0.005400007016144959,102.71,98.48666666666666,83.80281690140846,108.0
2025-04-15 00:00:00+00:00,105.5,108.0,3218.699951171875,100.22000122070312,1227.79,61.33000183105469,4.33,107.5,103.6,100.2,3204.800048828125,3155.199951171875,2968.39990234375,0.0046511627906977715,0.004337213595847489,103.3,98.99666666666667,83.80281690140846,115.5
2025-04-16 00:00:00+00:00,113.0,115.5,3326.60009765625,99.37999725341795,1210.3,62.470001220703125,4.33,108.0,105.2,101.9,3218.699951171875,3222.199951171875,3056.5,0.06944444444444442,0.03352289685936416,104.67,99.75666666666666,89.15094339622642,118.0
2025-04-17 00:00:00+00:00,115.5,118.0,3308.699951171875,99.37999725341795,1217.25,64.68000030517578,4.33,115.5,107.5,103.6,3326.60009765625,3204.800048828125,3155.199951171875,0.02164502164502169,-0.005380913232397977,106.25,100.6,89.73214285714286,120.0
2025-04-18 00:00:00+00:00,117.0,120.0,3308.699951171875,99.37999725341795,1219.12,64.68000030517578,4.33,118.0,108.0,105.2,3308.699951171875,3218.699951171875,3222.199951171875,0.016949152542372836,0.0,108.12,101.49666666666667,89.9122807017544,118.0
2025-04-21 00:00:00+00:00,116.0,118.0,3406.199951171875,98.27999877929688,1207.07,63.08000183105469,4.33,120.0,115.5,107.5,3308.699951171875,3326.60009765625,3204.800048828125,-0.01666666666666672,0.029467767231497577,109.79,102.33333333333333,82.44897959183675,124.0
2025-04-22 00:00:00+00:00,122.0,124.0,3400.800048828125,98.91999816894533,1197.13,64.30999755859375,4.33,118.0,118.0,108.0,3406.199951171875,3308.699951171875,3218.699951171875,0.05084745762711873,-0.0015853157246075167,112.17,103.36666666666666,86.75496688741723,119.5
2025-04-23 00:00:00+00:00,116.5,119.5,3276.300048828125,99.83999633789062,1211.0,62.27000045776367,4.33,124.0,120.0,115.5,3400.800048828125,3308.699951171875,3326.60009765625,-0.03629032258064513,-0.03660903264303972,113.92999999999999,104.23333333333333,75.21865889212827,121.0
2025-04-24 00:00:00+00:00,118.5,121.0,3332.0,99.29000091552734,1223.35,62.790000915527344,4.33,119.5,118.0,118.0,3276.300048828125,3406.199951171875,3308.699951171875,0.012552301255230214,0.017000869988021305,115.66999999999999,105.11999999999999,78.22349570200575,120.5
2025-04-25 00:00:00+00:00,118.5,120.5,3282.39990234375,99.47000122070312,1229.23,63.02000045776367,4.33,121.0,124.0,120.0,3332.0,3400.800048828125,3308.699951171875,-0.004132231404958664,-0.014885983690351101,117.2,105.94333333333333,77.11864406779662,119.5
2025-04-28 00:00:00+00:00,117.5,119.5,3332.5,99.01000213623048,1226.8,62.04999923706055,4.33,120.5,119.5,118.0,3282.39990234375,3276.300048828125,3406.199951171875,-0.008298755186721962,0.015263252238240987,118.4,106.72333333333333,77.3371104815864,121.3
2025-04-29 00:00:00+00:00,119.3,121.3,3318.800048828125,99.23999786376952,1226.3,60.41999816894531,4.33,119.5,121.0,124.0,3332.5,3332.0,3400.800048828125,0.015062761506276168,-0.0041110131048387455,119.73000000000002,107.49333333333334,77.40112994350282,121.3
2025-04-30 00:00:00+00:00,119.3,121.3,3305.0,99.47000122070312,1226.3,58.209999084472656,4.33,121.3,120.5,119.5,3318.800048828125,3282.39990234375,3276.300048828125,0.0,-0.004158144095784855,120.31000000000002,108.22,76.26112759643917,121.3
2025-05-01 00:00:00+00:00,119.3,121.3,3210.0,100.25,1226.3,59.2400016784668,4.33,121.3,119.5,121.0,3305.0,3332.5,3332.0,0.0,-0.02874432677760963,120.64000000000001,108.91666666666667,75.0778816199377,121.3
2025-05-02 00:00:00+00:00,119.3,121.3,3231.89990234375,100.0,1226.3,58.290000915527344,4.33,121.3,121.3,120.5,3210.0,3318.800048828125,3282.39990234375,0.0,0.006822399484034181,120.77000000000001,109.70333333333335,73.15436241610738,119.8
2025-05-05 00:00:00+00:00,117.8,119.8,3311.300048828125,99.83000183105467,1240.05,57.130001068115234,4.33,121.3,121.3,119.5,3231.89990234375,3305.0,3332.5,-0.012366034624896938,0.024567637885936522,120.95,110.44333333333333,69.15584415584415,122.2
2025-05-06 00:00:00+00:00,120.2,122.2,3411.39990234375,99.23999786376952,1241.95,59.09000015258789,4.33,119.8,121.3,121.3,3311.300048828125,3210.0,3318.800048828125,0.020033388981636202,0.03022977442079,120.77000000000001,111.25333333333334,63.035019455252915,122.2
2025-05-07 00:00:00+00:00,120.2,122.2,3381.39990234375,99.61000061035156,1250.37,58.06999969482422,4.33,122.2,121.3,121.3,3411.39990234375,3231.89990234375,3305.0,0.0,-0.008794043752944014,121.04,112.04666666666667,59.05172413793104,120.5
2025-05-08 00:00:00+00:00,118.5,120.5,3296.60009765625,100.63999938964844,1269.8,59.90999984741211,4.33,122.2,119.8,121.3,3381.39990234375,3311.300048828125,3210.0,-0.013911620294599025,-0.025078312869389552,120.99000000000001,112.76666666666667,51.09170305676856,121.5
2025-05-09 00:00:00+00:00,119.5,121.5,3335.39990234375,100.33999633789062,1267.3,61.02000045776367,4.33,120.5,122.2,121.3,3296.60009765625,3411.39990234375,3231.89990234375,0.008298755186721962,0.011769642522029056,121.09,113.47666666666667,57.990867579908674,119.2
2025-05-12 00:00:00+00:00,117.2,119.2,3220.0,101.79000091552734,1283.26,61.95000076293945,4.33,121.5,122.2,119.8,3335.39990234375,3381.39990234375,3311.300048828125,-0.018930041152263377,-0.03459852063396052,121.06000000000002,114.05666666666666,36.81318681318682,120.5
2025-05-13 00:00:00+00:00,118.5,120.5,3240.300048828125,101.0,1293.43,63.66999816894531,4.33,119.2,120.5,122.2,3220.0,3296.60009765625,3411.39990234375,0.01090604026845643,0.0063043629901009535,120.98000000000002,114.67,53.33333333333333,120.0
2025-05-14 00:00:00+00:00,118.0,120.0,3181.39990234375,101.04000091552734,1309.73,63.150001525878906,4.33,120.5,121.5,122.2,3240.300048828125,3335.39990234375,3381.39990234375,-0.004149377593360981,-0.01817737419276233,120.85,115.27666666666666,46.42857142857143,118.2
2025-05-15 00:00:00+00:00,115.5,118.2,3220.699951171875,100.87999725341795,1313.2,61.619998931884766,4.33,120.0,119.2,120.5,3181.39990234375,3220.0,3296.60009765625,-0.015000000000000013,0.012353067842610033,120.54,115.81,42.48366013071897,118.7
2025-05-16 00:00:00+00:00,115.7,118.7,3182.0,101.08999633789062,1301.39,62.4900016784668,4.33,118.2,120.5,121.5,3220.699951171875,3240.300048828125,3335.39990234375,0.004230118443316444,-0.012016006383268829,120.28,116.39,47.297297297297305,119.3
2025-05-19 00:00:00+00:00,116.8,119.3,3228.89990234375,100.43000030517578,1296.29,62.68999862670898,4.33,118.7,120.0,119.2,3182.0,3181.39990234375,3220.0,0.005054759898904804,0.01473912707220304,120.23000000000002,116.99000000000001,42.64705882352941,119.3
2025-05-20 00:00:00+00:00,116.8,119.3,3280.300048828125,100.12000274658205,1315.15,62.560001373291016,4.33,119.3,118.2,120.5,3228.89990234375,3220.699951171875,3240.300048828125,0.0,0.015918779782261305,119.94000000000001,117.62666666666665,42.64705882352941,121.0
2025-05-21 00:00:00+00:00,118.5,121.0,3309.300048828125,99.55999755859376,1323.05,61.56999969482422,4.33,119.3,118.7,120.0,3280.300048828125,3182.0,3181.39990234375,0.014249790444258226,0.008840654686561367,119.82000000000001,118.26333333333332,49.019607843137265,120.5
2025-05-22 00:00:00+00:00,118.5,120.5,3292.300048828125,99.95999908447266,1313.84,61.20000076293945,4.33,121.0,119.3,118.2,3309.300048828125,3228.89990234375,3220.699951171875,-0.004132231404958664,-0.0051370379685032885,119.82000000000001,118.82666666666665,47.468354430379755,120.5
2025-05-23 00:00:00+00:00,118.5,120.5,3363.60009765625,99.11000061035156,1314.46,61.52999877929688,4.33,120.5,119.3,118.7,3292.300048828125,3280.300048828125,3182.0,0.0,0.021656607165408293,119.72,119.33666666666666,52.44755244755246,119.0
2025-05-26 00:00:00+00:00,116.5,119.0,3363.60009765625,98.93000030517578,1332.51,61.52999877929688,4.33,120.5,121.0,119.3,3363.60009765625,3309.300048828125,3228.89990234375,-0.012448132780082943,0.0,119.7,119.72,38.0597014925373,118.0
2025-05-27 00:00:00+00:00,115.5,118.0,3299.10009765625,99.5199966430664,1339.81,60.88999938964844,4.33,119.0,120.5,119.3,3363.60009765625,3292.300048828125,3280.300048828125,-0.008403361344537785,-0.0191758824257805,119.45,120.05333333333333,35.41666666666664,118.7
2025-05-28 00:00:00+00:00,116.2,118.7,3293.60009765625,99.87999725341795,1341.87,61.84000015258789,4.33,118.0,120.5,121.0,3299.10009765625,3363.60009765625,3309.300048828125,0.0059322033898305815,-0.0016671212867737095,119.31999999999998,120.16000000000001,43.28358208955224,118.0
2025-05-29 00:00:00+00:00,115.5,118.0,3317.10009765625,99.27999877929688,1341.86,60.93999862670898,4.33,118.7,119.0,120.5,3293.60009765625,3363.60009765625,3292.300048828125,-0.005897219882055604,0.007135049581982633,119.3,120.16000000000001,36.6412213740458,118.5
2025-05-30 00:00:00+00:00,116.0,118.5,3288.89990234375,99.33000183105467,1332.6,60.790000915527344,4.33,118.0,118.0,120.5,3317.10009765625,3299.10009765625,3363.60009765625,0.004237288135593209,-0.008501460457109866,119.28000000000002,120.11,46.90265486725662,118.5
2025-06-01 00:00:00+00:00,116.0,118.5,3288.89990234375,99.33000183105467,1332.6,60.790000915527344,4.33,118.5,118.7,119.0,3288.89990234375,3293.60009765625,3363.60009765625,0.0,0.0,119.2,120.12666666666668,39.99999999999999,117.8
2025-06-02 00:00:00+00:00,115.8,117.8,3370.60009765625,98.6999969482422,1336.3,62.52000045776367,4.33,118.5,118.0,118.0,3288.89990234375,3317.10009765625,3299.10009765625,-0.005907172995780585,0.024841192416430236,119.05,119.92,39.21568627450979,117.2
2025-06-03 00:00:00+00:00,114.9,117.2,3350.199951171875,99.25,1347.25,63.40999984741211,4.33,117.8,118.5,118.7,3370.60009765625,3288.89990234375,3293.60009765625,-0.005093378607809784,-0.006052378179944973,118.66999999999999,119.84333333333333,44.444444444444436,117.2
2025-06-04 00:00:00+00:00,114.9,117.2,3373.5,98.79000091552734,1345.74,62.84999847412109,4.33,117.2,118.5,118.0,3350.199951171875,3288.89990234375,3317.10009765625,0.0,0.006954823344193173,118.33999999999999,119.71666666666667,41.17647058823529,117.7
2025-06-05 00:00:00+00:00,115.4,117.7,3350.699951171875,98.73999786376952,1342.09,63.369998931884766,4.33,117.2,117.8,118.5,3373.5,3370.60009765625,3288.89990234375,0.00426621160409546,-0.0067585738337409,118.05999999999999,119.62333333333335,40.47619047619051,118.0
2025-06-06 00:00:00+00:00,116.0,118.0,3322.699951171875,99.19000244140624,1329.89,64.58000183105469,4.33,117.7,117.2,118.5,3350.699951171875,3350.199951171875,3288.89990234375,0.002548853016142605,-0.008356462950437349,117.96,119.57333333333334,42.52873563218393,117.7
2025-06-09 00:00:00+00:00,115.7,117.7,3332.10009765625,98.94000244140624,1310.57,65.29000091552734,4.33,118.0,117.2,117.8,3322.699951171875,3373.5,3370.60009765625,-0.0025423728813559476,0.002829068715957783,117.92999999999999,119.45333333333333,27.397260273972606,118.5
2025-06-10 00:00:00+00:00,116.5,118.5,3320.89990234375,99.0500030517578,1316.23,64.9800033569336,4.33,117.7,117.7,117.2,3332.10009765625,3350.699951171875,3350.199951171875,0.00679694137638065,-0.0033613021770798612,117.91,119.36,36.84210526315788,118.8
2025-06-11 00:00:00+00:00,116.8,118.8,3321.300048828125,98.62999725341795,1315.2,68.1500015258789,4.33,118.5,118.0,117.2,3320.89990234375,3322.699951171875,3373.5,0.0025316455696202667,0.0001204933891842952,117.98999999999998,119.27666666666667,39.2405063291139,119.0
2025-06-12 00:00:00+00:00,117.0,119.0,3380.89990234375,97.91999816894533,1322.99,68.04000091552734,4.33,118.8,117.7,117.7,3321.300048828125,3332.10009765625,3350.699951171875,0.0016835016835017313,0.01794473628983151,118.04,119.2,50.0,120.0
2025-06-13 00:00:00+00:00,117.5,120.0,3431.199951171875,98.18000030517578,1315.49,72.9800033569336,4.33,119.0,118.5,118.0,3380.89990234375,3320.89990234375,3322.699951171875,0.008403361344537785,0.014877710160320134,118.19000000000001,119.20666666666668,65.15151515151516,119.6
2025-06-16 00:00:00+00:00,117.6,119.6,3396.39990234375,98.0,1338.11,71.7699966430664,4.33,120.0,118.8,117.7,3431.199951171875,3321.300048828125,3332.10009765625,-0.0033333333333334103,-0.010142238669664128,118.36999999999998,119.11999999999999,57.142857142857075,119.6
2025-06-17 00:00:00+00:00,117.6,119.6,3386.60009765625,98.81999969482422,1347.69,74.83999633789062,4.33,119.6,119.0,118.5,3396.39990234375,3380.89990234375,3320.89990234375,0.0,-0.002885350656363417,118.61000000000001,119.03333333333333,64.28571428571425,119.6
2025-06-18 00:00:00+00:00,117.6,119.6,3389.800048828125,98.91000366210938,1346.83,75.13999938964844,4.33,119.6,120.0,118.8,3386.60009765625,3431.199951171875,3321.300048828125,0.0,0.0009448860448830754,118.85,119.00333333333333,60.78431372549015,119.4
2025-06-19 00:00:00+00:00,117.4,119.4,3389.800048828125,98.91000366210938,1352.04,75.13999938964844,4.33,119.6,119.6,119.0,3389.800048828125,3396.39990234375,3380.89990234375,-0.0016722408026754731,0.0,119.02000000000001,118.93333333333334,58.490566037735924,119.4
2025-06-20 00:00:00+00:00,117.4,119.4,3368.10009765625,98.70999908447266,1349.35,74.93000030517578,4.33,119.4,119.6,120.0,3389.800048828125,3386.60009765625,3431.199951171875,0.0,-0.006401543117381503,119.16,118.94000000000001,67.39130434782626,119.7
2025-06-23 00:00:00+00:00,117.7,119.7,3377.699951171875,98.41999816894533,1358.18,68.51000213623047,4.33,119.4,119.6,119.6,3368.10009765625,3389.800048828125,3396.39990234375,0.002512562814070307,0.00285022809218316,119.35999999999999,118.91333333333334,79.06976744186058,119.5
2025-06-24 00:00:00+00:00,117.5,119.5,3317.39990234375,97.86000061035156,1366.77,64.37000274658203,4.33,119.7,119.4,119.6,3377.699951171875,3389.800048828125,3386.60009765625,-0.001670843776106934,-0.017852399472962133,119.46,118.89666666666668,75.5555555555556,119.5
2025-06-25 00:00:00+00:00,117.5,119.5,3327.10009765625,97.68000030517578,1366.75,64.91999816894531,4.33,119.5,119.4,119.6,3317.39990234375,3368.10009765625,3389.800048828125,0.0,0.0029240355694371,119.53,118.94,72.50000000000004,120.0
2025-06-26 00:00:00+00:00,118.0,120.0,3333.5,97.1500015258789,1365.67,65.23999786376953,4.33,119.5,119.7,119.4,3327.10009765625,3377.699951171875,3389.800048828125,0.004184100418409997,0.0019235677184039623,119.63,118.98333333333333,73.80952380952388,119.7
2025-06-27 00:00:00+00:00,117.7,119.7,3273.699951171875,97.4000015258789,1371.44,65.5199966430664,4.33,120.0,119.5,119.4,3333.5,3317.39990234375,3368.10009765625,-0.0024999999999999467,-0.017939117692552853,119.6,118.99666666666667,73.80952380952388,119.5
2025-06-30 00:00:00+00:00,117.5,119.5,3294.39990234375,96.87999725341795,1376.07,65.11000061035156,4.33,119.7,119.5,119.7,3273.699951171875,3327.10009765625,3377.699951171875,-0.001670843776106934,0.006323105807074736,119.59,119.00333333333334,63.888888888888914,120.7
2025-07-01 00:00:00+00:00,118.7,120.7,3336.699951171875,96.81999969482422,1377.84,65.44999694824219,4.33,119.5,120.0,119.5,3294.39990234375,3333.5,3317.39990234375,0.010041841004184038,0.012839986061810915,119.7,118.99333333333334,71.11111111111117,120.7
2025-07-02 00:00:00+00:00,118.7,120.7,3348.0,96.77999877929688,1384.59,67.44999694824219,4.33,120.7,119.7,119.5,3336.699951171875,3273.699951171875,3327.10009765625,0.0,0.00338659423786547,119.81000000000002,119.0,69.76744186046517,121.3
2025-07-03 00:00:00+00:00,119.3,121.3,3331.60009765625,97.18000030517578,1381.96,67.0,4.33,120.7,119.5,120.0,3348.0,3294.39990234375,3333.5,0.004971002485501197,-0.0048984176653972256,120.0,119.02666666666667,66.66666666666666,120.9
2025-07-04 00:00:00+00:00,118.9,120.9,3332.5,97.18000030517578,1386.97,66.5,4.33,121.3,120.7,119.7,3331.60009765625,3336.699951171875,3273.699951171875,-0.0032976092333057982,0.0002701111530112321,120.15,119.09,66.66666666666691,120.5
2025-07-07 00:00:00+00:00,118.5,120.5,3332.199951171875,97.4800033569336,1402.06,67.93000030517578,4.33,120.9,120.7,119.5,3332.5,3348.0,3294.39990234375,-0.003308519437551727,-9.003715772692988e-05,120.23000000000002,119.17333333333335,60.465116279069875,121.0
2025-07-08 00:00:00+00:00,119.0,121.0,3307.0,97.51000213623048,1415.46,68.33000183105469,4.33,120.5,121.3,120.7,3332.199951171875,3331.60009765625,3336.699951171875,0.004149377593360981,-0.007562556731630865,120.38000000000002,119.25,64.58333333333344,120.6
2025-07-09 00:00:00+00:00,118.6,120.6,3311.60009765625,97.47000122070312,1431.32,68.37999725341797,4.33,121.0,120.9,120.7,3307.0,3332.5,3348.0,-0.0033057851239669533,0.0013910183417751298,120.49000000000001,119.33666666666666,61.999999999999886,120.8
2025-07-10 00:00:00+00:00,118.8,120.8,3317.39990234375,97.6500015258789,1445.64,66.56999969482422,4.33,120.6,120.5,121.3,3311.60009765625,3332.199951171875,3331.60009765625,0.0016583747927032544,0.0017513602235985637,120.57000000000001,119.41333333333334,63.461538461538375,121.0
2025-07-11 00:00:00+00:00,119.0,121.0,3356.0,97.8499984741211,1457.76,68.44999694824219,4.33,120.8,121.0,120.9,3317.39990234375,3307.0,3332.5,0.0016556291390728006,0.011635648035372315,120.7,119.49666666666667,62.745098039215634,121.0
2025-07-14 00:00:00+00:00,119.0,121.0,3351.5,98.08000183105467,1470.42,66.9800033569336,4.33,121.0,120.6,120.5,3356.0,3311.60009765625,3332.199951171875,0.0,-0.001340882002383803,120.85,119.60333333333334,65.30612244897958,121.1
2025-07-15 00:00:00+00:00,119.1,121.1,3329.800048828125,98.62000274658205,1460.65,66.5199966430664,4.33,121.0,120.8,121.0,3351.5,3317.39990234375,3307.0,0.0008264462809917106,-0.0064746982461211244,120.89000000000001,119.73333333333333,65.99999999999994,120.6
2025-07-16 00:00:00+00:00,118.6,120.6,3352.5,98.38999938964844,1475.47,66.37999725341797,4.33,121.1,121.0,120.6,3329.800048828125,3356.0,3311.60009765625,-0.004128819157720898,0.006817211495886655,120.88,119.84666666666666,55.99999999999994,120.6
2025-07-17 00:00:00+00:00,118.6,120.6,3340.10009765625,98.7300033569336,1490.01,67.54000091552734,4.33,120.6,121.0,120.8,3352.5,3351.5,3317.39990234375,0.0,-0.003698703159955241,120.80999999999999,119.94333333333333,59.57446808510628,121.0
2025-07-18 00:00:00+00:00,119.5,121.0,3353.0,98.4800033569336,1497.28,67.33999633789062,4.33,120.6,121.1,121.0,3340.10009765625,3329.800048828125,3356.0,0.0033167495854062867,0.0038621304651325072,120.81999999999998,120.04333333333332,65.30612244897958,121.5
2025-07-21 00:00:00+00:00,120.0,121.5,3401.89990234375,97.8499984741211,1485.05,67.19999694824219,4.33,121.0,120.6,121.0,3353.0,3352.5,3351.5,0.004132231404958775,0.014583925542424714,120.91999999999999,120.17,59.52380952380948,122.0
2025-07-22 00:00:00+00:00,120.0,122.0,3439.199951171875,97.38999938964844,1509.54,66.20999908447266,4.33,121.5,120.6,121.1,3401.89990234375,3340.10009765625,3329.800048828125,0.004115226337448652,0.010964475704422494,121.01999999999998,120.28666666666666,63.82978723404251,122.7
2025-07-23 00:00:00+00:00,120.7,122.7,3394.10009765625,97.20999908447266,1512.31,65.25,4.33,122.0,121.0,120.6,3439.199951171875,3353.0,3352.5,0.0057377049180327155,-0.013113472364483347,121.22999999999999,120.41666666666667,64.58333333333334,121.7
2025-07-24 00:00:00+00:00,119.7,121.7,3371.0,97.37999725341795,1521.02,66.02999877929688,4.33,122.7,121.5,120.6,3394.10009765625,3401.89990234375,3340.10009765625,-0.008149959250203787,-0.006805956510299027,121.32000000000001,120.50666666666666,57.407407407407355,121.7
2025-07-25 00:00:00+00:00,119.7,121.7,3334.0,97.6500015258789,1531.13,65.16000366210938,4.33,121.7,122.0,121.0,3371.0,3439.199951171875,3353.0,0.0,-0.010975971521803629,121.39000000000001,120.56333333333332,61.99999999999999,121.7
2025-07-28 00:00:00+00:00,119.7,121.7,3309.10009765625,98.66000366210938,1557.42,66.70999908447266,4.33,121.7,122.7,121.5,3334.0,3394.10009765625,3401.89990234375,0.0,-0.007468477007723462,121.46,120.63333333333334,57.77777777777779,121.2
2025-07-29 00:00:00+00:00,119.7,121.2,3323.39990234375,98.91000366210938,1493.41,69.20999908447266,4.33,121.7,121.7,122.0,3309.10009765625,3371.0,3439.199951171875,-0.004108463434675413,0.00432135754902907,121.47,120.68666666666667,56.52173913043487,121.5
2025-07-30 00:00:00+00:00,120.0,121.5,3295.800048828125,99.94000244140624,1507.63,70.0,4.33,121.2,121.7,122.7,3323.39990234375,3334.0,3394.10009765625,0.0024752475247524774,-0.008304704316853595,121.55999999999999,120.75,57.44680851063833,121.4
2025-07-31 00:00:00+00:00,119.9,121.4,3293.199951171875,100.02999877929688,1502.52,69.26000213623047,4.33,121.5,121.7,121.7,3295.800048828125,3309.10009765625,3371.0,-0.0008230452674896638,-0.0007889124393861691,121.64000000000001,120.81666666666666,54.34782608695658,121.4
2025-08-01 00:00:00+00:00,119.9,121.4,3347.699951171875,98.69000244140624,1495.21,67.33000183105469,4.33,121.4,121.2,121.7,3293.199951171875,3323.39990234375,3334.0,0.0,0.01654925325156964,121.68000000000002,120.88333333333334,54.34782608695658,123.3
2025-08-04 00:00:00+00:00,121.7,123.3,3374.39990234375,98.77999877929688,1528.19,66.29000091552734,4.33,121.4,121.5,121.7,3347.699951171875,3295.800048828125,3309.10009765625,0.01565074135090594,0.007975610586763882,121.86000000000001,121.00333333333334,67.18750000000004,123.8
2025-08-05 00:00:00+00:00,122.2,123.8,3381.89990234375,98.77999877929688,1547.15,65.16000366210938,4.33,123.3,121.4,121.2,3374.39990234375,3293.199951171875,3323.39990234375,0.0040551500405514584,0.00222261741851959,122.04,121.14666666666668,75.00000000000006,123.8
2025-08-06 00:00:00+00:00,122.4,123.8,3380.0,98.18000030517578,1573.71,64.3499984741211,4.33,123.8,121.4,121.5,3381.89990234375,3347.699951171875,3295.800048828125,0.0,-0.0005617855047789222,122.15,121.29,75.00000000000006,123.8
2025-08-07 00:00:00+00:00,122.4,123.8,3400.300048828125,98.4000015258789,1581.81,63.880001068115234,4.33,123.8,123.3,121.4,3380.0,3374.39990234375,3293.199951171875,0.0,0.006005931605954196,122.35999999999999,121.41666666666667,73.33333333333337,124.4
2025-08-08 00:00:00+00:00,123.2,124.4,3439.10009765625,98.18000030517578,1584.95,63.880001068115234,4.33,123.8,123.8,121.4,3400.300048828125,3381.89990234375,3347.699951171875,0.004846526655896577,0.011410772070393316,122.63,121.57333333333332,73.77049180327876,123.9
2025-08-11 00:00:00+00:00,122.7,123.9,3353.10009765625,98.5199966430664,1596.86,63.959999084472656,4.33,124.4,123.8,123.3,3439.10009765625,3380.0,3374.39990234375,-0.004019292604501623,-0.025006541699268636,122.85,121.72,65.57377049180334,123.9
2025-08-12 00:00:00+00:00,122.7,123.9,3348.89990234375,98.0999984741211,1608.22,63.16999816894531,4.33,123.9,123.8,123.8,3353.10009765625,3400.300048828125,3381.89990234375,0.0,-0.0012526304584333792,123.12,121.82666666666667,61.11111111111116,123.9
2025-08-13 00:00:00+00:00,122.7,123.9,3358.699951171875,97.83999633789062,1611.6,62.650001525878906,4.33,123.9,124.4,123.8,3348.89990234375,3439.10009765625,3380.0,0.0,0.002926348685807545,123.36000000000001,121.93333333333335,75.00000000000009,124.7
2025-08-14 00:00:00+00:00,123.7,124.7,3335.199951171875,98.25,1640.69,63.959999084472656,4.33,123.9,123.9,123.8,3358.699951171875,3353.10009765625,3400.300048828125,0.006456820016142117,-0.006996754798475169,123.69000000000001,122.04666666666667,78.84615384615391,124.5
2025-08-15 00:00:00+00:00,123.5,124.5,3336.0,97.8499984741211,1630.0,62.79999923706055,4.33,124.7,123.9,124.4,3335.199951171875,3348.89990234375,3439.10009765625,-0.001603849238171584,0.00023988031897270723,124.0,122.16666666666667,75.92592592592594,125.0
2025-08-18 00:00:00+00:00,124.0,125.0,3331.699951171875,98.16999816894533,1636.37,63.41999816894531,4.33,124.5,123.9,123.9,3336.0,3358.699951171875,3353.10009765625,0.004016064257028162,-0.0012889834616681695,124.17,122.31666666666666,85.18518518518522,125.0
2025-08-19 00:00:00+00:00,124.0,125.0,3313.39990234375,98.2699966430664,1654.2,62.34999847412109,4.33,125.0,124.7,123.9,3331.699951171875,3335.199951171875,3348.89990234375,0.0,-0.00549270615491293,124.29,122.45,84.31372549019612,124.8
2025-08-20 00:00:00+00:00,123.8,124.8,3343.39990234375,98.22000122070312,1664.36,63.209999084472656,4.33,125.0,124.5,123.9,3313.39990234375,3336.0,3358.699951171875,-0.0016000000000000458,0.009054144046657164,124.39000000000001,122.59,82.6923076923076,125.4
2025-08-21 00:00:00+00:00,124.4,125.4,3336.89990234375,98.62000274658205,1688.0,63.52000045776367,4.33,124.8,125.0,124.7,3343.39990234375,3331.699951171875,3335.199951171875,0.004807692307692291,-0.0019441287880170854,124.55,122.74333333333333,84.4827586206896,125.4
2025-08-22 00:00:00+00:00,124.4,125.4,3374.39990234375,97.72000122070312,1645.47,63.65999984741211,4.33,125.4,125.0,124.5,3336.89990234375,3313.39990234375,3336.0,0.0,0.011237975695243652,124.65,122.89,76.92307692307689,127.1
2025-08-25 00:00:00+00:00,125.6,127.1,3373.800048828125,98.43000030517578,1614.03,64.80000305175781,4.33,125.4,124.8,125.0,3374.39990234375,3343.39990234375,3331.699951171875,0.013556618819776656,-0.00017776598298513413,124.96999999999998,123.09333333333332,82.35294117647051,127.7
2025-08-26 00:00:00+00:00,125.7,127.7,3388.60009765625,98.2300033569336,1667.63,63.25,4.33,127.1,125.4,125.0,3373.800048828125,3336.89990234375,3313.39990234375,0.004720692368214152,0.00438675932596122,125.35,123.31333333333333,84.21052631578942,128.0
2025-08-27 00:00:00+00:00,126.0,128.0,3404.60009765625,98.2300033569336,1672.78,64.1500015258789,4.33,127.7,125.4,124.8,3388.60009765625,3374.39990234375,3343.39990234375,0.002349256068911565,0.004721713846100206,125.75999999999999,123.56,84.99999999999994,128.5
2025-08-28 00:00:00+00:00,127.0,128.5,3431.800048828125,97.80999755859376,1680.86,64.5999984741211,4.33,128.0,127.1,125.4,3404.60009765625,3373.800048828125,3336.89990234375,0.00390625,0.007989176523433672,126.13999999999999,123.82333333333334,84.74576271186433,129.3
2025-08-29 00:00:00+00:00,127.8,129.3,3473.699951171875,97.7699966430664,1682.21,64.01000213623047,4.33,128.5,127.7,125.4,3431.800048828125,3388.60009765625,3374.39990234375,0.006225680933852118,0.012209307578411543,126.61999999999998,124.1,93.54838709677412,129.3
2025-09-01 00:00:00+00:00,127.8,129.3,3473.699951171875,97.7699966430664,1682.21,64.01000213623047,4.22,129.3,128.0,127.1,3473.699951171875,3404.60009765625,3373.800048828125,0.0,0.0,127.05,124.36,93.54838709677412,129.3
2025-09-02 00:00:00+00:00,127.8,129.3,3549.39990234375,98.4000015258789,1682.21,65.58999633789062,4.22,129.3,128.5,127.7,3473.699951171875,3431.800048828125,3388.60009765625,0.0,0.02179231143620708,127.47999999999999,124.60333333333334,93.54838709677412,133.4
2025-09-03 00:00:00+00:00,131.9,133.4,3593.199951171875,98.13999938964844,1681.3,63.970001220703125,4.22,129.3,129.3,128.0,3549.39990234375,3473.699951171875,3404.60009765625,0.031709203402938924,0.012340127918300414,128.34,124.96,95.78947368421048,133.9
2025-09-04 00:00:00+00:00,132.4,133.9,3565.800048828125,98.3499984741211,1696.29,63.47999954223633,4.22,133.4,129.3,128.5,3593.199951171875,3473.699951171875,3431.800048828125,0.0037481259370315545,-0.007625487786955487,129.19,125.36666666666666,97.95918367346935,134.4
2025-09-05 00:00:00+00:00,132.9,134.4,3613.199951171875,97.7699966430664,1666.97,61.869998931884766,4.22,133.9,129.3,129.3,3565.800048828125,3549.39990234375,3473.699951171875,0.0037341299477222645,0.01329292211977151,130.09,125.79,97.95918367346935,135.1
2025-09-08 00:00:00+00:00,133.1,135.1,3638.10009765625,97.4499969482422,1624.53,62.2599983215332,4.22,134.4,133.4,129.3,3613.199951171875,3593.199951171875,3473.699951171875,0.005208333333333259,0.0068914388411576155,130.89000000000001,126.23666666666666,98.09523809523807,135.8
2025-09-09 00:00:00+00:00,133.8,135.8,3643.300048828125,97.79000091552734,1637.32,62.630001068115234,4.22,135.1,133.9,129.3,3638.10009765625,3565.800048828125,3549.39990234375,0.005181347150259086,0.0014293040412012292,131.7,126.72333333333334,100.0,135.3
2025-09-10 00:00:00+00:00,133.3,135.3,3643.60009765625,97.77999877929688,1643.26,63.66999816894531,4.22,135.8,134.4,133.4,3643.300048828125,3613.199951171875,3593.199951171875,-0.003681885125184081,8.235633192543723e-05,132.43,127.18333333333334,95.41284403669725,133.3
2025-09-11 00:00:00+00:00,130.3,133.3,3636.89990234375,97.54000091552734,1657.75,62.369998931884766,4.22,135.3,135.1,133.9,3643.60009765625,3638.10009765625,3565.800048828125,-0.014781966001478186,-0.001838894261971813,132.91000000000003,127.58,80.62015503875969,131.4
2025-09-12 00:00:00+00:00,128.4,131.4,3649.39990234375,97.5500030517578,1667.26,62.68999862670898,4.22,133.3,135.8,134.4,3636.89990234375,3643.300048828125,3613.199951171875,-0.014253563390847712,0.00343699313581447,133.12000000000003,127.91333333333334,66.41221374045804,131.1
2025-09-15 00:00:00+00:00,128.6,131.1,3682.199951171875,97.3000030517578,1684.9,63.29999923706055,4.22,131.4,135.3,135.1,3649.39990234375,3643.60009765625,3638.10009765625,-0.0022831050228311334,0.008987792433232666,133.3,128.17333333333335,63.28124999999994,132.3
2025-09-16 00:00:00+00:00,130.3,132.3,3688.89990234375,96.62999725341795,1680.9,64.5199966430664,4.22,131.1,133.3,135.8,3682.199951171875,3636.89990234375,3643.300048828125,0.009153318077803396,0.0018195511543968035,133.6,128.45666666666668,65.6934306569343,132.3
2025-09-17 00:00:00+00:00,130.3,132.3,3681.800048828125,96.87000274658205,1670.97,64.05000305175781,4.22,132.3,131.4,135.3,3688.89990234375,3649.39990234375,3643.60009765625,0.0,-0.0019246533393638687,133.49,128.73999999999998,64.39393939393939,132.0
2025-09-18 00:00:00+00:00,130.0,132.0,3643.699951171875,97.3499984741211,1665.18,63.56999969482422,4.22,132.3,131.1,133.3,3681.800048828125,3682.199951171875,3636.89990234375,-0.0022675736961451642,-0.010348225637178965,133.3,129.01333333333335,60.62992125984244,132.0
2025-09-19 00:00:00+00:00,130.0,132.0,3671.5,97.63999938964844,1658.62,62.68000030517578,4.22,132.0,132.3,131.4,3643.699951171875,3688.89990234375,3649.39990234375,0.0,0.007629620770278844,133.06,129.26666666666668,60.62992125984244,133.6
2025-09-22 00:00:00+00:00,131.6,133.6,3740.699951171875,97.33000183105467,1634.45,62.63999938964844,4.22,132.0,132.3,131.1,3671.5,3681.800048828125,3682.199951171875,0.012121212121211977,0.01884786903768898,132.91000000000003,129.59,65.03496503496493,135.0
2025-09-23 00:00:00+00:00,133.0,135.0,3780.60009765625,97.26000213623048,1635.26,63.40999984741211,4.22,133.6,132.0,132.3,3740.699951171875,3643.699951171875,3688.89990234375,0.010479041916167775,0.010666492101799152,132.83,129.96,56.89655172413788,135.1
2025-09-24 00:00:00+00:00,133.1,135.1,3732.10009765625,97.87000274658205,1657.46,64.98999786376953,4.22,135.0,132.0,132.3,3780.60009765625,3671.5,3681.800048828125,0.0007407407407407085,-0.012828651205417652,132.81,130.33333333333334,55.35714285714279,134.5
2025-09-25 00:00:00+00:00,132.5,134.5,3736.89990234375,98.5500030517578,1666.09,64.9800033569336,4.22,135.1,133.6,132.0,3732.10009765625,3740.699951171875,3643.699951171875,-0.004441154700221994,0.0012860868041868478,132.93,130.66,50.44247787610616,134.5
2025-09-26 00:00:00+00:00,132.5,134.5,3775.300048828125,98.1500015258789,1660.7,65.72000122070312,4.22,134.5,135.0,132.0,3736.89990234375,3780.60009765625,3671.5,0.0,0.010275936601965352,133.23999999999998,130.99333333333334,47.169811320754754,136.5
2025-09-29 00:00:00+00:00,134.5,136.5,3820.89990234375,97.91000366210938,1666.48,63.45000076293945,4.22,134.5,135.1,133.6,3775.300048828125,3732.10009765625,3740.699951171875,0.014869888475836479,0.012078471360118748,133.78,131.37666666666667,52.941176470588175,136.8
2025-09-30 00:00:00+00:00,134.8,136.8,3840.800048828125,97.7699966430664,1661.7,62.369998931884766,4.22,136.5,134.5,135.0,3820.89990234375,3736.89990234375,3780.60009765625,0.00219780219780219,0.005208235492420998,134.23000000000002,131.77,56.41025641025638,138.4
2025-10-01 00:00:00+00:00,136.4,138.4,3867.5,97.70999908447266,1665.05,61.77999877929688,4.09,136.8,134.5,135.1,3840.800048828125,3775.300048828125,3732.10009765625,0.011695906432748426,0.006951663932628138,134.83999999999997,132.22333333333333,72.56637168141583,138.0
2025-10-02 00:00:00+00:00,136.0,138.0,3839.699951171875,97.8499984741211,1652.71,60.47999954223633,4.09,138.4,136.5,134.5,3867.5,3820.89990234375,3736.89990234375,-0.0028901734104046506,-0.007188118636877849,135.44,132.64333333333335,83.67346938775493,137.8
2025-10-03 00:00:00+00:00,135.8,137.8,3880.800048828125,97.72000122070312,1645.82,60.880001068115234,4.09,138.0,136.8,134.5,3839.699951171875,3840.800048828125,3775.300048828125,-0.0014492753623187582,0.010703986816393396,136.02,133.05666666666667,84.53608247422683,140.1
2025-10-06 00:00:00+00:00,138.1,140.1,3948.5,98.11000061035156,1695.5,61.68999862670898,4.09,137.8,138.4,136.5,3880.800048828125,3867.5,3820.89990234375,0.01669085631349776,0.01744484392910639,136.67000000000002,133.49,86.11111111111109,140.6
2025-10-07 00:00:00+00:00,138.6,140.6,3976.60009765625,98.58000183105467,1685.3,61.72999954223633,4.09,140.1,138.0,136.8,3948.5,3839.699951171875,3840.800048828125,0.0035688793718773315,0.007116651299544197,137.23,133.92,86.72566371681414,142.5
2025-10-08 00:00:00+00:00,140.5,142.5,4043.300048828125,98.8499984741211,1697.83,62.54999923706055,4.09,140.6,137.8,138.4,3976.60009765625,3880.800048828125,3867.5,0.013513513513513598,0.016773110077421993,137.97,134.40333333333334,90.69767441860472,142.5
2025-10-09 00:00:00+00:00,140.5,142.5,3946.300048828125,99.54000091552734,1716.47,61.5099983215332,4.09,142.5,140.1,138.0,4043.300048828125,3948.5,3839.699951171875,0.0,-0.02399030465921359,138.77,134.87,90.69767441860472,142.2
2025-10-10 00:00:00+00:00,140.2,142.2,3975.89990234375,98.9800033569336,1747.55,58.900001525878906,4.09,142.5,140.6,137.8,3946.300048828125,3976.60009765625,3880.800048828125,-0.002105263157894832,0.007500659643053353,139.54000000000002,135.3,87.06896551724137,144.1
2025-10-13 00:00:00+00:00,142.1,144.1,4108.60009765625,99.2699966430664,1765.12,59.4900016784668,4.09,142.2,142.5,140.1,3975.89990234375,4043.300048828125,3948.5,0.013361462728551432,0.033376140891845596,140.3,135.79333333333335,87.60330578512396,146.1
2025-10-14 00:00:00+00:00,144.1,146.1,4138.7001953125,99.0500030517578,1761.06,58.70000076293945,4.09,144.1,142.5,140.6,4108.60009765625,3946.300048828125,3976.60009765625,0.013879250520471897,0.007326120075161535,141.23,136.35333333333332,89.28571428571429,148.0
2025-10-15 00:00:00+00:00,146.0,148.0,4176.89990234375,98.79000091552734,1757.95,58.27000045776367,4.09,146.1,142.2,142.5,4138.7001953125,3975.89990234375,4043.300048828125,0.013004791238877544,0.009229880210824382,142.19,136.84,94.1176470588235,149.1
2025-10-16 00:00:00+00:00,147.1,149.1,4280.2001953125,98.38999938964844,1766.85,57.459999084472656,4.09,148.0,144.1,142.5,4176.89990234375,4108.60009765625,3946.300048828125,0.007432432432432412,0.024731330743833713,143.3,137.3466666666667,94.51219512195118,153.0
2025-10-17 00:00:00+00:00,151.5,153.0,4189.89990234375,98.43000030517578,1731.19,57.540000915527344,4.09,149.1,146.1,142.2,4280.2001953125,4138.7001953125,3975.89990234375,0.026156941649899457,-0.021097212477968474,144.82,137.96666666666667,95.08196721311472,151.5
2025-10-20 00:00:00+00:00,150.5,151.5,4336.39990234375,98.58999633789062,1636.43,57.52000045776367,4.09,153.0,148.0,144.1,4189.89990234375,4176.89990234375,4108.60009765625,-0.009803921568627416,0.03496503577998378,145.95999999999998,138.51333333333335,87.69230769230766,152.5
2025-10-21 00:00:00+00:00,151.5,152.5,4087.699951171875,98.93000030517578,1663.43,57.81999969482422,4.09,151.5,149.1,146.1,4336.39990234375,4280.2001953125,4138.7001953125,0.0066006600660066805,-0.057351710352510854,147.15,139.07000000000002,87.30158730158728,148.6
2025-10-22 00:00:00+00:00,146.6,148.6,4044.39990234375,98.9000015258789,1678.5,58.5,4.09,152.5,153.0,148.0,4087.699951171875,4189.89990234375,4176.89990234375,-0.025573770491803316,-0.010592765943036375,147.76,139.51333333333332,73.66071428571426,149.5
2025-10-23 00:00:00+00:00,147.5,149.5,4125.5,98.94000244140624,1687.06,61.790000915527344,4.09,148.6,151.5,149.1,4044.39990234375,4336.39990234375,4280.2001953125,0.00605652759084796,0.02005244278866991,148.45999999999998,140.05333333333334,75.32467532467528,148.5
2025-10-24 00:00:00+00:00,146.5,148.5,4118.39990234375,98.9499969482422,1683.18,61.5,4.09,149.5,152.5,153.0,4125.5,4087.699951171875,4189.89990234375,-0.006688963210702337,-0.001721027186098678,149.08999999999997,140.62333333333333,69.26605504587154,148.4
2025-10-27 00:00:00+00:00,146.9,148.4,4001.89990234375,98.77999877929688,1652.54,61.310001373291016,4.09,148.5,148.6,151.5,4118.39990234375,4044.39990234375,4336.39990234375,-0.0006734006734006037,-0.028287685208447266,149.52,141.2,68.22429906542055,145.1
2025-10-28 00:00:00+00:00,143.1,145.1,3966.199951171875,98.69000244140624,1680.5,60.150001525878906,4.09,148.4,149.5,152.5,4001.89990234375,4125.5,4087.699951171875,-0.022237196765498735,-0.008920750654199727,149.42,141.62666666666667,55.70175438596489,148.1
2025-10-29 00:00:00+00:00,146.1,148.1,3983.699951171875,99.22000122070312,1685.83,60.47999954223633,4.09,145.1,148.5,148.6,3966.199951171875,4118.39990234375,4044.39990234375,0.020675396278428737,0.0044122838524138785,149.43,142.1533333333333,60.85271317829454,147.8
2025-10-30 00:00:00+00:00,145.8,147.8,4001.300048828125,99.52999877929688,1669.57,60.56999969482422,4.09,148.1,148.4,149.5,3983.699951171875,4001.89990234375,4125.5,-0.002025658338960068,0.00441802793181556,149.3,142.67999999999998,60.85271317829461,147.8
2025-10-31 00:00:00+00:00,145.8,147.8,3982.199951171875,99.8000030517578,1639.65,60.97999954223633,4.09,147.8,145.1,148.5,4001.300048828125,3966.199951171875,4118.39990234375,0.0,-0.004773472977074977,148.78,143.20666666666665,57.740585774058616,147.8
2025-11-01 00:00:00+00:00,145.8,147.8,3982.199951171875,99.8000030517578,1639.65,60.97999954223633,3.88,147.8,148.1,148.4,3982.199951171875,3983.699951171875,4001.89990234375,0.0,0.0,148.41,143.68,53.88127853881283,147.8
2025-11-03 00:00:00+00:00,145.8,147.8,4000.300048828125,99.87000274658205,1617.0,61.04999923706055,3.88,147.8,147.8,145.1,3982.199951171875,4001.300048828125,3966.199951171875,0.0,0.004545250835765735,147.94,144.10666666666668,49.50000000000003,148.2
2025-11-04 00:00:00+00:00,146.2,148.2,3947.699951171875,100.22000122070312,1651.98,60.560001373291016,3.88,147.8,147.8,148.1,4000.300048828125,3982.199951171875,3983.699951171875,0.0027063599458725385,-0.013149038075696118,147.9,144.54333333333335,47.668393782383404,147.5
2025-11-05 00:00:00+00:00,145.5,147.5,3980.300048828125,100.1999969482422,1654.89,59.59999847412109,3.88,148.2,147.8,147.8,3947.699951171875,3982.199951171875,4001.300048828125,-0.0047233468286098645,0.008257997836581543,147.7,144.97666666666666,32.91925465838506,148.4
2025-11-06 00:00:00+00:00,146.4,148.4,3979.89990234375,99.7300033569336,1642.64,59.43000030517578,3.88,147.5,147.8,147.8,3980.300048828125,4000.300048828125,3982.199951171875,0.006101694915254363,-0.00010053173867952125,147.69,145.44,40.0,148.4
2025-11-07 00:00:00+00:00,146.4,148.4,3999.39990234375,99.5999984741211,1599.1,59.75,3.88,148.4,148.2,147.8,3979.89990234375,3947.699951171875,3982.199951171875,0.0,0.004899620713705977,147.69,145.83666666666667,35.86206896551724,150.2
2025-11-10 00:00:00+00:00,148.2,150.2,4111.7998046875,99.62000274658205,1580.54,60.130001068115234,3.88,148.4,147.5,147.8,3999.39990234375,3980.300048828125,4000.300048828125,0.012129380053908179,0.02810419190086022,148.2,146.28333333333333,56.451612903225815,152.0
2025-11-11 00:00:00+00:00,150.0,152.0,4106.7998046875,99.45999908447266,1593.61,61.040000915527344,3.88,150.2,148.4,148.2,4111.7998046875,3979.89990234375,3947.699951171875,0.011984021304926928,-0.0012160125097286922,148.59,146.73666666666668,59.39849624060153,151.5
2025-11-12 00:00:00+00:00,149.5,151.5,4204.39990234375,99.4800033569336,1631.86,58.4900016784668,3.88,152.0,148.4,147.5,4106.7998046875,3999.39990234375,3980.300048828125,-0.003289473684210509,0.023765487069725033,148.95999999999998,147.18666666666667,61.71875000000004,154.5
2025-11-13 00:00:00+00:00,152.5,154.5,4186.89990234375,99.18000030517578,1631.44,58.68999862670898,3.88,151.5,150.2,148.4,4204.39990234375,4111.7998046875,3979.89990234375,0.01980198019801982,-0.004162306252134762,149.63000000000002,147.74333333333334,69.42675159235672,153.2
2025-11-14 00:00:00+00:00,151.2,153.2,4087.60009765625,99.2699966430664,1635.46,60.09000015258789,3.88,154.5,152.0,148.4,4186.89990234375,4106.7998046875,3999.39990234375,-0.00841423948220077,-0.02371678497303309,150.17,148.18,79.5620437956205,151.0
2025-11-17 00:00:00+00:00,149.0,151.0,4068.300048828125,99.58999633789062,1654.42,59.90999984741211,3.88,153.2,151.5,150.2,4087.60009765625,4204.39990234375,4111.7998046875,-0.014360313315926798,-0.004721608857772397,150.48999999999998,148.52666666666667,61.240310077519446,149.3
2025-11-18 00:00:00+00:00,147.3,149.3,4061.300048828125,99.5500030517578,1659.92,60.7400016784668,3.88,151.0,154.5,152.0,4068.300048828125,4186.89990234375,4106.7998046875,-0.011258278145695244,-0.0017206203859069236,150.6,148.75333333333336,55.24475524475526,151.0
2025-11-19 00:00:00+00:00,149.0,151.0,4077.699951171875,100.2300033569336,1649.0,59.43999862670898,3.88,149.3,153.2,151.5,4061.300048828125,4087.60009765625,4204.39990234375,0.011386470194239662,0.004038091780114161,150.95,149.0366666666667,60.0,150.3
2025-11-20 00:00:00+00:00,148.3,150.3,4056.5,100.16000366210938,1655.99,59.13999938964844,3.88,151.0,151.0,154.5,4077.699951171875,4068.300048828125,4186.89990234375,-0.004635761589403931,-0.005198997333235034,151.14000000000001,149.3066666666667,57.485029940119794,149.8
2025-11-21 00:00:00+00:00,147.8,149.8,4076.699951171875,100.18000030517578,1654.93,58.060001373291016,3.88,150.3,149.3,153.2,4056.5,4061.300048828125,4087.60009765625,-0.003326679973386537,0.0049796502334216175,151.28,149.49666666666664,55.81395348837212,149.8
2025-11-24 00:00:00+00:00,147.8,149.8,4091.89990234375,100.13999938964844,1667.98,58.84000015258789,3.88,149.8,151.0,151.0,4076.699951171875,4077.699951171875,4068.300048828125,0.0,0.003728493966671742,151.23999999999998,149.62,54.761904761904844,152.9
2025-11-25 00:00:00+00:00,150.9,152.9,4139.2001953125,99.66000366210938,1660.36,57.95000076293945,3.88,149.8,150.3,149.3,4091.89990234375,4056.5,4061.300048828125,0.020694259012016047,0.01155949414638835,151.33,149.78333333333336,64.06250000000004,153.4
2025-11-26 00:00:00+00:00,151.4,153.4,4165.2001953125,99.5999984741211,1680.36,58.650001525878906,3.88,152.9,149.8,151.0,4139.2001953125,4076.699951171875,4077.699951171875,0.0032701111837802888,0.006281406738781081,151.52000000000004,149.92666666666668,63.29787234042556,153.4
2025-11-27 00:00:00+00:00,151.4,153.4,4165.2001953125,99.5999984741211,1684.32,58.650001525878906,3.88,153.4,149.8,150.3,4165.2001953125,4091.89990234375,4056.5,0.0,0.0,151.41000000000003,149.94,63.29787234042556,154.2
2025-11-28 00:00:00+00:00,152.2,154.2,4218.2998046875,99.45999908447266,1690.99,58.54999923706055,3.88,153.4,152.9,149.8,4165.2001953125,4139.2001953125,4076.699951171875,0.005215123859191539,0.012748393086785548,151.51000000000002,150.03000000000003,61.2359550561798,155.2
2025-12-01 00:00:00+00:00,153.2,155.2,4239.2998046875,99.41000366210938,1701.67,59.31999969482422,3.72,154.2,153.4,149.8,4218.2998046875,4165.2001953125,4091.89990234375,0.006485084306095956,0.004978309027884764,151.93,150.12,59.41176470588235,154.5
2025-12-02 00:00:00+00:00,152.5,154.5,4186.60009765625,99.36000061035156,1717.06,58.63999938964844,3.72,155.2,153.4,152.9,4239.2998046875,4165.2001953125,4139.2001953125,-0.004510309278350388,-0.012431229084807538,152.45,150.31666666666666,58.720930232558175,154.5
2025-12-03 00:00:00+00:00,152.5,154.5,4199.2998046875,98.8499984741211,1731.77,58.95000076293945,3.72,154.5,154.2,153.4,4186.60009765625,4218.2998046875,4165.2001953125,0.0,0.0030334177459079292,152.8,150.48333333333332,50.0,153.8
2025-12-04 00:00:00+00:00,151.8,153.8,4211.7998046875,98.98999786376952,1737.24,59.66999816894531,3.72,154.5,155.2,153.4,4199.2998046875,4239.2998046875,4165.2001953125,-0.0045307443365695255,0.0029766867290701438,153.15,150.66,52.20588235294127,154.2
2025-12-05 00:00:00+00:00,152.2,154.2,4212.89990234375,98.98999786376952,1741.32,60.08000183105469,3.72,153.8,154.5,154.2,4211.7998046875,4186.60009765625,4218.2998046875,0.002600780234070177,0.0002611941942316509,153.59,150.85333333333335,63.559322033898376,154.5
2025-12-08 00:00:00+00:00,152.5,154.5,4187.2001953125,99.08999633789062,1753.74,58.880001068115234,3.72,154.2,154.5,155.2,4212.89990234375,4199.2998046875,4239.2998046875,0.0019455252918287869,-0.006100241550233032,154.06,151.16666666666666,75.00000000000014,153.7
2025-12-09 00:00:00+00:00,151.7,153.7,4206.7001953125,99.22000122070312,1747.17,58.25,3.72,154.5,153.8,154.5,4187.2001953125,4211.7998046875,4186.60009765625,-0.00517799352750814,0.004657049840088856,154.14,151.35333333333335,64.2105263157895,154.7
2025-12-10 00:00:00+00:00,152.7,154.7,4196.39990234375,98.79000091552734,1718.98,58.459999084472656,3.72,153.7,154.2,154.5,4206.7001953125,4212.89990234375,4199.2998046875,0.006506180871828304,-0.002448544581386547,154.27,151.58333333333334,72.44897959183672,154.5
2025-12-11 00:00:00+00:00,152.5,154.5,4285.5,98.3499984741211,1698.9,57.59999847412109,3.72,154.7,154.5,153.8,4196.39990234375,4187.2001953125,4211.7998046875,-0.0012928248222364713,0.021232508752677903,154.38,151.80666666666667,74.73684210526325,155.6
2025-12-12 00:00:00+00:00,153.6,155.6,4300.10009765625,98.4000015258789,1646.89,57.43999862670898,3.72,154.5,153.7,154.2,4285.5,4206.7001953125,4212.89990234375,0.007119741100323651,0.0034068597961147695,154.51999999999998,152.06666666666666,77.35849056603782,157.2
2025-12-15 00:00:00+00:00,155.2,157.2,4306.7001953125,98.1500015258789,1646.01,56.81999969482422,3.72,155.6,154.7,154.5,4300.10009765625,4196.39990234375,4187.2001953125,0.010282776349614275,0.001534870702160518,154.71999999999997,152.38000000000002,73.62637362637369,155.6
2025-12-16 00:00:00+00:00,153.6,155.6,4304.5,98.1500015258789,1679.18,55.27000045776367,3.72,157.2,154.5,153.7,4306.7001953125,4285.5,4206.7001953125,-0.010178117048346036,-0.0005108772871849077,154.82999999999998,152.62666666666664,60.78431372549021,156.2
2025-12-17 00:00:00+00:00,154.2,156.2,4347.5,98.37000274658205,1673.66,55.93999862670898,3.72,155.6,155.6,154.7,4304.5,4300.10009765625,4196.39990234375,0.00385604113110527,0.009989545824137469,154.99999999999997,152.91666666666666,62.96296296296297,156.4
2025-12-18 00:00:00+00:00,154.4,156.4,4339.5,98.43000030517578,1676.98,56.150001525878906,3.72,156.2,157.2,154.5,4347.5,4306.7001953125,4285.5,0.001280409731114096,-0.001840138010350767,155.26,153.18333333333334,60.784313725490314,156.4
2025-12-19 00:00:00+00:00,154.4,156.4,4361.39990234375,98.5999984741211,1704.31,56.65999984741211,3.72,156.4,155.6,155.6,4339.5,4304.5,4300.10009765625,0.0,0.005046641858220902,155.48,153.45,56.521739130434895,157.5
2025-12-22 00:00:00+00:00,155.5,157.5,4444.60009765625,98.29000091552734,1751.03,58.0099983215332,3.72,156.4,156.2,157.2,4361.39990234375,4347.5,4306.7001953125,0.007033248081841359,0.019076488553088078,155.78,153.6933333333333,65.62500000000006,158.0
2025-12-23 00:00:00+00:00,156.0,158.0,4449.59208984375,97.94000244140624,1772.15,58.380001068115234,3.72,157.5,156.4,155.6,4444.60009765625,4339.5,4304.5,0.0031746031746031633,0.0011231589069469194,156.21,153.89333333333332,67.32673267326739,158.0
2025-12-24 00:00:00+00:00,156.0,158.0,4449.59208984375,97.9800033569336,1782.82,58.34999847412109,3.72,158.0,156.4,156.2,4449.59208984375,4361.39990234375,4347.5,0.0,0.0,156.54000000000002,154.10999999999999,72.34042553191489,158.0
2025-12-25 00:00:00+00:00,156.0,158.0,4449.59208984375,97.9800033569336,1742.85,58.34999847412109,3.72,158.0,157.5,156.4,4449.59208984375,4444.60009765625,4339.5,0.0,0.0,156.89000000000001,154.22666666666663,71.11111111111117,158.0
2025-12-26 00:00:00+00:00,156.0,158.0,4449.59208984375,98.0199966430664,1729.8,56.7400016784668,3.72,158.0,158.0,156.4,4449.59208984375,4449.59208984375,4361.39990234375,0.0,0.0,157.13000000000002,154.38666666666666,70.11494252873567,158.0
2025-12-29 00:00:00+00:00,156.0,158.0,4325.10009765625,98.04000091552734,1754.84,58.08000183105469,3.72,158.0,158.0,157.5,4449.59208984375,4449.59208984375,4444.60009765625,0.0,-0.02797829321740619,157.21,154.61999999999998,77.21518987341787,154.7
2025-12-30 00:00:00+00:00,152.7,154.7,4370.10009765625,98.23999786376952,1766.9,57.95000076293945,3.72,158.0,158.0,158.0,4325.10009765625,4449.59208984375,4449.59208984375,-0.0208860759493672,0.010404383478751278,157.11999999999998,154.8,50.0,152.8
2025-12-31 00:00:00+00:00,150.8,152.8,4325.60009765625,98.27999877929688,1784.0391,57.41999816894531,3.72,154.7,158.0,158.0,4370.10009765625,4449.59208984375,4449.59208984375,-0.012281835811247421,-0.010182833117224455,156.78000000000003,154.85999999999999,42.8571428571429,152.8
2026-01-02 00:00:00+00:00,150.8,152.8,4314.39990234375,98.41999816894533,1784.0391,57.31999969482422,3.72,152.8,158.0,158.0,4325.60009765625,4325.10009765625,4449.59208984375,0.0,-0.0025892812695673673,156.42000000000002,154.94333333333333,37.037037037037095,157.1
2026-01-05 00:00:00+00:00,155.1,157.1,4436.89990234375,98.2699966430664,1784.0391,58.31999969482422,3.72,152.8,154.7,158.0,4314.39990234375,4370.10009765625,4449.59208984375,0.028141361256544428,0.028393288237711367,156.48999999999998,155.18666666666667,49.629629629629655,158.0
2026-01-06 00:00:00+00:00,156.0,158.0,4449.59208984375,98.58000183105467,1784.0391,57.130001068115234,3.72,157.1,152.8,158.0,4436.89990234375,4325.60009765625,4325.10009765625,0.005728835136855626,0.002860598115656199,156.54,155.46,59.37500000000003,158.0
2026-01-07 00:00:00+00:00,156.0,158.0,4449.2998046875,98.68000030517578,1784.0391,55.9900016784668,3.72,158.0,152.8,154.7,4449.59208984375,4314.39990234375,4370.10009765625,0.0,-6.56880788953984e-05,156.54,155.63,57.37704918032793,157.2
2026-01-08 00:00:00+00:00,155.2,157.2,4449.59208984375,98.93000030517578,1784.0391,57.7599983215332,3.72,158.0,157.1,152.8,4449.2998046875,4436.89990234375,4325.60009765625,-0.005063291139240533,6.569239410247896e-05,156.45999999999998,155.75666666666666,53.12499999999994,158.0
2026-01-09 00:00:00+00:00,156.0,158.0,4449.59208984375,99.12999725341795,1784.0391,59.119998931884766,3.72,157.2,158.0,152.8,4449.59208984375,4449.59208984375,4314.39990234375,0.0050890585241731845,0.0,156.45999999999998,155.91,55.88235294117645,158.0
2026-01-12 00:00:00+00:00,156.0,158.0,4449.59208984375,98.86000061035156,1784.0391,59.5,3.72,158.0,158.0,157.1,4449.59208984375,4449.2998046875,4436.89990234375,0.0,0.0,156.45999999999998,156.03666666666666,52.0,158.0
2026-01-13 00:00:00+00:00,156.0,158.0,4449.59208984375,99.12999725341795,1784.0391,61.150001525878906,3.72,158.0,157.2,158.0,4449.59208984375,4449.59208984375,4449.59208984375,0.0,0.0,156.45999999999998,156.13,50.0,158.0
2026-01-14 00:00:00+00:00,156.0,158.0,4449.59208984375,99.12999725341795,1784.0391,62.02000045776367,3.72,158.0,158.0,158.0,4449.59208984375,4449.59208984375,4449.2998046875,0.0,0.0,156.79000000000002,156.24666666666664,50.0,158.0
2026-01-15 00:00:00+00:00,156.0,158.0,4449.59208984375,99.31999969482422,1784.0391,59.18999862670898,3.72,158.0,158.0,157.2,4449.59208984375,4449.59208984375,4449.59208984375,0.0,0.0,157.31,156.36333333333332,50.0,158.0
2026-01-16 00:00:00+00:00,156.0,158.0,4449.59208984375,99.38999938964844,1784.0391,59.43999862670898,3.72,158.0,158.0,158.0,4449.59208984375,4449.59208984375,4449.59208984375,0.0,0.0,157.82999999999998,156.5033333333333,50.0,158.0
2026-01-19 00:00:00+00:00,156.0,158.0,4449.59208984375,99.38999938964844,1784.0391,59.43999862670898,3.72,158.0,158.0,158.0,4449.59208984375,4449.59208984375,4449.59208984375,0.0,0.0,157.92000000000002,156.63,50.0,158.0
2026-01-20 00:00:00+00:00,156.0,158.0,4449.59208984375,98.63999938964844,1784.0391,60.34000015258789,3.72,158.0,158.0,158.0,4449.59208984375,4449.59208984375,4449.59208984375,0.0,0.0,157.92000000000002,156.74666666666664,68.9655172413794,158.0
2026-01-21 00:00:00+00:00,156.0,158.0,4449.59208984375,98.76000213623048,1784.0391,60.619998931884766,3.72,158.0,158.0,158.0,4449.59208984375,4449.59208984375,4449.59208984375,0.0,0.0,157.92000000000002,156.89,88.23529411764692,158.0
2026-01-22 00:00:00+00:00,156.0,158.0,4449.59208984375,98.36000061035156,1784.0391,59.36000061035156,3.72,158.0,158.0,158.0,4449.59208984375,4449.59208984375,4449.59208984375,0.0,0.0,158.0,157.0,88.23529411764692,158.0
2026-01-23 00:00:00+00:00,156.0,158.0,4449.59208984375,97.5999984741211,1784.0391,61.06999969482422,3.72,158.0,158.0,158.0,4449.59208984375,4449.59208984375,4449.59208984375,0.0,0.0,158.0,157.11666666666667,67.99999999999991,158.0
2026-01-26 00:00:00+00:00,156.0,158.0,4449.59208984375,97.04000091552734,1784.0391,60.630001068115234,3.72,158.0,158.0,158.0,4449.59208984375,4449.59208984375,4449.59208984375,0.0,0.0,158.0,157.19666666666666,50.0,158.0
2026-01-27 00:00:00+00:00,156.0,158.0,4449.59208984375,96.22000122070312,1784.0391,62.38999938964844,3.72,158.0,158.0,158.0,4449.59208984375,4449.59208984375,4449.59208984375,0.0,0.0,158.0,157.22333333333333,50.0,158.0
2026-01-28 00:00:00+00:00,156.0,158.0,4449.59208984375,96.4499969482422,1784.0391,63.209999084472656,3.72,158.0,158.0,158.0,4449.59208984375,4449.59208984375,4449.59208984375,0.0,0.0,158.0,157.30333333333334,100.0,158.0
2026-01-29 00:00:00+00:00,156.0,158.0,4449.59208984375,96.27999877929688,1784.0391,65.41999816894531,3.72,158.0,158.0,158.0,4449.59208984375,4449.59208984375,4449.59208984375,0.0,0.0,158.0,157.36333333333332,100.0,158.0
